{"task": "extract_bundle_keywords", "client_id": "azure-taosolutions", "status": "Success", "result": {"bundle_topic_ids": {"0": [10, 14, 61]}, "bundle_keywords": {"0": [["> 112989-dev estimati", 9.0], ["< sd >", 9.0], ["< ed >", 9.0], ["recent simple average", 9.0], ["recent compound average", 9.0], ["auto reconcile button", 9.0], ["correct cashflows generate", 9.0], ["devexpress infiniteasyncsource prototype", 9.0], ["change make save", 8.818181818181818], ["export result excel", 8.777777777777779], ["export result csv", 8.777777777777779], ["payment holiday frequency", 8.733333333333334], ["import engine configuration", 8.724770642201834], ["grouppropertyvalue / groupmarketvalue", 8.714285714285715], ["run allocation series", 8.714285714285715], ["activate inactive ssi", 8.666666666666666], ["deactivate active ssi", 8.666666666666666], ["' discard modification", 8.596491228070175], ["pdf admin screen", 8.571428571428571], ["remove eir clr", 8.538461538461538], ["select historical curve", 8.511111111111111], ["attachment send email", 8.5], ["ignore unmatch transaction", 8.5], ["send email attachment", 8.5], ["minsum_groupcurrentbalanceandpropertyvalue return expect", 8.5], ["minsum_groupcurrentbalanceandmarketvalue return expect", 8.5], ["cutoff date provide", 8.471698113207548], ["early issue date", 8.471698113207548], ["corra rate tpp", 8.411764705882353], ["collection start-end date", 8.360587002096437], ["formula- > rmbsprogramloans", 8.333333333333334], ["partition obligors industry", 8.333333333333334], ["export select pop", 8.288888888888888], ["arrow work properly", 8.282608695652174], ["sale perform external", 8.272727272727273], ["cover bond pool", 8.270833333333334], ["processes- job scheduler", 8.264492753623188], ["run allocation template", 8.247619047619047], ["select spread curve", 8.238383838383838], ["coupon spread override", 8.171717171717171], ["basespread documentation assetenginereferenceguide", 8.142857142857142], ["mortgagehub backlog item", 8.133333333333333], ["total amt column", 8.09090909090909], ["process manual journal", 8.088807785888077], ["112587-dev work item", 8.082608695652173], ["112150-dev work item", 8.082608695652173], ["standard settlement instruction", 8.055555555555555], ["assign settlement instruction", 8.055555555555555], ["funding-formula builder- add", 8.052631578947368], ["delete journal grid", 8.05072463768116], ["journal entry delete", 8.05072463768116], ["schedule payment tab", 8.049462365591397], ["static compliance template", 8.033333333333333], ["perenna transaction file", 8.0], ["engine process manager", 7.9802450947565795], ["change make loan", 7.966329966329967], ["edit save employer", 7.96], ["rmbs settlement engine", 7.95981337724457], ["bacth select list", 7.955555555555556], ["extend period spread", 7.94949494949495], ["/ '' region", 7.928571428571429], ["column change position", 7.909090909090909], ["administration job scheduler", 7.8731884057971016], ["borrower datum grid", 7.852272727272727], ["tab left screen", 7.837557603686635], ["/ consolidation id", 7.7976190476190474], ["file successfully upload", 7.772727272727273], ["sale successfully execute", 7.772727272727273], ["file upload successfully", 7.772727272727273], ["' description '", 7.764411027568923], ["band threshold field", 7.736111111111111], ["mark field favourite", 7.736111111111111], ["perenna borrower file", 7.727272727272727], ["column datum grid", 7.715909090909091], ["s_neighbourhood size change", 7.707070707070708], ["run process engine", 7.694530809042293], ["click ' '", 7.692982456140351], ["loan search template", 7.681481481481482], ["properly filter result", 7.679245283018868], ["update ' present", 7.673414304993253], ["loan repayment frequency", 7.648148148148149], ["loan deletion file", 7.648148148148149], ["clone product type", 7.638696537678207], ["'' agricultural equipment", 7.628571428571429], ["loanasatdate formula result", 7.625748502994012], ["verify ' liabilitiesinstrument", 7.615721997300945], ["verify ' assetinstrument", 7.615721997300945], ["nha mbs administration", 7.608695652173913], ["group info tab", 7.587557603686635], ["sample screenshot description", 7.571428571428571], ["list formula configure", 7.570192947438457], ["additional information tab", 7.559879032258065], ["perenna asset file", 7.5510288065843625], ["bug asset found", 7.5510288065843625], ["bulk sale pool", 7.543560606060607], ["process job scheduler", 7.519967206177933], ["match unmatch transaction", 7.5], ["reconcile match transaction", 7.5], ["file export definition", 7.477777777777778], ["row borrower history", 7.473063973063972], ["interestdue ' formula", 7.472239731064187], ["transaction date end", 7.471698113207547], ["job definition scheduler", 7.464492753623189], ["perenna collateral file", 7.425925925925926], ["sgbm-loan transaction report", 7.42], ["engine aggregation filter", 7.404015925220702], ["validate paid-to date", 7.392750744786494], ["row ' add", 7.376395534290271], ["mortgage term amortization", 7.374226804123712], ["size change code", 7.373737373737374], ["validate toggle button", 7.349624060150376], ["rmbs funding engine", 7.340155257586449], ["mortgage selection criterion", 7.307560137457045], ["transaction date start", 7.30503144654088], ["row asset history", 7.296820052375608], ["cutoffdate formula builder", 7.287038825574657], ["header '' changement", 7.285714285714286], ["assetwainstrumentsinperiod formula test", 7.279594656840166], ["origination product filter", 7.279245283018867], ["borrower history tab", 7.26192027804931], ["settlement instruction test", 7.209401709401709], ["left additional field", 7.186111111111112], ["workaround bycollateraltype filter", 7.179245283018868], ["criterion select criterion", 7.177777777777779], ["row collateral history", 7.171717171717171], ["rate ' formula", 7.13400443694654], ["asset browser chooser", 7.11624619788871], ["asset viewer >>", 7.114520870076426], ["remove select asset", 7.100601456157012], ["instrument history tab", 7.095253611382644], ["asset type configuration", 7.08972534426257], ["clone asset type", 7.08972534426257], ["search loan ownership", 7.089324618736384], ["asset history tab", 7.085676357360946], ["update month question", 7.076923076923077], ["verify asset class", 7.070259575815131], ["source asset number", 7.0510288065843625], ["8see step detail", 7.049180327868852], ["field work properly", 7.0187198067632846], ["status show submit", 7.0], ["active instrument general", 6.999381570810142], ["mature instrument general", 6.999381570810142], ["track asset ownership", 6.992205277172598], ["validate asset object", 6.972081438163309], ["day month ''", 6.964285714285714], ["item pend approval", 6.9472868217054256], ["pool fee upload", 6.943560606060606], ["report requirement tab", 6.936129032258064], ["engine formula instrument", 6.911125205801907], ["formula fee principal", 6.859081836327345], ["table ineigibility filter", 6.855715871254161], ["pool remittance update", 6.847756410256411], ["mortgage term date", 6.845924917331259], ["month current balance", 6.833333333333334], ["asset borrower tab", 6.794430566115153], ["accept datetime formula", 6.7924151696606785], ["list sort column", 6.7853535353535355], ["user close screen", 6.772577996715928], ["cmhc pool number", 6.770833333333334], ["dev work item", 6.768655207280081], ["validate left column", 6.761961722488038], ["validate middle column", 6.761961722488038], ["add bymanufacturer filter", 6.731876861966236], ["asset filter method", 6.73027408960323], ["validate start date", 6.726084078119828], ["update product type", 6.715619614601285], ["issue date default", 6.676826318335753], ["payment date mandatory", 6.674419201642921], ["mortgage object filter", 6.653472087142579], ["link loan arrears", 6.648148148148149], ["borrower engine filter", 6.63128865249343], ["borrower information add", 6.623654306220095], ["collateral history table", 6.620915032679738], ["add asset source", 6.603660385531731], ["remove free asset", 6.589490345045901], ["/ dev estimate", 6.5336655592469555], ["filter sort '", 6.525736511089043], ["select column section", 6.49090909090909], ["asset engine filter", 6.4550447318050646], ["remittance detail section", 6.438069216757741], ["mortgage term amount", 6.421845851742759], ["formula formula builder", 6.412787328568669], ["set default require", 6.371794871794871], ["duplicate asset type", 6.3624526169898425], ["collateral engine filter", 6.3299418511466286], ["filter ' asset", 6.326765317673406], ["add remove document", 6.305378831694621], ["validate type editable", 6.293082502590488], ["modify exist update", 6.276923076923078], ["pool remittance create", 6.25920542635659], ["success failure ''", 6.214285714285714], ["step list field", 6.180555555555555], ["reportingreq_rbarmbs table populate", 6.1764705882352935], ["field additional field", 6.1722222222222225], ["update asset type", 6.166648421185647], ["asset viewer mortgage", 6.088747674200137], ["audit trace browser", 6.065217391304348], ["user select country", 6.045593869731801], ["reserve asset pool", 6.03614785420341], ["mandatory entry error", 6.034605146406388], ["asset viewer equipment", 6.02880658436214], ["information field general", 6.018636621315192], ["select edit option", 5.971111111111111], ["liabilitywainstrumentsinperiod formula test", 5.946261323506832], ["validate general section", 5.7487170306719175], ["add filter bygroupindexedcurrentltv", 5.731876861966237], ["asset sales create", 5.539400899607618], ["duplicate core column", 5.537549407114625], ["schedule payment", 5.533333333333333], ["job scheduler", 5.2644927536231885], ["coupon spread", 5.171717171717171], ["region code", 5.166666666666666], ["static datum", 5.125], ["settlement engine", 5.113659531090724], ["collection period", 5.111111111111111], ["click '", 5.0964912280701755], ["row group", 5.084415584415584], ["group info", 5.071428571428571], ["settlement instruction", 5.055555555555555], ["additional information", 5.04375], ["remove attachment", 5.038461538461538], ["rate '", 5.008255933952528], ["engine process", 4.9802450947565795], ["export definition", 4.977777777777778], ["end date", 4.971698113207547], ["transaction date", 4.971698113207547], ["run process", 4.969760166840459], ["coupon date", 4.916142557651992], ["interestdue formula", 4.875748502994012], ["settlement date", 4.860587002096436], ["payment formula", 4.859081836327345], ["' process", 4.85196568062492], ["rmbs program", 4.846153846153847], ["left column", 4.840909090909091], ["middle column", 4.840909090909091], ["eirpoolsalecashflowperiods journal", 4.833333333333334], ["mortgagehub source", 4.833333333333334], ["change occur", 4.818181818181818], ["duplicate template", 4.806060606060607], ["execute sale", 4.772727272727273], ["left empty", 4.75], ["borrower history", 4.745791245791246], ["borrower tab", 4.743401759530792], ["basespread '", 4.739348370927319], ["top row", 4.727272727272727], ["trust engine", 4.724770642201834], ["sponsor engine", 4.724770642201834], ["mandate engine", 4.724770642201834], ["' formula", 4.722239731064187], ["current period", 4.722222222222222], ["list pool", 4.715277777777779], ["modify ssi", 4.666666666666666], ["close window", 4.666666666666666], ["loan select", 4.65925925925926], ["select loan", 4.65925925925926], ["fee process", 4.655474452554744], ["loan repayment", 4.648148148148149], ["loan file", 4.648148148148149], ["loan link", 4.648148148148149], ["product type", 4.638696537678207], ["formula select", 4.6368596141051235], ["loanasatdate formula", 4.625748502994012], ["minsum_groupcurrentbalanceandpropertyvalue formula", 4.625748502994012], ["minsum_groupcurrentbalanceandmarketvalue formula", 4.625748502994012], ["verify '", 4.615721997300945], ["item approval", 4.6139534883720925], ["column select", 4.602020202020202], ["loansasatdate '", 4.5964912280701755], ["toggle set", 4.595238095238095], ["remove asset", 4.589490345045901], ["instrument history", 4.57912457912458], ["setup screen", 4.571428571428571], ["asset history", 4.569547325102881], ["field nullable mandatory", 4.562641723356009], ["select asset", 4.562139917695474], ["asset found", 4.5510288065843625], ["job definition", 4.547826086956523], ["transaction amount", 4.5476190476190474], ["transaction type", 4.538696537678208], ["lock template", 4.533333333333333], ["unlock template", 4.533333333333333], ["tab top", 4.516129032258064], ["customer transaction", 4.5], ["populate number", 4.5], ["overidden number", 4.5], ["deal administration", 4.49505928853755], ["funding engine", 4.494001411432604], ["112572 dev item", 4.486046511627907], ["select mortgage", 4.4853379152348225], ["mortgage number", 4.474226804123711], ["post date", 4.471698113207547], ["maturity date", 4.471698113207547], ["certification date", 4.471698113207547], ["ia date", 4.471698113207547], ["ownership tab", 4.4573055028463], ["general tab", 4.454904542462146], ["column group", 4.448051948051948], ["list session", 4.444444444444445], ["collateral tab", 4.4420549581839905], ["collateral file", 4.425925925925926], ["report requirement", 4.42], ["loan pool", 4.418981481481482], ["delete exist", 4.417391304347826], ["fee matrix", 4.4], ["defer fee", 4.4], ["duplicate formula", 4.398475775721285], ["group type", 4.395839394821065], ["principal amount", 4.380952380952381], ["mortgage term", 4.374226804123712], ["arrears information", 4.34375], ["insurance information", 4.34375], ["delete formula", 4.343139807341839], ["column sort", 4.340909090909091], ["single criterion", 4.333333333333334], ["pcpal balance", 4.333333333333334], ["byinternalborrowerid partition", 4.333333333333334], ["field '", 4.332602339181287], ["add pool", 4.323464912280702], ["description field", 4.307539682539683], ["process type", 4.294170990232952], ["engine error", 4.289988033506183], ["formula builder", 4.2870388255746565], ["formula test", 4.279594656840166], ["error ''", 4.279503105590062], ["calculate sale", 4.272727272727273], ["warehouse pool", 4.270833333333334], ["non-freeze pool", 4.270833333333334], ["pool cashflow", 4.270833333333334], ["mbs pool", 4.270833333333334], ["party pool", 4.270833333333334], ["exchangeratetype '", 4.2631578947368425], ["day month", 4.25], ["select field", 4.247222222222222], ["toggle approval", 4.2425249169435215], ["attachment field", 4.236111111111111], ["document tab", 4.2304147465437785], ["part period", 4.222222222222222], ["past period", 4.222222222222222], ["previously delete", 4.217391304347826], ["loan browser", 4.2133655394524965], ["loanstorecommitment table", 4.1764705882352935], ["poolassets table", 4.1764705882352935], ["source system", 4.166666666666667], ["manually set", 4.166666666666666], ["tooltips test", 4.153846153846153], ["mortgageassets table", 4.150829562594268], ["loan cashflow", 4.148148148148149], ["loan cf", 4.148148148148149], ["loan searchsets", 4.148148148148149], ["loan investor 100", 4.148148148148149], ["loan investor", 4.148148148148149], ["program loan", 4.148148148148149], ["pend approval", 4.147286821705427], ["asset id", 4.1343621399176955], ["update asset", 4.127951883507439], ["servicingbalance formula", 4.125748502994012], ["accruedinterest formula", 4.125748502994012], ["ytdamount formula", 4.125748502994012], ["max_groupcurrentltv formula", 4.125748502994012], ["avg_groupcurrentltv formula", 4.125748502994012], ["wa_groupcurrentltv formula", 4.125748502994012], ["groupnumberofproperty formula", 4.125748502994012], ["groupcount formula", 4.125748502994012], ["max_groupcurrentbalance formula", 4.125748502994012], ["wa_interest formula", 4.125748502994012], ["preciseremainingterm formula", 4.125748502994012], ["wa_preciseremainingterm formula", 4.125748502994012], ["season formula", 4.125748502994012], ["termmaturity formula", 4.125748502994012], ["appraisalvalue formula", 4.125748502994012], ["marketvalue formula", 4.125748502994012], ["originalltv formula", 4.125748502994012], ["min_originalltv formula", 4.125748502994012], ["max_originalltv formula", 4.125748502994012], ["min_currentltv formula", 4.125748502994012], ["max_currentltv formula", 4.125748502994012], ["min_indexedauthorizedltv formula", 4.125748502994012], ["max_indexedauthorizedltv formula", 4.125748502994012], ["max_indexedcurrentltv formula", 4.125748502994012], ["rmbsprogramloan formula", 4.125748502994012], ["assetcount formula", 4.125748502994012], ["count formula", 4.125748502994012], ["baseamount formula", 4.125748502994012], ["avg_currentltv formula", 4.125748502994012], ["wahomeloanrate formula", 4.125748502994012], ["asset browser", 4.11624619788871], ["140719 asset browser", 4.11624619788871], ["asset viewer", 4.114520870076426], ["cmb administration", 4.108695652173913], ["column \u2019", 4.090909090909091], ["m_collectedpayoutprincipal column", 4.090909090909091], ["m_collectedpayoutinterest column", 4.090909090909091], ["m_collectedwriteoffprincipal column", 4.090909090909091], ["m_capitalizedlegalfees column", 4.090909090909091], ["asset type", 4.08972534426257], ["securehub id", 4.083333333333334], ["insurance id", 4.083333333333334], ["update record", 4.076923076923077], ["update overlap", 4.076923076923077], ["field editable", 4.069444444444445], ["variable instrument", 4.0606060606060606], ["isin instrument", 4.0606060606060606], ["add logic", 4.052631578947368], ["add overlap", 4.052631578947368], ["securitiescount 110665 asset", 4.0510288065843625], ["asset priority", 4.0510288065843625], ["asset viewer-validate", 4.0510288065843625], ["asset viewer-borrower-general", 4.0510288065843625], ["step detail", 4.049180327868852], ["base amount", 4.0476190476190474], ["interest amount", 4.0476190476190474], ["tax amount", 4.0476190476190474], ["user select", 4.045593869731801], ["insurance type", 4.038696537678208], ["mortgage viewer", 4.037718867615775], ["currentbalance formula", 4.025748502994012], ["mortgage asset", 4.025255610708074], ["funding process", 4.0247052217855135], ["verify getswapvalue", 4.019230769230769], ["validate column", 4.011961722488039], ["edit asset", 4.011028806584362], ["rename fetch_ass", 4.0], ["bastien escaich", 4.0], ["papus koulibaly", 4.0], ["james zhu", 4.0], ["ariel gonzalez", 4.0], ["ui portion", 4.0], ["legaldescription length", 4.0], ["ba activity", 4.0], ["account matrix", 4.0], ["multiple criterion", 4.0], ["rfr methodology", 4.0], ["enforce format", 4.0], ["mockup reference", 4.0], ["shift key", 4.0], ["rfr module", 4.0], ["max length 100", 4.0], ["max length 255", 4.0], ["display correspondent", 4.0], ["newly construct", 4.0], ["owner occupy", 4.0], ["currentltv fromula", 4.0], ["malena bermudez", 4.0], ["m_paymentamount populate", 4.0], ["intake amort", 4.0], ["tool tip", 4.0], ["window populate", 4.0], ["essential permission", 4.0], ["lacap tangerine", 4.0], ["string length", 4.0], ["month year", 4.0], ["i_transactiontype = 524288", 4.0], ["i_transactiontype = 8192", 4.0], ["i_transactiontype = 8388610", 4.0], ["execution level", 4.0], ["minor gain", 4.0], ["joby james", 4.0], ["2 decimal point", 4.0], ["db null", 4.0], ["introduce assetcollaterals", 4.0], ["chanakyudu ravuri", 4.0], ["enhancement opti-pool", 4.0], ["susel valdes", 4.0], ["instrument general", 3.999381570810142], ["verify mortgageassets", 3.9935897435897436], ["create file", 3.988372093023256], ["verify mortgageassetsasatdate", 3.9757525083612038], ["mortgage limit", 3.9742268041237114], ["dev work", 3.968655207280081], ["equipment asset", 3.965314520870076], ["full ownership", 3.9411764705882355], ["general ui", 3.9387755102040813], ["field exist", 3.9361111111111113], ["formula liabilityinstrument", 3.9257485029940122], ["validate redraw", 3.9210526315789473], ["report body", 3.92], ["rba report", 3.92], ["boe report", 3.92], ["field table", 3.912581699346405], ["validate mortgageassets", 3.895411605937922], ["size logic", 3.888888888888889], ["deal management", 3.8863636363636367], ["cp deal", 3.8863636363636367], ["exist filter", 3.879245283018868], ["dev test", 3.8398926654740606], ["date nullable", 3.8288409703504045], ["dev estimate", 3.81937984496124], ["99345 dev estimate", 3.81937984496124], ["112708 dev estimate", 3.81937984496124], ["112095 dev estimate", 3.81937984496124], ["dev estimate 113579", 3.81937984496124], ["dev estimate 121546", 3.81937984496124], ["verify liabilityinstrument", 3.819230769230769], ["approval request", 3.8139534883720927], ["validate 7 section", 3.809941520467836], ["exchangeratetype formula", 3.7924151696606785], ["column filter", 3.7701543739279586], ["reserve asset", 3.765314520870076], ["document type", 3.752982251963922], ["field changeable", 3.736111111111111], ["field scale 5", 3.736111111111111], ["filter asset", 3.7302740896032303], ["filter type", 3.7179418206970754], ["dev time", 3.6860465116279073], ["dev estimate-", 3.6860465116279073], ["dev investigation", 3.6860465116279073], ["dev etimate", 3.6860465116279073], ["filter apply", 3.6792452830188678], ["system setup", 3.666666666666667], ["column header", 3.662337662337662], ["filter mortgageassetsasatdate", 3.635767022149303], ["field section", 3.625], ["user add", 3.5871143375680585], ["specific error", 3.5652173913043477], ["user account", 3.5344827586206895], ["loanstore table", 3.5098039215686274], ["increase mortgageassetcollaterals", 3.5], ["fixe mortgageassetsownedincollectionperiod", 3.5], ["success failure", 3.5], ["legal action", 3.5], ["disappear favorite", 3.5], ["workflow-alternate workflow", 3.5], ["2 category favorite", 3.5], ["report header", 3.491428571428571], ["initial 2824 create", 3.488372093023256], ["validate user", 3.4555353901996373], ["entity group", 3.4340659340659343], ["metro finance", 3.4], ["wnzl environment", 3.4], ["wnzl environ", 3.4], ["set default", 3.3717948717948714], ["2 decimal place", 3.333333333333333], ["city province", 3.2666666666666666], ["validate market", 3.254385964912281], ["create field", 3.224483204134367], ["field mandatory", 3.2054988662131523], ["bytransactiontype mortgageassetsownedincollectionperiod", 3.2], ["show blank", 3.0769230769230766], ["cmb cmb", 3.0], ["filter debttype", 2.8459119496855347], ["engine", 2.7247706422018347], ["142127 / 142164", 2.7142857142857144], ["validation maximum", 2.666666666666667], ["screen", 2.5714285714285716], ["nullable default 0", 2.562271062271062], ["template", 2.533333333333333], ["tab", 2.5161290322580645], ["region", 2.5], ["file", 2.5], ["remittance", 2.5], ["static", 2.5], ["transaction", 2.5], ["bycollateraltype", 2.5], ["date", 2.4716981132075473], ["rate", 2.411764705882353], ["term", 2.4], ["settlement", 2.388888888888889], ["job", 2.347826086956522], ["start", 2.3333333333333335], ["rmbsprogramloans", 2.3333333333333335], ["sale", 2.272727272727273], ["upload", 2.272727272727273], ["pool", 2.2708333333333335], ["process", 2.2554744525547443], ["sort", 2.25], ["borrower", 2.227272727272727], ["delete", 2.217391304347826], ["definition", 2.2], ["table", 2.176470588235294], ["loan", 2.1481481481481484], ["loan 100", 2.1481481481481484], ["formula", 2.125748502994012], ["column", 2.090909090909091], ["update", 2.076923076923077], ["instrument", 2.0606060606060606], ["add", 2.0526315789473686], ["110664 asset", 2.051028806584362], ["asset", 2.051028806584362], ["detail", 2.0491803278688523], ["amount", 2.0476190476190474], ["verify", 2.019230769230769], ["reportingreq_rbarmbs", 2.0], ["sales", 2.0], ["arrears", 2.0], ["12 month", 2.0], ["country", 2.0], ["mbs", 2.0], ["status", 2.0], ["match", 2.0], ["populate", 2.0], ["cmhc 2824", 2.0], ["free", 2.0], ["trace", 2.0], ["month", 2.0], ["audit", 2.0], ["show", 2.0], ["modify", 2.0], ["screenshot", 2.0], ["step", 2.0], ["bygroupindexedcurrentltv", 2.0], ["mortgageassets", 1.9743589743589745], ["mortgage", 1.9742268041237114], ["edit", 1.96], ["mortgageassetsasatdate", 1.9565217391304348], ["ownership", 1.9411764705882353], ["general", 1.9387755102040816], ["collateral", 1.9259259259259258], ["validate", 1.9210526315789473], ["report", 1.92], ["equipment", 1.9142857142857144], ["currentbalance", 1.9], ["section", 1.8888888888888888], ["size", 1.8888888888888888], ["deal", 1.8863636363636365], ["approval", 1.813953488372093], ["liabilityinstrument", 1.8], ["funding", 1.7692307692307692], ["failure", 1.75], ["success", 1.75], ["field", 1.7361111111111112], ["document", 1.7142857142857142], ["reserve", 1.7142857142857142], ["dev", 1.686046511627907], ["filter", 1.679245283018868], ["system", 1.6666666666666667], ["liabilitywainstrumentsinperiod", 1.6666666666666667], ["accept", 1.6666666666666667], ["exchangeratetype", 1.6666666666666667], ["multiple", 1.6666666666666667], ["header", 1.5714285714285714], ["error", 1.565217391304348], ["user", 1.5344827586206897], ["mortgageassetcollaterals", 1.5], ["cmb", 1.5], ["favorite", 1.5], ["validation", 1.5], ["workflow", 1.5], ["option", 1.5], ["action", 1.5], ["fixe", 1.5], ["create", 1.4883720930232558], ["mandatory", 1.469387755102041], ["wnzl", 1.4], ["finance", 1.4], ["nullable", 1.3571428571428572], ["market", 1.3333333333333333], ["loanstore", 1.3333333333333333], ["place", 1.3333333333333333], ["province", 1.2666666666666666], ["default", 1.205128205128205], ["default 0", 1.205128205128205], ["bytransactiontype", 1.2], ["core", 1.173913043478261], ["maximum", 1.1666666666666667], ["debttype", 1.1666666666666667], ["blank", 1.0769230769230769], ["entity", 1.0769230769230769], ["obligorcount", 1.0], ["fix", 1.0], ["ast", 1.0], ["accounting", 1.0], ["rbccm", 1.0], ["pbi 112185", 1.0], ["3 digit", 1.0], ["xml", 1.0], ["build 3", 1.0], ["performance", 1.0], ["permit", 1.0], ["eqt", 1.0], ["tsx", 1.0], ["zealand", 1.0], ["assetwainstrument", 1.0], ["bynotesery", 1.0], ["bynoteclass", 1.0], ["liabilitywainstrument", 1.0], ["fulltc", 1.0], ["project", 1.0], ["unique", 1.0], ["dbo", 1.0], ["reportingreq_sprmbs", 1.0], ["cancel", 1.0], ["selectable", 1.0], ["assetlinks", 1.0], ["assetborrowers", 1.0], ["percent", 1.0], ["primary", 1.0], ["minimum", 1.0], ["undo", 1.0], ["$999", 1.0], ["previous", 1.0], ["today", 1.0], ["bycollateralprovince", 1.0], ["aus_nsw", 1.0], ["applicable", 1.0], ["getexchangeratevalue", 1.0], ["exchangerateeffectivedate", 1.0], ["22r1", 1.0], ["mcap", 1.0], ["assetslinks", 1.0], ["m_groupmarketvalue", 1.0], ["d_groupmarketvaluedate", 1.0], ["minsum_groupcurrentbalanceand", 1.0], ["parameter", 1.0], ["datasource", 1.0], ["insurer", 1.0], ["green", 1.0], ["conformation", 1.0], ["confirmation", 1.0], ["drop", 1.0], ["form", 1.0], ["finalize", 1.0], ["remain", 1.0], ["address", 1.0], ["final 2824", 1.0], ["low", 1.0], ["pei", 1.0], ["face", 1.0], ["floor", 1.0], ["i_occupancytype", 1.0], ["payout", 1.0], ["writeoff", 1.0], ["mqcc", 1.0], ["liability", 1.0], ["bydebttype", 1.0], ["notional", 1.0], ["rmbsloans", 1.0], ["byoriginationdate", 1.0], ["anotherdateformula", 1.0], ["amp", 1.0], ["bymortgageassettype", 1.0], ["interestonly", 1.0], ["collectionenddate", 1.0], ["excludingmortgageassettype", 1.0], ["byindexedcurrentltv", 1.0], ["nulldecimal", 1.0], ["excludingindexedcurrentltv", 1.0], ["bypreciseremainingterm", 1.0], ["excludingpreciseremainingterm", 1.0], ["excludinggroupindexedcurrentltv", 1.0], ["txtype", 1.0], ["dischargefee", 1.0], ["currentterm", 1.0], ["excludinggroupnumberofsecurity", 1.0], ["byfundingstatus", 1.0], ["fundingstatus", 1.0], ["fund", 1.0], ["byextendedproperty", 1.0], ["exp_asset_loanaccountstatus", 1.0], ["bygroupnumberofsecurity", 1.0], ["determinationdate", 1.0], ["bygroupcurrentbalance", 1.0], ["bymortgageloanpurpose", 1.0], ["mortgageloanpurpose", 1.0], ["owneroccupied", 1.0], ["swaptype", 1.0], ["basis", 1.0], ["collectionstartdate", 1.0], ["collectionsenddate", 1.0], ["linkeddealmortgageassets", 1.0], ["linkeddealmortgageassetsasatdate", 1.0], ["i_ioremainingterm", 1.0], ["i_fxremainingterm", 1.0], ["assetsasatdate", 1.0], ["fullmortgageassethistory", 1.0], ["true", 1.0], ["linc3tmr 5947", 1.0], ["m003", 1.0], ["linc3tmr 5933", 1.0], ["datatype", 1.0], ["money", 1.0], ["boolean", 1.0], ["#2017-01-31", 1.0], ["speed 1 3", 1.0], ["nzl_", 1.0], ["interestrateswap", 1.0], ["interestbearing", 1.0], ["byinstrument", 1.0], ["instrumrnt", 1.0], ["partialownership", 1.0], ["port", 1.0], ["23r1", 1.0], ["view", 1.0], ["manufacturer", 1.0], ["n_ageatorigination", 1.0], ["function", 1.0], ["byenddate", 1.0], ["obligorloancount", 1.0], ["byobligorwithtotalbalance", 1.0], ["22r13", 1.0], ["join", 1.0], ["grouping", 1.0], ["110475", 0], ["109038", 0], ["107820", 0], ["55829", 0], ["112723", 0], ["112874", 0], ["113171", 0], ["113332", 0], ["3 4", 0], ["113534", 0], ["114036", 0], ["114040", 0], ["0004", 0], ["8306", 0], ["0000000000", 0], ["999", 0], ["9999999999", 0], ["000000000000000", 0], ["999999999999999", 0], ["2147483647", 0], ["2147483648", 0], ["121253", 0], ["100", 0], ["500", 0], ["2834", 0], ["500000", 0], ["5946", 0], ["5945", 0], ["141833", 0], ["115069", 0], ["2023", 0]]}}}