{"task": "extract_bundle_keywords", "client_id": "azure-taosolutions", "status": "Success", "result": {"bundle_topic_ids": {"0": [8, 37, 42, 57, 60]}, "bundle_keywords": {"0": [["yield premium discount", 9.0], ["cds eligible change", 9.0], ["boc eligible change", 9.0], ["seller link un-link", 9.0], ["repurchase prior securitization", 9.0], ["miss reference pbis", 9.0], ["nha mbs construction", 9.0], ["pdf admin screen", 8.75], ["nha mbs administration", 8.719298245614034], ["nha mba administration", 8.719298245614034], ["search result load", 8.710526315789474], ["search panel top", 8.710526315789474], ["reload button functional", 8.666666666666666], ["settle button activate", 8.666666666666666], ["subject line email", 8.625], ["cusip certification date", 8.6], ["click red cross", 8.529411764705882], ["external journal source", 8.523809523809524], ["corra mbs sell", 8.444444444444445], ["generation set manual", 8.438095238095238], ["pattern file extension", 8.4375], ["edit recors change", 8.428571428571429], ["reasonable amount time", 8.419354838709678], ["amount format money", 8.419354838709678], ["main entry drill", 8.333333333333334], ["project remain term", 8.333333333333332], ["formula- > weightedaverage", 8.333333333333332], ["dev work item", 8.318181818181818], ["cmhc number exist", 8.31048951048951], ["show link associate", 8.310344827586206], ["engine rate source", 8.309523809523808], ["delete multiple instrument", 8.266666666666666], ["trust drop option", 8.266666666666666], ["mqcc loan property", 8.26086956521739], ["loan property owner-occupy", 8.26086956521739], ["mqcc loan borrower", 8.26086956521739], ["engine process manager", 8.255469755469756], ["interest bearing instrument", 8.244444444444444], ["associate search set", 8.243859649122808], ["change password current", 8.235294117647058], ["chttype impp2020 choose", 8.23076923076923], ["process manual journal", 8.207850707850708], ["button ' mark", 8.177192982456141], ["boc qualify rate", 8.166666666666668], ["b20 qualify rate", 8.166666666666668], ["exchange rate source", 8.166666666666666], ["< project balance", 8.166666666666666], ["viewer option refresh", 8.166666666666666], ["bulk insurance cgreponse", 8.166666666666666], ["upload poolfeeupload_ file", 8.151785714285715], ["cmhc approve change", 8.133333333333333], ["column change position", 8.123456790123457], ["journal trigger remittance", 8.107142857142858], ["file compression option", 8.104166666666666], ["accounting instrument template", 8.083333333333334], ["asset viewer >>", 8.068965517241379], ["reflect main form", 8.066666666666666], ["mqcc loan general", 8.060869565217391], ["map deal disbursement", 8.024390243902438], ["' search box", 8.021052631578948], ["' choose list", 8.004643962848299], ["document custodian dropdown", 8.0], ["administration job scheduler", 7.991328896955031], ["administration holiday calendar", 7.969298245614035], ["invalid address information", 7.966666666666667], ["additional field yield", 7.9411764705882355], ["tooltip describe issue", 7.933333333333334], ["associate accounting entity", 7.931818181818182], ["multiple search set", 7.910526315789474], ["selection favourite criterion", 7.909090909090909], ["system setup-system date", 7.856410256410257], ["year system date", 7.856410256410257], ["process definition drop", 7.853353353353354], ["override box visible", 7.85], ["override box uncheck", 7.85], ["screen remains open", 7.845238095238095], ["file export definition", 7.844907407407407], ["mincouponspread compliance template", 7.833333333333334], ["active mbs pool", 7.798701298701299], ["general workflow respect", 7.789795918367346], ["session run successfully", 7.785714285714286], ["update button disable", 7.76078431372549], ["top corner screen", 7.75], ["email setup complete", 7.725], ["process job scheduler", 7.717976597286942], ["settlement date settle", 7.690909090909091], ["toggle button revert", 7.666666666666666], ["refresh button enable", 7.666666666666666], ["pend approval entry", 7.666666666666666], ["existent delete pool", 7.648701298701298], ["mortgage viewer-mortgage history", 7.636363636363637], ["status issue date", 7.628571428571428], ["mandatory editable show", 7.610344827586207], ["override box check", 7.6], ["engine process template", 7.58880308880309], ["' submit '", 7.587719298245615], ["screen return normal", 7.583333333333334], ["reverse copy disable", 7.55], ["tranche pool belong", 7.548701298701299], ["cutoff date field", 7.541176470588235], ["correct process definition", 7.52002002002002], ["pend approval entity", 7.515151515151515], ["file import management", 7.5125], ["logic tx type", 7.5], ["unsettle fee settle", 7.492753623188406], ["save work properly", 7.4787878787878785], ["update entity user1", 7.475935828877005], ["cutoffdate formula builder", 7.444444444444445], ["update properly click", 7.423529411764706], ["rmbs settlement engine", 7.4004329004329], ["loan estimate sale", 7.3942028985507235], ["status = current", 7.378151260504201], ["purge-new / edit", 7.361904761904762], ["compress editable add", 7.358823529411764], ["system setup setting", 7.356410256410257], ["session add list", 7.352941176470588], ["ui dev task", 7.352664576802508], ["save button disable", 7.345454545454545], ["formula- > order", 7.333333333333333], ["loan pool priority", 7.30957086391869], ["error message tool-tip", 7.309343434343434], ["enforce user login", 7.290243902439024], ["ownership tab click", 7.248064844014699], ["cht price tab", 7.243243243243244], ["define fee screen", 7.242753623188406], ["inherit fee screen", 7.242753623188406], ["closing current window", 7.235294117647059], ["change pool secure", 7.225171886936593], ["secure subsequent pool", 7.225171886936592], ["settle action click", 7.196078431372549], ["current price field", 7.176470588235294], ["impp2020 field behave", 7.171945701357466], ["assetborrowers click update", 7.1568627450980395], ["cmbs belong series", 7.156862745098039], ["entity additional field", 7.122994652406417], ["essential cmls addition", 7.1], ["run report loanstore", 7.090062111801243], ["pool ownership assign", 7.084111134766873], ["compliance pool validate", 7.048701298701299], ["user close screen", 7.040243902439024], ["job grid sort", 7.035748792270532], ["workflow-ready secure tab", 7.019713831478537], ["description editable time", 7.014285714285714], ["process impp2020 accrual", 7.010048510048511], ["tranche fee expand", 6.992753623188406], ["cmb administration list", 6.979517587588113], ["dirty price show", 6.977011494252874], ["form / report", 6.971014492753623], ["attach file template", 6.970833333333333], ["transfer advice upload", 6.964285714285714], ["recon type field", 6.9411764705882355], ["job grid filter", 6.938562091503268], ["save search template", 6.922647527910687], ["validation error detect", 6.920454545454545], ["ready secure tab", 6.919713831478537], ["cmb administration impp2020", 6.91616917129852], ["record time grid", 6.903703703703704], ["manual input fee", 6.897515527950311], ["show criterion button", 6.8861024033437825], ["change pool mature", 6.882034632034632], ["grouping option grid", 6.866666666666666], ["bulk sale pool", 6.8487012987012985], ["change cmb save", 6.844889573703133], ["select ownership tab", 6.839865200520938], ["cusip original series", 6.833333333333334], ["loan sale status", 6.822774327122152], ["list sort column", 6.808878785008368], ["update tax user1", 6.794117647058823], ["user enter totally", 6.790243902439024], ["' pool type", 6.759227614490772], ["mortgage term amount", 6.722385141739981], ["grid sort column", 6.714761137949544], ["list filter column", 6.711692084241104], ["mortgage pool ineligible", 6.685064935064935], ["calculate fee number", 6.685061315496098], ["pool secure process", 6.671117832882539], ["report dev task", 6.657012402889465], ["'' show ''", 6.649327878433665], ["fee amount =", 6.626394176183798], ["grid filter column", 6.617574437182281], ["unsettle fee select", 6.613965744400527], ["selection user list", 6.584361549497848], ["user execute cf", 6.540243902439024], ["user refresh screen", 6.540243902439024], ["create compliance validate", 6.529411764705882], ["form select list", 6.481996434937611], ["user open screen", 6.468815331010453], ["section regular form", 6.416666666666666], ["cht owner select", 6.371212121212121], ["entity type ''", 6.35130970724191], ["display administrator field", 6.341176470588236], ["user un-secure pool", 6.338945201140323], ["group select email", 6.246212121212121], ["active user role", 6.240243902439024], ["' attachment tab", 6.1537695590327175], ["error '' pool", 6.138647369579573], ["editable show fee", 6.103098450774613], ["run pool remittance", 6.084415584415584], ["error '' error", 6.01040061633282], ["user delete form", 5.956910569105691], ["list group column", 5.91757443718228], ["mail setup user", 5.890243902439024], ["user enter pool", 5.838945201140323], ["manual journal", 5.761904761904762], ["impp2020 finalize impp2020", 5.686538461538461], ["user print form", 5.6069105691056915], ["exchange rate", 5.5], ["cmhc number", 5.492307692307692], ["party pool issuer", 5.411338661338662], ["' button", 5.37719298245614], ["pend approval", 5.333333333333333], ["formula- >", 5.333333333333333], ["holiday set", 5.283333333333333], ["job scheduler", 5.272030651340996], ["interest bearing", 5.2444444444444445], ["search set", 5.2438596491228076], ["open screen", 5.178571428571429], ["bulk insurance", 5.166666666666666], ["exist template", 5.151515151515152], ["user download form", 5.1069105691056915], ["enter date", 5.1], ["impp2020 journal", 5.087912087912088], ["amount remains", 5.086021505376344], ["check editable", 5.05], ["general tab", 5.043243243243243], ["ownership assign", 5.035409836065574], ["/ open", 5.0285714285714285], ["mark submit", 4.966666666666667], ["cmhc 2824 submit", 4.966666666666667], ["accounting entity", 4.931818181818182], ["loan source", 4.927536231884058], ["job process", 4.89039039039039], ["system date", 4.856410256410257], ["job definition", 4.851851851851852], ["print delete", 4.85], ["'' multiple", 4.836158192090395], ["' column", 4.833983105912931], ["' select", 4.831738437001595], ["search setup", 4.810526315789474], ["account address", 4.8], ["workflow-ready secure", 4.776470588235294], ["screen divide", 4.75], ["pool number", 4.741008991008991], ["add button", 4.725490196078431], ["b_delete = 0", 4.714285714285714], ["upload read", 4.714285714285714], ["process remittance", 4.695945945945946], ["cmb administration", 4.685399940529289], ["term curve", 4.666666666666666], ["remove button", 4.666666666666666], ["invalid province", 4.666666666666666], ["correct reprocess", 4.666666666666666], ["status current", 4.663865546218487], ["report template", 4.63768115942029], ["editable show", 4.610344827586207], ["focus box", 4.6], ["date curve", 4.6], ["view /", 4.6], ["mail setup", 4.6], ["process sale", 4.579279279279279], ["click pool", 4.578113063407181], ["input form", 4.566666666666666], ["impp2020 accrual", 4.564102564102564], ["list loan", 4.554987212276215], ["tab show", 4.55358807082945], ["copy disable", 4.55], ["editable section", 4.55], ["enter pool", 4.548701298701299], ["pool balance", 4.548701298701299], ["delete field", 4.541176470588235], ["column sort", 4.514761137949543], ["loan cf", 4.510869565217391], ["arrears information", 4.5], ["type ready", 4.5], ["mincouponspread ct", 4.5], ["expect tranche", 4.5], ["statistic enable", 4.5], ["rmbs program", 4.5], ["corra pool", 4.493145743145743], ["current remittance", 4.485294117647059], ["'' show", 4.479836353009936], ["edit pool", 4.477272727272727], ["normal cmb", 4.466101694915254], ["process type", 4.445945945945946], ["accrue interest", 4.444444444444445], ["formula builder", 4.444444444444445], ["poolfeeupload file", 4.4375], ["status blank", 4.428571428571429], ["secure owner", 4.4264705882352935], ["column filter", 4.41757443718228], ["ownership field", 4.416586306653809], ["loan sale", 4.394202898550724], ["receive message", 4.388888888888889], ["field file", 4.3786764705882355], ["owner select", 4.371212121212121], ["form editable", 4.366666666666667], ["system setup", 4.356410256410257], ["dev task", 4.352664576802508], ["return 01-jan-1900", 4.333333333333334], ["field sort", 4.332480818414322], ["cmhc 2824 create", 4.329411764705882], ["dev effort", 4.318181818181818], ["pool loan", 4.30957086391869], ["loan pool", 4.30957086391869], ["error message", 4.309343434343434], ["internal report", 4.304347826086957], ["comment list", 4.294117647058823], ["select ''", 4.2907036466358495], ["detail job", 4.286549707602339], ["loan cfs", 4.260869565217391], ["reserve loan", 4.260869565217391], ["show field", 4.251521298174442], ["transfer advice", 4.25], ["previous remittance", 4.25], ["corner tab", 4.243243243243244], ["run process", 4.231660231660232], ["impp2020 ta", 4.230769230769231], ["secure pool", 4.225171886936593], ["logic description", 4.214285714285714], ["insurer '", 4.210526315789474], ["sample attach", 4.2], ["click reset", 4.196078431372549], ["pool sale", 4.182034632034632], ["calculate action", 4.166666666666667], ["batch submit", 4.166666666666666], ["criterion section", 4.159090909090909], ["total sale", 4.133333333333333], ["sale reason", 4.133333333333333], ["party pool", 4.125624375624376], ["pool management", 4.123701298701299], ["left column", 4.123456790123457], ["column read", 4.123456790123457], ["add add", 4.117647058823529], ["add pool", 4.107524828113063], ["company setup", 4.1], ["essential cmls", 4.1], ["deal management", 4.099390243902439], ["error ''", 4.089946070878274], ["regular workflow", 4.089795918367347], ["asset type", 4.068965517241379], ["pool type", 4.048701298701299], ["pool prompt", 4.048701298701299], ["entire pool", 4.048701298701299], ["pool issuance", 4.048701298701299], ["replica pool", 4.048701298701299], ["variable pool", 4.048701298701299], ["cdor pool", 4.048701298701299], ["active user", 4.040243902439024], ["development task", 4.0344827586206895], ["deal type", 4.024390243902439], ["cp deal", 4.024390243902439], ["user search", 4.0007702182284985], ["client account", 4.0], ["baml conversion", 4.0], ["collateral type", 4.0], ["display properly", 4.0], ["combine gds", 4.0], ["combine tds", 4.0], ["access contact", 4.0], ["total face", 4.0], ["equal project", 4.0], ["graph unchanged", 4.0], ["extract generate", 4.0], ["2824 extract generate", 4.0], ["size read", 4.0], ["field add", 4.0], ["max 50 character", 4.0], ["download print", 4.0], ["calc basis", 4.0], ["single tier", 4.0], ["account matrix", 4.0], ["ctrl +", 4.0], ["hover environment", 4.0], ["duplicate cusips", 4.0], ["bulkinsurancefee bulkinsurancefeehistory", 4.0], ["purchaser drop-down", 4.0], ["development effort", 4.0], ["regression db", 4.0], ["tranche fee", 3.9927536231884058], ["workflow-alternate workflow", 3.989795918367347], ["workflow-standard workflow", 3.989795918367347], ["alternate workflow", 3.989795918367347], ["field \u2019", 3.9411764705882355], ["field maximum", 3.9411764705882355], ["field fill", 3.9411764705882355], ["chttypes field", 3.9411764705882355], ["modification field", 3.9411764705882355], ["cmb cmb", 3.9322033898305087], ["error throw", 3.9204545454545454], ["print reset", 3.916666666666667], ["fee amount", 3.9121084618980833], ["fee definition", 3.900161030595813], ["mature pool", 3.8820346320346317], ["closing save", 3.878787878787879], ["step detail", 3.8421052631578947], ["inside detail", 3.8421052631578947], ["comment detail", 3.8421052631578947], ["contact detail", 3.8421052631578947], ["date finalize", 3.825], ["record select", 3.824915824915825], ["tooltips test", 3.8], ["tranche funding", 3.7222222222222223], ["user edit", 3.718815331010453], ["pool action", 3.7153679653679657], ["mortgage asset", 3.7053291536050157], ["require show", 3.691297208538588], ["mortgage pool", 3.6850649350649354], ["column group", 3.623456790123457], ["record save", 3.5824915824915826], ["pool 15m", 3.5487012987012987], ["save action", 3.545454545454546], ["cmbs record", 3.52723311546841], ["access group", 3.5], ["precision validation", 3.5], ["type method", 3.5], ["back original", 3.5], ["late version", 3.5], ["fee matrix", 3.4927536231884058], ["user role", 3.4902439024390244], ["regular 2824 require", 3.480952380952381], ["editable default", 3.466666666666667], ["user select", 3.4114560236511453], ["select user", 3.4114560236511453], ["pool freeze", 3.405844155844156], ["2824 summary require", 3.380952380952381], ["fee save", 3.3715415019762847], ["static datum", 3.361111111111111], ["regular 2824 finalize", 3.325], ["equipment asset", 3.3189655172413794], ["user start", 3.290243902439024], ["user read", 3.290243902439024], ["user remove", 3.290243902439024], ["user retransmit 2824", 3.290243902439024], ["navigate view", 3.25], ["minimum $999", 3.0], ["create user", 2.8196556671449065], ["user create", 2.8196556671449065], ["engine", 2.8095238095238093], ["screen", 2.75], ["freeze 2812 require", 2.738095238095238], ["administration", 2.719298245614035], ["number", 2.6923076923076925], ["option", 2.6666666666666665], ["button", 2.6666666666666665], ["email", 2.625], ["box", 2.6], ["issue", 2.6], ["date", 2.6], ["trust", 2.6], ["freeze 2812 finalize", 2.5821428571428573], ["user navigate", 2.540243902439024], ["click", 2.5294117647058822], ["calendar", 2.5], ["enter", 2.5], ["refresh", 2.5], ["ownership", 2.4754098360655736], ["process", 2.445945945945946], ["job", 2.4444444444444446], ["file", 2.4375], ["status", 2.4285714285714284], ["open", 2.4285714285714284], ["amount", 2.4193548387096775], ["sort", 2.391304347826087], ["assetborrowers", 2.3333333333333335], ["qualify", 2.3333333333333335], ["approve", 2.3333333333333335], ["series", 2.3333333333333335], ["tooltip", 2.3333333333333335], ["entry", 2.3333333333333335], ["purge-new", 2.3333333333333335], ["template", 2.3333333333333335], ["show", 2.310344827586207], ["editable", 2.3], ["update", 2.2941176470588234], ["list", 2.2941176470588234], ["filter", 2.2941176470588234], ["loan", 2.260869565217391], ["override", 2.25], ["tab", 2.2432432432432434], ["current", 2.235294117647059], ["impp2020", 2.230769230769231], ["grid", 2.2], ["entity", 2.1818181818181817], ["secure", 2.176470588235294], ["submit", 2.1666666666666665], ["column", 2.123456790123457], ["select", 2.121212121212121], ["setup", 2.1], ["settlement", 2.090909090909091], ["form", 2.066666666666667], ["add", 2.0588235294117645], ["pool", 2.0487012987012987], ["type", 2.0], ["validate", 2.0], ["toggle", 2.0], ["grouping", 2.0], ["cht", 2.0], ["closing", 2.0], ["corner", 2.0], ["validation", 2.0], ["custodian", 2.0], ["order", 2.0], ["workflow", 1.989795918367347], ["cmb", 1.9661016949152543], ["field", 1.9411764705882353], ["error", 1.9204545454545454], ["criterion", 1.9090909090909092], ["save", 1.878787878787879], ["detail", 1.8421052631578947], ["mature", 1.8333333333333333], ["cmbs", 1.8235294117647058], ["test", 1.8], ["run", 1.7857142857142858], ["copy", 1.75], ["advice", 1.75], ["download", 1.75], ["description", 1.7142857142857142], ["record", 1.7037037037037037], ["dirty", 1.6666666666666667], ["action", 1.6666666666666667], ["reset", 1.6666666666666667], ["mortgage", 1.6363636363636365], ["essential", 1.6], ["create", 1.5294117647058822], ["tax", 1.5], ["group", 1.5], ["$999", 1.5], ["99 minimum", 1.5], ["precision 19", 1.5], ["precision 13", 1.5], ["precision 8", 1.5], ["original", 1.5], ["method", 1.5], ["15m", 1.5], ["insurer", 1.5], ["version", 1.5], ["fee", 1.4927536231884058], ["display", 1.4], ["2812 require", 1.380952380952381], ["static", 1.3611111111111112], ["freeze", 1.3571428571428572], ["equal", 1.3333333333333333], ["user", 1.2902439024390244], ["user 2", 1.2902439024390244], ["issuer", 1.2857142857142858], ["navigate", 1.25], ["equipment", 1.25], ["2812 finalize", 1.225], ["finalize", 1.225], ["funding", 1.2222222222222223], ["attachment", 1.2], ["default", 1.1666666666666667], ["low", 1.0], ["design", 1.0], ["developement", 1.0], ["configuration", 1.0], ["abcp", 1.0], ["permission", 1.0], ["append", 1.0], ["replace", 1.0], ["fulltc", 1.0], ["verify", 1.0], ["approver", 1.0], ["securehub", 1.0], ["principal", 1.0], ["shub-rt", 1.0], ["med", 1.0], ["confirmation", 1.0], ["scale 4", 1.0], ["scale 10", 1.0], ["additionalfieldaddremovebuttons", 1.0], ["pbi", 1.0], ["2020 r1", 1.0], ["sourcetype", 1.0], ["unadd", 1.0], ["zip", 1.0], ["side", 1.0], ["bps", 1.0], ["servicer", 1.0], ["unmark", 1.0], ["follow", 1.0], ["impp", 1.0], ["populate", 1.0], ["minimize", 1.0], ["specific", 1.0], ["scroll", 1.0], ["mmchmc_", 1.0], ["txt", 1.0], ["mmgmbs_", 1.0], ["icon", 1.0], ["dealing", 1.0], ["insure", 1.0], ["great 0", 1.0], ["derive", 1.0], ["configure", 1.0], ["month", 1.0], ["make", 1.0], ["re-coupon", 1.0], ["loanborrowers", 1.0], ["i_qualifyingcreditscore", 1.0], ["i_creditscore", 1.0], ["minute", 1.0], ["backup", 1.0], ["purge", 1.0], ["modify", 1.0], ["rbc", 1.0], ["chtprice", 1.0], ["rbccm", 1.0], ["prime", 1.0], ["deploy", 1.0], ["000", 0], ["100", 0], ["010", 0], ["001", 0], ["999", 0], ["2824", 0], ["965", 0]]}}}