{"task": "extract_bundle_keywords", "client_id": "azure-taosolutions", "status": "Success", "result": {"bundle_topic_ids": {"0": [32, 41]}, "bundle_keywords": {"0": [["borrower service id", 9.0], ["nha mbs administration", 9.0], ["calculation return negative", 9.0], ["administration job scheduler", 9.0], ["gray reverse change", 9.0], ["previous remittance term", 9.0], ["favourite add functional", 8.714285714285715], ["add badge icon", 8.714285714285715], ["existent sss pool", 8.272727272727273], ["pool sales section", 8.272727272727273], ["delete compliance template", 8.25], ["process manual journal", 8.2], ["process job scheduler", 8.2], ["verify multiple lender", 8.2], ["report la capitale", 8.1875], ["add favourite formula", 8.114285714285714], ["invoice generate contact", 8.0], ["unsettle fee select", 8.0], ["program loan tab", 7.964285714285714], ["bulk sale pool", 7.9393939393939394], ["main grid sort", 7.9], ["delete favourite formula", 7.9], ["ownership sales tab", 7.892857142857142], ["enter product code", 7.833333333333334], ["discontinue process cancellation", 7.7], ["report people trust", 7.6875], ["cancel sale action", 7.666666666666666], ["system report administration", 7.5875], ["accounting instrument template", 7.416666666666667], ["reserve loan pool", 7.320346320346321], ["party pool screen", 7.272727272727273], ["unique db validation", 7.181818181818182], ["settlement activity type", 7.125], ["criterion search field", 7.1], ["client nlc pq", 6.7], ["prompt user ''", 6.546052631578947], ["' column sort", 5.9625], ["cancellation template", 5.25], ["loan reserve", 5.0476190476190474], ["delete formula", 4.9], ["sort grid", 4.9], ["tab selection", 4.75], ["left sale", 4.666666666666666], ["field validate", 4.6], ["system report", 4.5875], ["' trust", 4.5625], ["search set", 4.5], ["enter description", 4.5], ["screen select", 4.5], ["rmbs program", 4.5], ["upper grid", 4.5], ["guarantee fee", 4.5], ["invoice preference", 4.5], ["product type", 4.458333333333334], ["pool type", 4.397727272727273], ["process type", 4.325], ["tpp pool", 4.272727272727273], ["pool management", 4.272727272727273], ["client contact", 4.2], ["verify 255 character", 4.2], ["process continue", 4.2], ["settlement process", 4.2], ["client nlc", 4.2], ["client pq", 4.2], ["report cmls", 4.1875], ["report tangerine", 4.1875], ["' prompt", 4.1875], ["ownership assign", 4.142857142857142], ["user add", 4.135338345864662], ["asset type", 4.125], ["click '", 4.0625], ["dev item", 4.0], ["devloper item", 4.0], ["upload trade", 4.0], ["development item", 4.0], ["deprecate b_accruefees", 4.0], ["list approval", 4.0], ["server host", 4.0], ["asset browser", 4.0], ["asset class", 4.0], ["static datum", 4.0], ["filter group", 4.0], ["favorite library", 4.0], ["screen open", 4.0], ["blue underline", 4.0], ["record edit", 4.0], ["workflow-alternate workflow", 4.0], ["workflow-standard workflow", 4.0], ["regular 2824 require", 4.0], ["projection date", 4.0], ["principal cap", 4.0], ["project balance", 4.0], ["valuation method", 4.0], ["date create", 4.0], ["remove file", 4.0], ["click button", 4.0], ["menu pane", 4.0], ["error message", 4.0], ["step detail", 4.0], ["undo message", 4.0], ["settlement date", 4.0], ["collection start", 4.0], ["collection end", 4.0], ["phone number", 4.0], ["date birth", 4.0], ["item 1 dev", 4.0], ["item 2 dev", 4.0], ["item 3 dev", 4.0], ["/ sum", 4.0], ["total line", 4.0], ["client mention", 3.7], ["accounting matrix", 3.666666666666667], ["accounting book", 3.666666666666667], ["table typo", 3.5], ["user require", 3.4210526315789473], ["regular 2824 finalize", 3.333333333333333], ["essential user", 3.2210526315789476], ["single-class environment", 3.2], ["sort", 2.4], ["process", 2.2], ["report", 2.1875], ["criterion", 2.0], ["settlement", 2.0], ["screen", 2.0], ["cancel", 2.0], ["essential", 1.8], ["client", 1.7], ["accounting", 1.6666666666666667], ["table", 1.5], ["column", 1.5], ["user", 1.4210526315789473], ["finalize", 1.3333333333333333], ["environment", 1.2], ["validation", 1.1818181818181819], ["medium", 1.0], ["pbi 112569", 1.0], ["placeholder", 1.0], ["accrue", 1.0], ["match", 1.0], ["dbo", 1.0], ["approvaldefinition", 1.0], ["company", 1.0], ["argument", 1.0], ["fulltc", 1.0], ["duplicate", 1.0], ["mortgage", 1.0], ["equipment", 1.0], ["cmb", 1.0], ["freeze", 1.0], ["status", 1.0], ["market", 1.0], ["show", 1.0], ["integration", 1.0], ["numerator", 1.0], ["denominator", 1.0], ["precondition", 1.0], ["accounts-account", 1.0], ["aum", 1.0]]}}}