{"task": "extract_bundle_keywords", "client_id": "azure-taosolutions", "status": "Success", "result": {"bundle_topic_ids": {"0": [12, 39, 40, 43]}, "bundle_keywords": {"0": [["weight average face", 9.0], ["override price price", 9.0], ["m_arrears populate delinquency", 9.0], ["i_arrearcount populate delinquency", 9.0], ["s_city + loanproperty", 9.0], ["migrate pooltypefees poolfees", 9.0], ["seller dropdown populate", 9.0], ["correct cashflows generate", 9.0], ["initial purchase external", 8.857142857142858], ["external reference insurancetype", 8.757142857142856], ["upload custodial document", 8.714285714285715], ["premium discount set", 8.655737704918032], ["delete exchange rate", 8.615384615384615], ["pdf admin screen", 8.6], ["instrument past period", 8.545454545454545], ["enable unsaved work", 8.545454545454545], ["automation file path", 8.428571428571429], ["set document signer", 8.370023419203747], ["viewer option refresh", 8.363636363636363], ["yield index spread", 8.303030303030303], ["reflect main form", 8.3], ["pool compliant freeze", 8.288], ["pool fee upload", 8.288], ["pool cash flow", 8.288], ["search template dropdown", 8.28235294117647], ["sale day external", 8.282142857142857], ["delete yield curve", 8.251748251748252], ["gen = manual", 8.25], ["tooltip show hover", 8.248275862068965], ["datum cross reference", 8.243434343434343], ["email verification setup", 8.222222222222221], ["active sale pool", 8.213], ["exit search set", 8.20475731276117], ["valuation method dropdown", 8.2], ["engine result show", 8.198275862068964], ["process placeholder fetch", 8.183333333333334], ["bulk sale pool", 8.17453846153846], ["run report loanstore", 8.172727272727272], ["run report loanproperty", 8.172727272727272], ["run report loantxstore", 8.172727272727272], ["close current tab", 8.158974358974358], ["datum crossreference '", 8.150197628458498], ["run search set", 8.144151252155108], ["' require '", 8.057971014492754], ["' set '", 8.04704205274412], ["history export file", 8.028571428571428], ["file export history", 8.028571428571428], ["asset viewer >>", 8.014814814814814], ["approve tpp approver", 8.0], ["daily corra rate", 8.0], ["file export definition", 7.988571428571429], ["loan income tab", 7.966666666666667], ["bulk sale type", 7.953205128205129], ["schedule enable set", 7.951192250372578], ["field flag favourite", 7.931818181818182], ["tooltip read ''", 7.910389610389609], ["/ dropdown list", 7.897435897435897], ["cmbs pool income", 7.888], ["closing current tab", 7.886247086247087], ["accounting instrument template", 7.878787878787879], ["main entry drill", 7.866666666666667], ["remove check adjustedstartdate", 7.846153846153847], ["pool deal instrument", 7.833454545454545], ["search set delete", 7.820141928145786], ["delete search set", 7.820141928145785], ["pair external internal", 7.813664596273292], ["' display expect", 7.806763285024155], ["user multiselect insurer", 7.803571428571429], ["upload file import", 7.796992481203008], ["file import management-history", 7.796992481203008], ["existent active pool", 7.788], ["view custodial document", 7.761904761904762], ["job definition delete", 7.751142191142192], ["calculation result negative", 7.75], ["job definition scheduler", 7.7219644723093], ["sync compliance validate", 7.6923076923076925], ["instrument instrument history", 7.690909090909091], ["delete button activate", 7.6742081447963795], ["mail address box", 7.666666666666668], ["refer link pbi", 7.666666666666667], ["error message upload", 7.65625], ["view history company", 7.647619047619047], ["history delete file", 7.6439560439560434], ["display detail applicable", 7.611111111111111], ["tooltip display '", 7.606763285024154], ["save work properly", 7.594594594594595], ["mandatory field external", 7.588961038961038], ["pool reserve loan", 7.587999999999999], ["reserve loan pool", 7.587999999999999], ["return record dbo", 7.583333333333334], ["change exist datum", 7.577698163905062], ["month remittance state", 7.566666666666666], ["object reference error", 7.55625], ["sort search result", 7.549019607843137], ["edit document match", 7.514285714285714], ["reserve loan buyback", 7.514285714285714], ["administration job scheduler", 7.509790559265822], ["external datum management", 7.503996003996004], ["close reopen verify", 7.5], ["act formula bug", 7.5], ["/ mbs pool", 7.493128205128205], ["cusip show '", 7.477261369315341], ["compress editable add", 7.470588235294118], ["section regular form", 7.466666666666666], ["pool sale approval", 7.462999999999999], ["add list current", 7.452488687782806], ["import exist contact", 7.43984962406015], ["refer detail step", 7.4], ["click red cross", 7.396135265700483], ["sale day internal", 7.381521739130434], ["column change position", 7.379310344827586], ["filter search result", 7.375942684766214], ["user change price", 7.3552955665024635], ["pool type revolve", 7.354666666666667], ["pool type reuse", 7.354666666666667], ["process job scheduler", 7.345297805642633], ["create ' populate", 7.338509316770186], ["test loan loan", 7.333333333333334], ["'' '' field", 7.295454545454545], ["party pool ''", 7.282318181818182], ["require field ''", 7.28030303030303], ["list delete file", 7.2747252747252755], ["pre-fund process button", 7.242156862745098], ["sub-pool class show", 7.233990147783251], ["screen remains open", 7.216666666666667], ["complete sale pool", 7.212999999999999], ["grouping option grid", 7.196969696969697], ["reserve loan update", 7.1695652173913045], ["app pool remove", 7.134153846153847], ["clickable attachment tab", 7.133333333333334], ["securehub system date", 7.1268115942028984], ["reload tab create", 7.109523809523809], ["hot fix 22r1", 7.1], ["asset type configuration", 7.0814814814814815], ["update process rerun", 7.052898550724637], ["view loan detail", 7.0476190476190474], ["delete pool display", 7.014495726495726], ["program loan process", 6.995833333333334], ["mbs pool type", 6.893128205128205], ["month term set", 6.889071038251366], ["submit document sign", 6.880952380952381], ["cmhc report change", 6.875966562173459], ["process process grid", 6.866666666666666], ["view pool detail", 6.835619047619048], ["user zoom /", 6.803571428571429], ["save search set", 6.7993519073557644], ["user navigate tab", 6.770238095238096], ["settlement date term", 6.75], ["detail user download", 6.7480158730158735], ["select add report", 6.740017825311943], ["pattern mandatory field", 6.7318181818181815], ["editable replica pool", 6.729176470588236], ["exist pool update", 6.728993788819876], ["user delete form", 6.718956043956044], ["user enter totally", 6.712662337662338], ["description download field", 6.70959595959596], ["pool select warning", 6.665272727272727], ["user click ''", 6.659302653867871], ["issuer number pool", 6.573714285714285], ["save location select", 6.571867321867322], ["user download form", 6.548015873015873], ["rmbs program buyback", 6.526785714285714], ["validate left column", 6.519893899204244], ["user double click", 6.47748447204969], ["give error user", 6.459821428571429], ["tranche pool term", 6.454666666666666], ["file import error", 6.453242481203008], ["present field empty", 6.431818181818182], ["party pool user", 6.404071428571429], ["pool type view", 6.402285714285714], ["pool type issuer", 6.354666666666667], ["user print form", 6.353571428571429], ["start time select", 6.286796536796537], ["enter cmhc number", 6.285714285714286], ["pool type status", 6.206518518518519], ["mandatory field default", 6.196103896103896], ["create buyback pool", 6.145142857142857], ["list filter column", 6.13527851458886], ["pool select status", 6.117124579124579], ["datum source create", 6.097402597402597], ["file extract task", 5.928571428571429], ["user edit pool", 5.891571428571428], ["bulk sale", 5.8865384615384615], ["cross reference", 5.788888888888889], ["list group column", 5.725022104332449], ["' external", 5.552795031055901], ["'' pdf", 5.4818181818181815], ["tooltip ''", 5.4818181818181815], ["delete document", 5.32967032967033], ["loan reserve", 5.3], ["search template", 5.2823529411764705], ["sign document", 5.214285714285714], ["search set", 5.20475731276117], ["valuation method", 5.2], ["run report", 5.172727272727273], ["job scheduler", 5.1619644723093], ["' show", 5.143928035982009], ["job definition", 5.135757575757576], ["read ''", 5.1103896103896105], ["file history", 5.0285714285714285], ["complete sale", 4.925], ["schedule section", 4.916666666666666], ["import enable", 4.913875598086124], ["exist dbo", 4.904761904761905], ["search box", 4.882352941176471], ["import contact", 4.868421052631579], ["delete record", 4.865384615384615], ["print delete", 4.865384615384615], ["mbs pool", 4.826461538461539], ["reserve asset", 4.814814814814815], ["mandatory tooltips", 4.8], ["tpp screen", 4.8], ["replica pool", 4.788], ["sub-pool class", 4.785714285714286], ["show red", 4.781609195402298], ["process definition", 4.743333333333333], ["show pool", 4.736275862068965], ["view /", 4.7142857142857135], ["zoom option", 4.696969696969697], ["download print", 4.694444444444445], ["loan management", 4.6923076923076925], ["list show", 4.679045092838196], ["double click", 4.673913043478261], ["box red", 4.666666666666667], ["corra index", 4.666666666666666], ["field '", 4.627470355731226], ["filter instrument", 4.6223776223776225], ["delete pt", 4.615384615384615], ["party pool", 4.6005], ["require field", 4.598484848484849], ["report administration", 4.581159420289856], ["grid filter", 4.576923076923077], ["number pool", 4.573714285714285], ["pool class", 4.573714285714285], ["exist journal", 4.571428571428571], ["view loan", 4.5476190476190474], ["browse instrument", 4.545454545454545], ["tpp add", 4.529411764705882], ["add comma", 4.529411764705882], ["change select", 4.528996865203762], ["file date", 4.511904761904762], ["import start", 4.511278195488721], ["buyback pool", 4.502285714285714], ["test time", 4.5], ["loan source", 4.5], ["loan cfs", 4.5], ["loan free", 4.5], ["empty ui", 4.5], ["loan setting", 4.5], ["existent journal", 4.5], ["loan browser", 4.5], ["type read", 4.495238095238095], ["delete entry", 4.482051282051282], ["pool management", 4.480307692307692], ["click pool", 4.46191304347826], ["field add", 4.461229946524064], ["datum source", 4.454545454545455], ["file green", 4.428571428571429], ["size read", 4.428571428571429], ["delete user", 4.418956043956044], ["settlement date", 4.416666666666667], ["/ open", 4.416666666666666], ["entry instrument", 4.412121212121212], ["status change", 4.403575989782887], ["step detail", 4.4], ["warning detect", 4.4], ["report time", 4.4], ["remove change", 4.3978779840848805], ["show field", 4.380094043887147], ["import end", 4.368421052631579], ["pool type", 4.354666666666667], ["pool type 881", 4.354666666666667], ["display list", 4.341880341880342], ["view pool", 4.335619047619048], ["address book", 4.333333333333334], ["cmhc report", 4.324242424242424], ["closing save", 4.321867321867321], ["rmbs program", 4.3125], ["user navigate", 4.303571428571429], ["form purple", 4.3], ["form task", 4.3], ["pool owner", 4.288], ["mature pool", 4.288], ["pool orange", 4.288], ["pool task", 4.288], ["pool balance", 4.288], ["opti pool", 4.288], ["view report", 4.280952380952381], ["system report", 4.276811594202899], ["remittance finalize", 4.266666666666667], ["system setup", 4.265700483091788], ["pend approval", 4.25], ["b_delete = 0", 4.25], ["total record", 4.25], ["form editable", 4.241176470588235], ["static datum", 4.204545454545455], ["enter pool", 4.1970909090909085], ["internal report", 4.189855072463768], ["process amortization", 4.183333333333334], ["process complete", 4.183333333333334], ["option user", 4.167207792207792], ["grid group", 4.166666666666667], ["amount remains", 4.166666666666666], ["application time", 4.166666666666666], ["' default", 4.159937888198757], ["user zoom", 4.136904761904762], ["/ default", 4.1309523809523805], ["system date", 4.1268115942028984], ["error tab", 4.122916666666667], ["start select", 4.12012987012987], ["information display", 4.111111111111111], ["editable section", 4.107843137254902], ["field section", 4.098484848484849], ["edit pool", 4.088], ["maturity date", 4.083333333333334], ["issue date", 4.083333333333334], ["date source", 4.083333333333334], ["cutoff date", 4.083333333333334], ["projection date", 4.083333333333334], ["paid-to date", 4.083333333333334], ["asset type", 4.0814814814814815], ["column sort", 4.077586206896552], ["account filter", 4.076923076923077], ["click month", 4.07391304347826], ["product type", 4.066666666666666], ["type selection", 4.066666666666666], ["type ready", 4.066666666666666], ["button prompt", 4.0588235294117645], ["coupon button", 4.0588235294117645], ["workflow-grid view", 4.0476190476190474], ["open pool", 4.038], ["equipment asset", 4.014814814814814], ["issue found", 4.0], ["grand total", 4.0], ["single criterion", 4.0], ["multiple criterion", 4.0], ["store procedure", 4.0], ["insurance information", 4.0], ["shub rt", 4.0], ["popup window", 4.0], ["back bold", 4.0], ["cmb cmb", 4.0], ["workflow-task overview", 4.0], ["issuer selection", 4.0], ["custodian selection", 4.0], ["consult satya", 4.0], ["principal cap", 4.0], ["project balance", 4.0], ["en fr", 4.0], ["rbc op", 4.0], ["accrual post", 4.0], ["execution level", 4.0], ["level owner", 4.0], ["chanakyudu ravuri", 4.0], ["floating-cdor tpp", 4.0], ["partial ownership", 4.0], ["field type", 3.998484848484849], ["mortgage asset", 3.9348148148148145], ["field fill", 3.9318181818181817], ["nullable field", 3.9318181818181817], ["modification field", 3.9318181818181817], ["drop-down field", 3.9318181818181817], ["pool create", 3.9308571428571426], ["update button", 3.928388746803069], ["print reset", 3.916666666666667], ["column filter", 3.904509283819629], ["status view", 3.8994708994708995], ["modification entry", 3.8666666666666667], ["status blank", 3.851851851851852], ["view user", 3.8511904761904763], ["remove poolassets", 3.8461538461538463], ["click reset", 3.8405797101449277], ["tranche balance", 3.833333333333333], ["application timeout", 3.833333333333333], ["user account", 3.803571428571429], ["user role", 3.803571428571429], ["workflow-ready secure", 3.782608695652174], ["user select", 3.780844155844156], ["field edit", 3.731818181818182], ["date create", 3.7261904761904763], ["status update", 3.7214170692431563], ["date finalize", 3.6833333333333336], ["mortgagehub source", 3.666666666666667], ["common error", 3.65625], ["error detect", 3.65625], ["complete error", 3.65625], ["error throw", 3.65625], ["user remove", 3.6497252747252746], ["edit user", 3.6035714285714286], ["perform finalize", 3.6], ["confirmation window", 3.5], ["summary task", 3.5], ["total amount", 3.5], ["validate user", 3.495879120879121], ["create user", 3.446428571428571], ["save action", 3.1945945945945944], ["status synchronize", 3.1375661375661377], ["calculate action", 3.1], ["result", 2.75], ["closing", 2.727272727272727], ["current", 2.6923076923076925], ["set", 2.6557377049180326], ["yield", 2.6363636363636362], ["delete", 2.6153846153846154], ["cmbs", 2.6], ["accounting", 2.6], ["history", 2.6], ["change", 2.5517241379310347], ["instrument", 2.5454545454545454], ["enable", 2.5454545454545454], ["day", 2.5], ["tab", 2.466666666666667], ["datum", 2.4545454545454546], ["download", 2.4444444444444446], ["file", 2.4285714285714284], ["warning", 2.4], ["option", 2.3636363636363638], ["administration", 2.347826086956522], ["term", 2.3333333333333335], ["cusip", 2.3333333333333335], ["grouping", 2.3333333333333335], ["description", 2.3333333333333335], ["form", 2.3], ["pool", 2.288], ["number", 2.2857142857142856], ["report", 2.2333333333333334], ["list", 2.230769230769231], ["buyback", 2.2142857142857144], ["process", 2.183333333333333], ["click", 2.1739130434782608], ["time", 2.1666666666666665], ["start", 2.142857142857143], ["display", 2.111111111111111], ["cmhc", 2.090909090909091], ["filter", 2.076923076923077], ["type", 2.066666666666667], ["type 16", 2.066666666666667], ["button", 2.0588235294117645], ["view", 2.0476190476190474], ["pattern", 2.0], ["issuer", 2.0], ["negative", 2.0], ["task", 2.0], ["present", 2.0], ["source", 2.0], ["complete", 2.0], ["tpp", 2.0], ["corra", 2.0], ["rmbs", 2.0], ["select", 1.9772727272727273], ["internal", 1.9565217391304348], ["editable", 1.9411764705882353], ["field", 1.9318181818181819], ["field 0", 1.9318181818181819], ["mortgage", 1.92], ["enter", 1.9090909090909092], ["step", 1.9], ["month", 1.9], ["update", 1.8695652173913044], ["entry", 1.8666666666666667], ["status", 1.8518518518518519], ["remove", 1.8461538461538463], ["tranche", 1.8333333333333333], ["timeout", 1.8333333333333333], ["column", 1.8275862068965518], ["user", 1.8035714285714286], ["edit", 1.8], ["secure", 1.7826086956521738], ["open", 1.75], ["static", 1.75], ["validate", 1.6923076923076923], ["group", 1.6666666666666667], ["link", 1.6666666666666667], ["submit 2824", 1.6666666666666667], ["attachment", 1.6666666666666667], ["reset", 1.6666666666666667], ["mortgagehub", 1.6666666666666667], ["error", 1.65625], ["create", 1.6428571428571428], ["create 2824", 1.6428571428571428], ["action", 1.6], ["finalize", 1.6], ["save", 1.5945945945945945], ["extract", 1.5], ["calculate", 1.5], ["amount", 1.5], ["summary", 1.5], ["confirmation", 1.5], ["formula", 1.5], ["verify", 1.5], ["default", 1.4642857142857142], ["synchronize", 1.2857142857142858], ["fix", 1.1], ["toggle", 1.0], ["indexratedetails", 1.0], ["introduce", 1.0], ["nesto", 1.0], ["home", 1.0], ["20r3", 1.0], ["investigation", 1.0], ["nbc", 1.0], ["unadd", 1.0], ["fulltc", 1.0], ["provide", 1.0], ["row", 1.0], ["$999", 1.0], ["99 minimum", 1.0], ["opti-pool", 1.0], ["low", 1.0], ["entity", 1.0], ["outdate", 1.0], ["essential", 1.0], ["workflow", 1.0], ["category", 1.0], ["un-secure", 1.0], ["reject", 1.0], ["insert", 1.0], ["ignore", 1.0], ["advance", 1.0], ["clear", 1.0], ["icon", 1.0], ["minute", 1.0], ["minimum", 1.0], ["side", 1.0], ["market", 1.0], ["minimize", 1.0], ["corner", 1.0], ["n_interestbasis", 1.0], ["specific", 1.0], ["percentage", 1.0], ["scroll", 1.0], ["original", 1.0], ["compulsory", 1.0], ["header", 1.0], ["s_province", 1.0], ["administrator", 1.0], ["d_arrearsdate", 1.0], ["indexrates", 1.0], ["d_recorddate", 1.0], ["comment", 1.0], ["land", 1.0], ["core", 1.0], ["adjustedenddate", 1.0], ["equal", 1.0], ["boe", 1.0], ["esma", 1.0], ["vcurrent", 1.0], ["visible", 1.0], ["999", 0], ["886", 0], ["981", 0], ["986", 0]]}}}