{"task": "extract_bundle_keywords", "client_id": "azure-taosolutions", "status": "Success", "result": {"bundle_topic_ids": {"0": [1, 2, 6, 16]}, "bundle_keywords": {"0": [["cpprogram parent cpdeal", 9.0], ["amal ally interface", 9.0], ["contacts-equifax canada consumer", 9.0], ["bvd uat r11", 9.0], ["collection mark nsf", 9.0], ["aqua payment direction", 9.0], ["annual liquidation assumption", 9.0], ["tier ytd threshold", 9.0], ["symbol comma separate", 9.0], ["nha mbs construction", 9.0], ["jpy japanese yen", 9.0], ["ore morecollaterals partition", 9.0], ["accounts-equifax canada commercial", 8.78], ["vendors-equifax canada commercial", 8.78], ["accounts-paynet canada commercial", 8.78], ["develop miss pes", 8.777777777777779], ["penalty pass set", 8.757575757575758], ["loanstore interface upload", 8.75], ["risk free rate", 8.743362831858407], ["closing amortize balance", 8.742424242424242], ["json request body", 8.7], ["bank charge journalize", 8.6875], ["pro rata cof", 8.666666666666666], ["audit trace browser", 8.666666666666666], ["non-cumulative compound rate", 8.660029498525073], ["daily cof measurement", 8.627450980392156], ["ucc lien filing", 8.613289760348584], ["decline principal balance", 8.61111111111111], ["miss cross reference", 8.61111111111111], ["m_saleamount ui market", 8.6], ["reflect benchmark rate", 8.576696165191741], ["drop-down fill proper", 8.571428571428571], ["treelistview display control", 8.551724137931036], ["ann ' ytm", 8.546666666666667], ["cht ' fault", 8.546666666666667], ["implamaned synonym change", 8.53968253968254], ["db edmx change", 8.53968253968254], ["inception date define", 8.532994923857867], ["edit cash flow", 8.515151515151516], ["result export csv", 8.50462962962963], ["parent ancestor rank", 8.5], ["closing unamortize balance", 8.5], ["remit adjustment threshold", 8.5], ["a-z = a-z", 8.485714285714286], ["test feedback implementation", 8.478527607361963], ["id query param", 8.461538461538462], ["present compound period", 8.444444444444445], ["discharge / inactive", 8.444444444444445], ["shub-335 / shub-336", 8.444444444444445], ["file export manually", 8.441037735849056], ["load engine template", 8.432001005530417], ["ad hoc report", 8.408839779005525], ["conversion script skeleton", 8.4], ["issuer certification box", 8.4], ["resubmit request request", 8.4], ["cash flow tab", 8.392857142857142], ["investment interest income", 8.391256830601094], ["coupon rate override", 8.390421655387819], ["loan cash flow", 8.385542168674698], ["federal tax number", 8.380952380952381], ["daily cash report", 8.369624092731016], ["present future date", 8.366328257191203], ["commercial paper issuer", 8.338823529411764], ["cash flow projection", 8.333333333333334], ["cof difference frn", 8.333333333333332], ["export engine configuration", 8.32952847805789], ["standard settlement instruction", 8.328070175438597], ["approvers reject request", 8.325], ["test effort bug-115973", 8.32468145351581], ["test effort bug-121219", 8.32468145351581], ["test effort pbi-121627", 8.32468145351581], ["test effort bug-134468", 8.32468145351581], ["test effort bug-134490", 8.32468145351581], ["test effort bug-134495", 8.32468145351581], ["test effort pbi-134534", 8.32468145351581], ["test effort bug-134668", 8.32468145351581], ["test effort bug-134809", 8.32468145351581], ["test effort bug-139582", 8.32468145351581], ["test effort pbi-140513", 8.32468145351581], ["benchmark rate rate", 8.320058997050147], ["file upload successfully", 8.316037735849056], ["update sp fileimportloanmovement", 8.313131313131313], ["pool fund prorata", 8.309269356597602], ["drop fill proper", 8.307692307692307], ["development effort bug-121219", 8.280936454849499], ["development effort bug-134668", 8.280936454849499], ["development effort pbi-134753", 8.280936454849499], ["development effort bug-134809", 8.280936454849499], ["development effort pbi-140004", 8.280936454849499], ["development effort bug-139877", 8.280936454849499], ["development effort pbi-144196", 8.280936454849499], ["approval request send", 8.276271186440677], ["additional details-date incorporation", 8.272727272727273], ["intra period modification", 8.265873015873016], ["amount amortize period", 8.25659657802515], ["auto reconciliation matrix", 8.250712250712251], ["allocation behaviour inconsistency", 8.25], ["record deletion test", 8.243312553598523], ["daily corra rate", 8.237480478917231], ["cp payable balance", 8.226304579339724], ["bmo harry schema", 8.219444444444445], ["end preprocess stage", 8.212121212121211], ["populate correctly ui", 8.21111111111111], ["miss journal vnext", 8.204444444444444], ["cpfundingdefinition parent cpdeal", 8.2], ["conduit abcp spread", 8.2], ["cp accrue commission", 8.19297124600639], ["add extra guarantor", 8.18867924528302], ["add extra payee", 8.18867924528302], ["original principal display", 8.186644772851668], ["accrue interest amount", 8.177651388424223], ["cumulative compound rfri", 8.177536231884059], ["\u2019 flag set", 8.174242424242424], ["cp principal paydowns", 8.170749023784168], ["billing detail set", 8.166666666666668], ["remittance cutoff date", 8.152042542905487], ["update payment instruction", 8.146464646464647], ["loan management-search set", 8.143117926250456], ["navigate exisiting record", 8.13978494623656], ["unfinalizing funding engine", 8.130718954248366], ["show properly list", 8.118287605423294], ["hotfixes ntier invoice", 8.114285714285714], ["db generation invoice", 8.114285714285714], ["ability pull equifax", 8.11111111111111], ["run report loanstore", 8.108839779005525], ["run report loantxstore", 8.108839779005525], ["rate agency fee", 8.096304008328996], ["pass limit text-box", 8.09090909090909], ["cpdealrfrinterestdetails correctly calculate", 8.09090909090909], ["save work properly", 8.090778661797314], ["nha mbs administration", 8.079545454545455], ["nha mba administration", 8.079545454545455], ["end date exclude", 8.078449469312414], ["cof accrual exclude", 8.07843137254902], ["cof accrual reversal", 8.07843137254902], ["benchmark rate source", 8.076696165191741], ["exclude maturity date", 8.074661590524535], ["result export file", 8.070667365478686], ["rename column header", 8.053333333333333], ["daily cash administration", 8.040329768270945], ["actual calendar date", 8.037756828619774], ["post gl stall", 8.033333333333333], ["balance left amortizationdetails", 8.033333333333333], ["fix reference codebase", 8.033333333333333], ["pool identify poolsale", 8.033078880407125], ["fiscal years-effective date", 8.032994923857867], ["pivot cashflow report", 8.027887398053144], ["upload journalization fixe", 8.027777777777779], ["code commit svn", 8.027777777777779], ["edit manual bankflows", 8.026601896830904], ["display correct amount", 8.022967180602649], ["change detection test", 8.018210147044503], ["dispose thread create", 8.017699115044248], ["permissions-ucc lien management", 8.015873015873016], ["prepayment analysis report", 8.008839779005525], ["utilize program amount", 8.00749160423663], ["average program amount", 8.00749160423663], ["lowercase uppercase combination", 8.0], ["collection date range", 7.99453338539633], ["coupon comparison selector", 7.980392156862745], ["day amortize period", 7.9756283767911675], ["fileimportcptrades generate journal", 7.956078431372549], ["date determination configuration", 7.954843663353666], ["determination date configuration", 7.954843663353666], ["= edit share", 7.953246753246754], ["transaction reflect ui", 7.947826086956521], ["static data-index rate", 7.94574378423936], ["modify cptrades query", 7.945454545454545], ["field work properly", 7.940030557677616], ["cross reference button", 7.927083333333334], ["search set result", 7.924242424242425], ["cumulative compound rate", 7.920899063742464], ["cp accrue interest", 7.9175614099408165], ["cp interest paydowns", 7.9175614099408165], ["file export definition", 7.916285260601532], ["daily maturity report", 7.911290759397682], ["'' non-regulate ''", 7.9105691056910565], ["ipa settlement report", 7.903576621110789], ["' commission '", 7.8933333333333335], ["tab popup control", 7.892857142857142], ["schedule payment tab", 7.892857142857142], ["miss i_instrumenttype table", 7.891414141414142], ["fee screen accessible", 7.886274509803922], ["bank change configuration", 7.884325396825396], ["import engine configuration", 7.883099906629317], ["tooltip message '", 7.880000000000001], ["email servicer cif", 7.88], ["kind datum screen", 7.87471264367816], ["field daily cof", 7.866946778711485], ["cof reversal fix", 7.866666666666666], ["engine process manager", 7.848733138645528], ["coupon spread override", 7.847058823529412], ["update expiry date", 7.846126236989181], ["rmbs settlement engine", 7.844361268990445], ["add utilize amount", 7.841740469772815], ["= match fund", 7.840336134453782], ["file issue onespan", 7.838765008576329], ["base rate issuance", 7.835199566552285], ["service provider obligor", 7.833333333333334], ["previous cu merge", 7.833333333333334], ["expense side accrual", 7.8328173374613], ["login user advise", 7.828685258964144], ["miss step exp", 7.8232323232323235], ["approve benchmark rate", 7.820882211703369], ["cof amount produce", 7.819727891156463], ["original reserve id", 7.818681318681319], ["day amortize date", 7.814178856204591], ["yieldcurve function engine", 7.812310994049361], ["corra rate date", 7.8096910890496085], ["parent funding definition", 7.80858085808581], ["ppr prepayment spread", 7.8], ["implementation pre-validation error", 7.798882681564246], ["loan accrual loanaccruals", 7.7973068745570515], ["successfully enter save", 7.79564930784443], ["enter successfully save", 7.79564930784443], ["throw '' transactionscope", 7.788617886178862], ["option b_acceptsnone flag", 7.787037037037037], ["configure debit credit", 7.783273381294964], ["n_rate miss cptradeinterestdetails", 7.777777777777778], ["approvers approval level", 7.776271186440678], ["period end date", 7.772893913756858], ["original day maturity", 7.770902547065338], ["loan number found", 7.76649454962708], ["search set id", 7.756151256151257], ["loan pool arrears", 7.751954382415157], ["result '' preprocess", 7.751580849141824], ["issue found test", 7.7512548800892365], ["llms cprs default", 7.75], ["portfolio datum template", 7.746486498238902], ["bank rec summary", 7.7463235294117645], ["field editable anymore", 7.739495798319328], ["group move position", 7.739285714285714], ["delete benchmark rate", 7.738600927096503], ["refactor cpdeals controller", 7.733333333333333], ["corra + spread", 7.733333333333333], ["post date rule", 7.732994923857868], ["read property undefine", 7.7272727272727275], ["proper loan datum", 7.726921479019525], ["rfr rate set", 7.726745041047067], ["benchmark rate duplicate", 7.72669616519174], ["test holiday weekend", 7.7118609406952965], ["day remain amortize", 7.709755360918152], ["tranche pool fund", 7.709269356597601], ["enable toggle work", 7.706293706293707], ["upload generate journal", 7.706078431372549], ["daily funding report", 7.70295742606435], ["add manual journal-currency", 7.700129626962408], ["add manual journal-amount", 7.700129626962408], ["add manual journal-deal", 7.700129626962408], ["add manual journal-lender", 7.700129626962408], ["add manual journal-portfolio", 7.700129626962408], ["change archive configuration", 7.696825396825396], ["commercial paper program", 7.693253909158599], ["approval gl entry", 7.6896045197740115], ["formula- > filter", 7.6791055206149545], ["enter save properly", 7.678002249020901], ["interest rate swap", 7.677043904883742], ["processes- job scheduler", 7.662022703818369], ["assetborrowers click update", 7.656881313131313], ["day difference toggle", 7.654144305307096], ["edit manual cashflows", 7.651601896830904], ["loan income tab", 7.645065978198508], ["cumulative over30 day", 7.632962588473205], ["verify daily rate", 7.627676557348604], ["actual cp outstand", 7.626304579339723], ["funding settlement engine", 7.62545579635363], ["psgl extract lead", 7.625], ["bmo harris 2e", 7.625], ["bmo harris 2b", 7.625], ["bmo harris 2d", 7.625], ["bmo harris 2a", 7.625], ["bmo harris 2f", 7.625], ["bmo harris 2c", 7.625], ["bmo harris 2g", 7.625], ["bmo harris shub-301", 7.625], ["verify request pass", 7.623529411764706], ["cp trade load", 7.623059741581611], ["cp trade callable", 7.623059741581611], ["pbi-143794 cp trade", 7.623059741581611], ["saml deal test", 7.617170675208571], ["journal date configuration", 7.616804447667391], ["party pool issuer", 7.616412213740459], ["instrument >> cashflow", 7.611801242236025], ["crossreference click icon", 7.610416666666667], ["date maturity date", 7.607656514382403], ["journal post manager", 7.6], ["benchmark rate create", 7.594395280235988], ["' description '", 7.593333333333334], ["pal facility document", 7.591428571428572], ["portfolio datum definition", 7.587118638375992], ["move configuration history", 7.581954887218046], ["current limit guideline", 7.57979797979798], ["cof accrual duplication", 7.578431372549019], ["manual journal template", 7.572732432961441], ["report delete resynchronize", 7.570744540910287], ["action request anymore", 7.557142857142857], ["instrumentcouponaccrualdetails column instrumenttype", 7.553333333333333], ["instrumentcouponaccrualownerdetails column instrumenttype", 7.553333333333333], ["instrumentsaledeferredamountsources column instrumenttype", 7.553333333333333], ["instrumentsaledeferredamounts column instrumenttype", 7.553333333333333], ["instrumentsaledeferredamountsaletransfers column instrumenttype", 7.553333333333333], ["instrumentsaleamortizationdetails column instrumenttype", 7.553333333333333], ["investorincomeconfiguration column instrumenttype", 7.553333333333333], ["instrumentamountamortizationprocessinfo column instrumenttype", 7.553333333333333], ["zip-verify field mandatory", 7.547188106011635], ["cof result expect", 7.546296296296296], ["renew exist deal", 7.546050475254015], ["grouping expand test", 7.533073061907418], ["multi-level cp deal", 7.531614313852997], ["renew cp deal", 7.531614313852997], ["respective cp deal", 7.531614313852997], ["add extra obligor", 7.522012578616353], ["auto reconciliation tolerance", 7.519230769230769], ["update date configuration", 7.503269094132039], ["house price index", 7.502673796791443], ["boolean record show", 7.501032893691403], ["current remittance tab", 7.50079365079365], ["benchmark rate verify", 7.5002255769564465], ["expose d_lastmodify sh_tdsi", 7.5], ["description trigger category", 7.5], ["null reference exception", 7.5], ["daily yield index", 7.494500239120038], ["approver reject request", 7.491666666666666], ["pull credit score", 7.491606714628297], ["activities-pull credit score", 7.491606714628297], ["test prepayment report", 7.487367386367488], ["daily interest calculation", 7.485374477659917], ["coupon rate calculate", 7.481330746296909], ["engine field /", 7.481325863678805], ["correct accrual basis", 7.479946524064172], ["accrual period pool", 7.4726213640672565], ["cp accrual cof", 7.471402618555409], ["funding definition configuration", 7.465723715228666], ["field '' portfolio", 7.465272154443545], ["multiple search set", 7.461279461279462], ["remittance month project", 7.461152882205514], ["rate table ui", 7.45699919549477], ["approval receive email", 7.456271186440678], ["user e-signature configure", 7.453685258964144], ["user configure e-signature", 7.453685258964144], ["gray reverse change", 7.448773448773449], ["select deal >>", 7.444525420787784], ["nesto test task", 7.440066068900425], ["mouse button click", 7.4375], ["upfront fee type", 7.432306255835668], ["validation exchange rate", 7.430354701777107], ["eir pool cashflow", 7.429904277232522], ["merge statement entity", 7.4298245614035086], ["pledge external entity", 7.4298245614035086], ["create match bankflows", 7.429463820926601], ["equifax paynet work", 7.429292929292929], ["non-associate crossreference delete", 7.428571428571429], ["enter ' definition", 7.427319596824548], ["open unamortize balance", 7.423076923076923], ["settlement engine term", 7.422557245628992], ["loan pool ltv", 7.418621049081823], ["cp interest cost", 7.4175614099408165], ["content email correct", 7.412467532467533], ["qa conversion script", 7.410638297872341], ["reload tab create", 7.410556257901391], ["report date range", 7.403373164401854], ["current day maturity", 7.40264857881137], ["pal type-full_review require", 7.395], ["asset viewer >>", 7.394623655913978], ["cp issuance report", 7.393647759705793], ["program cof pool", 7.38750926015396], ["prerequisite properly word", 7.382352941176471], ["source file update", 7.379169048980369], ["loan select list", 7.375635047931665], ["yield curve upload", 7.371951219512195], ["edit program inherit", 7.369581894898351], ["password target reset", 7.366666666666667], ["day outstand period", 7.366537467700258], ["user close screen", 7.362018592297477], ["add list current", 7.361778660487698], ["asset browser result", 7.357586618876942], ["verify approvers turn", 7.352100840336135], ["delete date configuration", 7.352042542905487], ["holiday calendar '", 7.351428571428572], ["defer amortization process", 7.350741457124436], ["error tooltip show", 7.3506068194952805], ["test estimate bug-115320", 7.343392472226828], ["lender portfolio field", 7.3433209349313495], ["approval add approval", 7.341221618164374], ["verify compound factor", 7.340196078431372], ["status column header", 7.339047619047619], ["cp interest expense", 7.338614041519763], ["yield curve empty", 7.33623693379791], ["row interest income", 7.332433301189328], ["service term product", 7.3304347826086955], ["approval definition enable", 7.3242459839204255], ["prepayment report update", 7.321971092136838], ["event handler issue", 7.3200645508337825], ["sum increase amount", 7.319727891156462], ["sum decrease amount", 7.319727891156462], ["deal search template", 7.31029548949903], ["program amount outstand", 7.307491604236631], ["enable valuation date", 7.305722196585141], ["maturity date trade", 7.304750086099756], ["error activate iyieldcurvesservice", 7.298882681564246], ["fixe rate issue", 7.2938678823634575], ["' spread '", 7.293333333333334], ["remove approval totally", 7.290556900726392], ["' currency '", 7.283809523809524], ["update approval save", 7.279646402011016], ["generate report datum", 7.279630854056235], ["yield maturity toggle", 7.279002501563477], ["error found test", 7.277410288926209], ["investment instrument fixe", 7.270531400966184], ["term advisory deal", 7.269077850455303], ["interest bearing instrument", 7.267343787122833], ["status = current", 7.26031746031746], ["verify tag read-only", 7.256862745098039], ["ui table change", 7.253318903318903], ["loan reserve pool", 7.251954382415157], ["confirmation append replace", 7.25], ["date select report", 7.24771705580457], ["fetch post event", 7.247337278106508], ["program setup screen", 7.2407048895507575], ["click cancel quit", 7.240301724137931], ["merge document field", 7.239495798319328], ["n_authorizedltv field dbo", 7.239495798319328], ["user unable enter", 7.234090664369549], ["day configure holiday", 7.230426356589148], ["deal pal facility", 7.230071639275179], ["transaction date transaction", 7.228647097770912], ["cp deals-validate user", 7.221656504970533], ["visible column chooser", 7.219999999999999], ["advisory deal type", 7.2180081472116875], ["' yield '", 7.215284552845529], ["return expect result", 7.212962962962964], ["cmb late date", 7.210414278696578], ["associate correspond deal", 7.205309734513274], ["loan investor empty", 7.20509104085515], ["set pool type", 7.2033530506812955], ["cp funding definition", 7.201552104092199], ["settlement amount column", 7.201131399928393], ["exercise date call", 7.199661590524535], ["' field match", 7.197927170868347], ["credit decision status", 7.1939876670092495], ["date cp class", 7.189124064601099], ["add extra payer", 7.188679245283019], ["delete unmap group", 7.186904761904762], ["' price '", 7.1842424242424245], ["edit field valid", 7.183218742042271], ["entity loan income", 7.182033396744874], ["'' investor remittance", 7.179595329787883], ["modify exist rfr", 7.178668404474856], ["file date process", 7.177046844104088], ["instrument current period", 7.17608695652174], ["validation current balance", 7.175880758807589], ["criterion ' '", 7.175300546448088], ["display sum discount", 7.172936259143157], ["cancel approval request", 7.172822910578609], ["extend property miss", 7.171717171717171], ["loan source dropdown", 7.171256454388984], ["bug found test", 7.166027607361963], ["cp trade maturity", 7.164726408248278], ["exago timeout issue", 7.161616161616163], ["' settle invoice", 7.160952380952381], ["deal successfully create", 7.156342182890855], ["add cashflow transaction", 7.155552951287159], ["funding definition datum", 7.149960168430637], ["update fee matrix", 7.147553971083383], ["administration company setup", 7.146772345301757], ["development effort estimate", 7.145801319714364], ["deal show grouping", 7.144912660323097], ["aqua deal model", 7.1386430678466075], ["job definition scheduler", 7.137270228570845], ["give unexpected error", 7.13221601489758], ["rate type drop", 7.130420218915794], ["template display grid", 7.129196665403562], ["add manual journal", 7.1267962936290745], ["formula builder screen", 7.124494949494949], ["static compliance template", 7.122710622710622], ["/ holiday /", 7.122222222222223], ["'' title custodian", 7.121951219512195], ["update funding definition", 7.121712171217123], ["table display ''", 7.120645054412927], ["update deal user1", 7.118441047644588], ["store basisswapvalues table", 7.113636363636363], ["store fixedswapvalues table", 7.113636363636363], ["approver approve request", 7.110852713178295], ["'' '' post", 7.110569105691057], ["delete manual journal", 7.100021810250818], ["' view '", 7.093333333333334], ["rfr calc difference", 7.092473118279569], ["double click criterion", 7.09238387978142], ["accrual journal posting", 7.088431372549019], ["automate tests-not migrate", 7.079365079365079], ["create engine formula", 7.078973624848169], ["general cashflow tab", 7.078571428571429], ["workflow 3- add", 7.0775681341719086], ["seller dropdown visibility", 7.0773809523809526], ["api exchange rate", 7.076696165191741], ["funding projection report", 7.0755064456721914], ["document field pdf", 7.072829131652661], ["outstandingprincipalbalance ' formula", 7.060555555555556], ["update cp program", 7.060532938884538], ["create match cashflows", 7.054463820926601], ["contact details-business number", 7.0476190476190474], ["interest detail table", 7.047317436661698], ["deal credit decision", 7.0469164491415714], ["' calculate swap", 7.046666666666667], ["db entry account", 7.046666666666666], ["filter group '", 7.043364779874214], ["add extra vendor", 7.042845911949686], ["approve reject approver", 7.0358527131782935], ["verify save empty", 7.028059028489444], ["'' report delete", 7.026029093755815], ["miss post event", 7.025115055884287], ["create merge document", 7.017699115044248], ["scroll list tag", 7.017543859649123], ["process manual journal", 7.016131232743219], ["edit matrix create", 7.014332111677245], ["extensible entity type", 7.009189640768588], ["'' field mandatory", 7.0024726588571635], ["verify maturity date", 6.99819100228924], ["current system date", 6.998074288937233], ["add funding definition", 6.997260103368827], ["system date =", 6.99489968576263], ["field funding expense", 6.993881763231608], ["effective date transaction", 6.991932121925501], ["change require approval", 6.990953726123218], ["loan investor editable", 6.990805326569435], ["display sum face", 6.987621573828471], ["instrument fx rate", 6.9861164550468136], ["' email '", 6.973333333333334], ["check filing status", 6.970899470899471], ["mandatory fee select", 6.966515837104072], ["cancel / reject", 6.965996168582375], ["bug fixe stabilization", 6.965277777777778], ["cp trades- validate", 6.958188637310737], ["cp trade dealer", 6.956393074914944], ["mandatory field enter", 6.9525935114170405], ["verify settlement date", 6.9512611777278375], ["duplicate key error", 6.948882681564246], ["change make screen", 6.948015873015873], ["filter sort '", 6.945194048166897], ["red exclamation tab", 6.942857142857143], ["verify filter '", 6.94189419163892], ["issue pass null", 6.93939393939394], ["update cp trade", 6.936191054712924], ["fee type enhancement", 6.932306255835668], ["debit credit account", 6.9249400479616305], ["validate program commitment", 6.919647771051183], ["catch validate fee", 6.918158567774936], ["delete cp program", 6.9093063876579865], ["save grid file", 6.899138781145224], ["proceeds ' column", 6.891666666666666], ["mark deal default", 6.8886430678466075], ["instrument rfr difference", 6.885226741467974], ["total cp outstand", 6.88344743648258], ["' system setup", 6.875798319327732], ["finalize process engine", 6.875399805312195], ["verify filter filter", 6.866925638179801], ["additional information tab", 6.865584415584415], ["date time type", 6.862360003222948], ["verify report generate", 6.861780955476113], ["trust display report", 6.858523100610029], ["criterion search field", 6.858500048471119], ["'' repo counterparty", 6.855284552845529], ["validate dropdown menu", 6.850931677018633], ["bmo harris rfr", 6.850806451612903], ["currency cp class", 6.846605331219422], ["fs account type", 6.846031746031747], ["batch execute search", 6.840608465608466], ["validate interest bearing", 6.8398075552387745], ["select cp deal", 6.8374966667941734], ["cp deal select", 6.8374966667941734], ["delete field valid", 6.829971988795519], ["delete unmap contact", 6.828571428571428], ["duplicate journal posting", 6.826666666666666], ["credit approval limit", 6.825453658644732], ["user add record", 6.823816117150388], ["enhance accrual process", 6.823112223612849], ["clone cp deal", 6.817328599567283], ["amount verify field", 6.81608643457383], ["exist credit condition", 6.815680788702371], ["bmo harris add", 6.813679245283019], ["copy code check", 6.805555555555555], ["save change make", 6.804926442121564], ["accrual delete trade", 6.803757963362336], ["drop-down credit rating", 6.79926717011484], ["error indicator clear", 6.798882681564246], ["object ' update", 6.79729797979798], ["alphabet number field", 6.787114845938375], ["add funding class", 6.785170473353194], ["delete yield curve", 6.7838559814169574], ["verify drop display", 6.782945857388048], ["delete criterion search", 6.780909012056553], ["add formula builder", 6.779840861444635], ["update accounting standard", 6.776545947277654], ["additional formula field", 6.7761119599354895], ["cp discount remain", 6.7760881291232735], ["verify field populate", 6.7741363211951455], ["verify bp user", 6.75221467072885], ["populate user select", 6.745678723016431], ["field generate system", 6.745098039215686], ["display information instrument", 6.744477761119441], ["total net proceeds", 6.743012422360248], ["administration job scheduler", 6.741568158363824], ["exist remittance tpp", 6.740740740740741], ["process job scheduler", 6.740036888215533], ["bmo harris invoice", 6.739285714285714], ["round issue engineresults", 6.7272727272727275], ["delete criterion test", 6.722399582381479], ["trust accrual report", 6.718563668561348], ["verify field display", 6.714749348015069], ["schedule report error", 6.707722460569771], ["credit rating test", 6.706366206048232], ["adjustment estimate datum", 6.706244175209692], ["verify share user", 6.704595623109802], ["spread handle negative", 6.7], ["fee type class", 6.69546415057251], ["user details-reset password", 6.69535192563081], ["finalize trust engine", 6.695344804588502], ["bug cpdeal view", 6.6875], ["enable change make", 6.687409812409813], ["create field valid", 6.685766341935004], ["error message show", 6.683940152828614], ["mail setup user", 6.681626435434732], ["exago field display", 6.680108825139251], ["row ' add", 6.676522382537922], ["verify rfr interest", 6.673926027312035], ["deal advance report", 6.672482846852132], ["special funding invoice", 6.669841269841269], ["api method pbi-121627", 6.666666666666666], ["verify report element", 6.665702524103564], ["eod job require", 6.664473684210526], ["' unfinalize invoice", 6.660952380952381], ["cp trade option", 6.660096778618648], ["term numeric field", 6.65564486664231], ["mortgage term amount", 6.651917059730071], ["pbi test suite", 6.6509414004654115], ["cp discount outstand", 6.6475167005518445], ["bmo harris create", 6.642699115044248], ["accrual finalize trade", 6.641853201457574], ["delete create range", 6.641142338487471], ["advance system date", 6.634185400048344], ["party pool create", 6.634111328784707], ["trade job invoice", 6.633847894071462], ["datum crossreference create", 6.625745092055743], ["invoice tab invoice", 6.621428571428572], ["/ option deal", 6.620124549328089], ["string field create", 6.614337770506433], ["delete rfr methodology", 6.609933435739888], ["create script add", 6.606378360327266], ["import file permission", 6.605720275531596], ["fail display low", 6.603448275862069], ["administration document create", 6.597244569589703], ["coupon spread default", 6.597058823529412], ["credit condition add", 6.596952626577982], ["update exist batch", 6.595538720538721], ["user enter string", 6.591233521512406], ["cp invoice process", 6.585271144689266], ["accounting cashflows matrix", 6.569896115627822], ["object reference error", 6.56971601489758], ["instrument general premium", 6.559420289855073], ["update exist user", 6.549223979502864], ["refresh button enable", 6.548295454545455], ["user refresh screen", 6.5438367741156585], ["add bankflow transaction", 6.536505332239541], ["datum crossreference sort", 6.534875245304177], ["post event fixe", 6.525115055884286], ["post status option", 6.522751322751323], ["amortization post event", 6.520064550833782], ["create instrument premium", 6.510452738232654], ["loan investor create", 6.508504441613683], ["/ holidaycalendar /", 6.507936507936508], ["display trust column", 6.503016654937838], ["select usd currency", 6.496358543417367], ["verify total number", 6.494957983193277], ["view instrument premium", 6.492753623188406], ["column equal face", 6.489230769230769], ["verify discount populate", 6.489185977421272], ["validate amount formula", 6.482167504683032], ["verify field mandatory", 6.470717517776341], ["verify ' gettrustliabilityvalue", 6.470196078431373], ["trust / seller", 6.467403628117914], ["return error message", 6.465549348230914], ["asset extend property", 6.45522971652004], ["view step detail", 6.454545454545454], ["account additional detail", 6.448484848484848], ["remittance type default", 6.448412698412699], ["validate amount trade", 6.448367111369365], ["cp event dashboard", 6.446802030606405], ["update error message", 6.445347328028893], ["test bug fixe", 6.443805385139741], ["client create schema", 6.4413833255705635], ["warn message show", 6.440613026819924], ["high shub abcp", 6.43796992481203], ["business day month", 6.436420508635931], ["amount format money", 6.430839002267573], ["grand total yield", 6.4235385210994975], ["type / cancel", 6.420361247947454], ["error message pop", 6.417930300611865], ["verify credit score", 6.415136126393003], ["add entry grid", 6.411536388140162], ["program select default", 6.410312732688012], ["verify object '", 6.407696078431373], ["instrument report finalize", 6.401593402193931], ["api refactor branch", 6.4], ["buy sell trade", 6.396755162241888], ["sort / group", 6.396273712737127], ["delete credit rating", 6.38974336059103], ["update exist contact", 6.3872053872053876], ["default criterion show", 6.383691351045789], ["rmbs trust entity", 6.380022551047127], ["select fee remove", 6.3731092436974786], ["priority type option", 6.366402116402116], ["display field validate", 6.35643732755471], ["verify duplicate entry", 6.353529411764706], ["vendor credit score", 6.345773381294965], ["datum validation boolean", 6.337894989787337], ["column datum grid", 6.337569786535304], ["save deal error", 6.327769651849877], ["verify full trust", 6.321488595438176], ["invoice start date", 6.313947304810249], ["instrument past period", 6.312198067632851], ["add validation formula", 6.306226670757274], ["verify '' open", 6.301890887687158], ["select currency error", 6.295241224981613], ["verify reset password", 6.290196078431373], ["validate program fee", 6.272588947521772], ["option select role", 6.268845315904139], ["collateral loan long", 6.26649454962708], ["post / holidaycalendar", 6.263492063492064], ["past period grid", 6.262301587301588], ["verify journal reverse", 6.259286987522282], ["country select dropdown", 6.258263305322129], ["instrument general add", 6.248099535138092], ["handle post event", 6.247337278106508], ["update accounting book", 6.220990391722099], ["create instrument add", 6.199131983515672], ["terminate cp deal", 6.198280980519664], ["instrument instrument history", 6.196033562166285], ["deal select default", 6.194525420787784], ["verify delete button", 6.1791841736694675], ["string field address", 6.168067226890756], ["update validation view", 6.166789849716679], ["select add contact", 6.161228264890862], ["credit rating sort", 6.154667866978952], ["credit rating verify", 6.151368010450975], ["verify cdor cmb", 6.100948766603416], ["swap instrument bug", 6.0893445322793145], ["product type error", 6.078247760929326], ["verify user select", 6.058097023670026], ["duplicate accounting book", 6.057859078590786], ["error user turn", 6.056139369099817], ["execute estimate sales", 6.043436293436294], ["user create add", 6.03506361929141], ["cp deal api", 6.031614313852997], ["entity create type", 6.026888755812836], ["validate invoice datum", 6.02088241593489], ["user add row", 5.9585409748353975], ["validate duplicate field", 5.954713189623676], ["entity entity type", 5.939014202172097], ["sort entity type", 5.936018909061271], ["verify total face", 5.883236371471666], ["validate province mandatory", 5.872909698996655], ["validation entity type", 5.862848177353954], ["bmo harris analytics", 5.847222222222222], ["ensure user create", 5.846384374008391], ["purge cp transaction", 5.846060490857649], ["entity type user", 5.837874899732732], ["cleanup dev estimate", 5.832949971247844], ["verify vendor create", 5.7953951934756205], ["validate finalize trade", 5.795305886879569], ["invoice report version", 5.773125493291239], ["verify trust entity", 5.751313156841684], ["core corra function", 5.7282587064676616], ["holidaycalendar id invalid", 5.716949716949717], ["error open instrument", 5.714713227829575], ["work properly", 5.700534759358289], ["validation percentage round", 5.641537324464155], ["daily cof", 5.627450980392156], ["ucc filing", 5.613289760348584], ["principal balance", 5.611111111111111], ["compound period", 5.611111111111111], ["exchange rate", 5.57669616519174], ["benchmark rate", 5.57669616519174], ["user role error", 5.553493866454315], ["validate country mandatory", 5.539576365663322], ["error message prompt", 5.53221601489758], ["high date indexratedetails", 5.506679134384184], ["document manager", 5.473333333333333], ["user permission create", 5.457495485119502], ["bank reconciliation", 5.456730769230769], ["export file", 5.441037735849056], ["\u2019 flag", 5.416666666666666], ["interest income", 5.391256830601093], ["core corra cmb", 5.390752688172043], ["record show", 5.358175750834261], ["match fund", 5.354621848739496], ["rate ui", 5.343362831858407], ["commercial paper", 5.338823529411764], ["facility set", 5.329004329004329], ["cof amount", 5.319727891156463], ["share program", 5.306811332127788], ["principal interest", 5.302367941712204], ["determination date", 5.297700806210809], ["search set", 5.294612794612795], ["settlement engine", 5.292122463020296], ["preprocess toggle", 5.282051282051282], ["development effort", 5.280936454849499], ["corra rate", 5.276696165191741], ["approval request", 5.2762711864406775], ["interest bearing", 5.274590163934427], ["bmo harry", 5.269444444444445], ["portfolio definition", 5.2457393280311635], ["rate negative", 5.243362831858407], ["match record", 5.218216318785579], ["export datum", 5.216379310344827], ["tdsi exago issue", 5.207593173110414], ["formula- >", 5.207407407407407], ["cp commission", 5.1929712460063895], ["date configuration", 5.190137781000725], ["template '", 5.181282051282052], ["search result", 5.166666666666667], ["correct datum", 5.159561128526645], ["buy amortize 0", 5.159090909090909], ["full amount", 5.153061224489796], ["run eir", 5.144444444444445], ["ui change", 5.139682539682539], ["portfolio datum", 5.111871113623517], ["remain unamortize", 5.095238095238095], ["' 0 '", 5.093333333333334], ["pal facility", 5.091428571428572], ["' change", 5.086349206349206], ["compliance engine", 5.083099906629318], ["maturity date", 5.074661590524535], ["amount accrual", 5.064825930372148], ["approval definition", 5.051518711193153], ["popup '", 5.046666666666667], ["settlement maturity", 5.036403508771929], ["post gl", 5.033333333333333], ["request return 204", 5.033333333333333], ["base date", 5.032994923857868], ["valuation date", 5.032994923857868], ["settlement date", 5.027731765963131], ["' definition", 5.0219141914191425], ["sum transaction", 5.0144927536231885], ["manual adjustment", 5.011450381679389], ["loan cashflows", 5.010542168674698], ["configuration setup", 5.010084033613445], ["range '", 5.0082051282051285], ["program amount", 5.007491604236631], ["loan cashflow", 5.004589787722318], ["= edit", 5.000865800865801], ["select period", 5.000326797385621], ["merge document", 5.0], ["word word", 5.0], ["archive editable", 5.0], ["document duplication", 5.0], ["datum configuration", 4.9985221674876845], ["option deletion", 4.99537037037037], ["delete reference", 4.995238095238095], ["date range", 4.99453338539633], ["rate expect", 4.993362831858407], ["manual test", 4.9899779890413525], ["run job", 4.989473684210527], ["instrumenttype = 4", 4.985714285714286], ["pool cashflow", 4.985459832788077], ["cp issuance", 4.984807980700268], ["valid date", 4.961566352429296], ["reserve id", 4.961538461538462], ["display report", 4.960563916936559], ["outstand amount", 4.953061224489796], ["discrepancy schema", 4.95], ["corra index", 4.9450980392156865], ["accrual date", 4.94475962974022], ["issue identify", 4.9393939393939394], ["manual journal", 4.938117048346056], ["cp maturity", 4.934637912673056], ["save change", 4.929926442121564], ["clone template", 4.92032967032967], ["compliance template", 4.92032967032967], ["' pool", 4.9130788804071255], ["datum modification", 4.912807881773399], ["swap provider", 4.909090909090909], ["credit decision", 4.908273381294964], ["rmbs program", 4.906669185716985], ["display program", 4.90615451767787], ["edit save", 4.905395417590539], ["toggle status", 4.9010989010989015], ["corra pool", 4.899745547073792], ["' fee", 4.899607843137256], ["click '", 4.890416666666667], ["' click", 4.890416666666667], ["rfr configuration", 4.8829493087557605], ["drop-down mandatory", 4.8791208791208796], ["add list", 4.872889771598809], ["ui issue", 4.872727272727273], ["approve reject", 4.8691860465116275], ["approval status", 4.861985472154963], ["mail setup", 4.852941176470589], ["settle fee", 4.852941176470589], ["modification entry", 4.851428571428571], ["populate field", 4.850606909430439], ["refactor eir", 4.844444444444445], ["store datum", 4.841379310344827], ["select date", 4.838877276799044], ["fee matrix", 4.83442265795207], ["payer instruction", 4.833333333333334], ["funding cost", 4.833333333333334], ["paynet score", 4.833333333333334], ["end dropdown", 4.8311688311688314], ["previous settlement", 4.828070175438597], ["'' pool 100", 4.821696766585987], ["delete configuration", 4.819047619047619], ["pop screen", 4.819047619047619], ["cptradeinterestdetails correct", 4.818181818181818], ["139088 dev effort", 4.814238952536825], ["139089 dev effort", 4.814238952536825], ["update source", 4.813131313131313], ["valid number", 4.809523809523809], ["funding definition", 4.808580858085809], ["duplicate configuration", 4.807142857142857], ["issue date", 4.80572219658514], ["filter tag", 4.80503144654088], ["holiday calendar", 4.8047619047619055], ["cp accrual", 4.804735951888743], ["cptrades refactor", 4.8], ["loan accrual", 4.7973068745570515], ["datum ''", 4.796663863190355], ["business calendar", 4.793650793650794], ["display field", 4.7912199362503625], ["show field", 4.7912199362503625], ["eod job", 4.789473684210526], ["schedule job", 4.789473684210526], ["'' lender", 4.788617886178862], ["clone document", 4.785714285714286], ["cumulative interest", 4.7854597291518175], ["date time", 4.782994923857868], ["total issuance", 4.782312925170068], ["approval level", 4.7762711864406775], ["status current", 4.7746031746031745], ["portfolio variance", 4.770491803278689], ["portfolio insurance", 4.770491803278689], ["bank administration", 4.767045454545455], ["add approval", 4.764950431723697], ["job definition", 4.764721208963001], ["trade date", 4.763083419433089], ["rmbs history", 4.762765121759623], ["report setup", 4.761780955476113], ["return journal", 4.76], ["save pool", 4.7566561161794825], ["business date", 4.75521714608009], ["funding expense", 4.754385964912281], ["upload integrate", 4.75], ["cp program", 4.747401625753225], ["day day", 4.744186046511628], ["rate subtotal", 4.743362831858407], ["forward rate", 4.743362831858407], ["spot rate", 4.743362831858407], ["funding report", 4.742173112338858], ["status ''", 4.740998838559814], ["document field", 4.739495798319328], ["description field", 4.739495798319328], ["activate field", 4.739495798319328], ["left screen", 4.733333333333333], ["cpdeals refactor", 4.733333333333333], ["message box", 4.733333333333333], ["asset browser", 4.727956989247312], ["investor remittance", 4.724310776942356], ["general configuration", 4.723809523809524], ["report update", 4.7219710921368385], ["toggle button", 4.709134615384615], ["ucc filing-debtor", 4.705882352941177], ["import enable", 4.701298701298701], ["inherit cpfundingdefinition", 4.7], ["'' approve", 4.699470599357156], ["trust engine", 4.695344804588502], ["prior period", 4.694444444444445], ["user1 create", 4.684365781710914], ["corporate list", 4.684210526315789], ["cashflow summary", 4.677871148459383], ["/ holiday", 4.677777777777778], ["deal search", 4.675680104883645], ["day outstand", 4.6720930232558135], ["update program", 4.667561692878149], ["pdf pdf", 4.666666666666667], ["funding projection", 4.666666666666667], ["wa cof", 4.666666666666666], ["actual maximum", 4.666666666666666], ["authorize ltv", 4.666666666666666], ["extend gettrustliabilityvalue", 4.666666666666666], ["double count", 4.666666666666666], ["cp issue", 4.665698518733663], ["job scheduler", 4.662022703818369], ["delete document", 4.661904761904761], ["basis swap", 4.659090909090909], ["trust set", 4.655534941249227], ["amount input", 4.653061224489796], ["aggregate amount", 4.653061224489796], ["pool status", 4.652126499454743], ["table screen", 4.6469696969696965], ["portfolio batch", 4.645491803278689], ["button display", 4.645474137931035], ["field enter", 4.644901203724733], ["/ cpfundingdefinition", 4.644444444444445], ["effective date", 4.64410603496898], ["generate invoice", 4.643697478991596], ["' button", 4.640416666666667], ["cancellation template", 4.634615384615385], ["cumulative 30 day", 4.632962588473205], ["search button", 4.630787037037037], ["journal post", 4.626666666666667], ["post journal", 4.626666666666667], ["bmo harris", 4.625], ["bmo harris 5", 4.625], ["115730 bmo harris", 4.625], ["bmo harris 1", 4.625], ["bmo harris 3", 4.625], ["bmo harris 4", 4.625], ["configure esignature", 4.625], ["cp trade", 4.623059741581611], ["cp trade 100", 4.623059741581611], ["120750 cp trade", 4.623059741581611], ["yield curve", 4.621951219512195], ["funding status", 4.619047619047619], ["inventory cashflow", 4.619047619047619], ["party pool", 4.616412213740459], ["basisswapvalues table", 4.613636363636363], ["fixedswapvalues table", 4.613636363636363], ["accrual calc", 4.6117647058823525], ["datum crossreference", 4.6080459770114945], ["current invoice", 4.603174603174603], ["' column", 4.6], ["prepayment provision", 4.6], ["pal type", 4.5993650793650795], ["formula return", 4.597222222222222], ["entity visibility", 4.5964912280701755], ["business day", 4.594315245478036], ["date asset", 4.594285246438513], ["change column", 4.593015873015872], ["formula builder", 4.5911616161616156], ["verify sum", 4.590196078431372], ["delete journal", 4.588571428571429], ["funding condition", 4.583333333333334], ["approval dashboard", 4.582764692934184], ["trust list", 4.582169709989259], ["reserve type", 4.579365079365079], ["duplicate journal", 4.576666666666666], ["approval proceed", 4.576271186440678], ["delete index", 4.573669467787115], ["index delete", 4.573669467787115], ["score field", 4.572829131652661], ["settlement process", 4.572751026502426], ["attach file", 4.566037735849056], ["141324 asset rank", 4.561290322580645], ["matrix type", 4.560846560846561], ["term remain", 4.559006211180124], ["remain term", 4.559006211180124], ["settlement summary", 4.553560371517028], ["net proceeds", 4.552536231884058], ["rmbs liability", 4.552238805970149], ["delete save", 4.552148664343786], ["display accurately", 4.551724137931035], ["issue fixe", 4.55050505050505], ["fixe issue", 4.55050505050505], ["entity remittance", 4.548872180451128], ["field mandatory", 4.547188106011635], ["isin '", 4.546666666666667], ["notionalvalue '", 4.546666666666667], ["modify mode", 4.545454545454545], ["rmbs instrument", 4.544992429158555], ["static datum", 4.54376026272578], ["accept change", 4.5396825396825395], ["change discussion", 4.5396825396825395], ["change validationerrorsas", 4.5396825396825395], ["port change 112570", 4.5396825396825395], ["/ button", 4.538194444444445], ["initial search", 4.537037037037037], ["creation date", 4.532994923857868], ["termination date", 4.532994923857868], ["click add", 4.532429245283019], ["109524 cp deal", 4.531614313852997], ["cp deal", 4.531614313852997], ["112174 cp deal", 4.531614313852997], ["112173 cp deal", 4.531614313852997], ["112176 cp deal", 4.531614313852997], ["112175 cp deal", 4.531614313852997], ["instrument screen", 4.526086956521739], ["column filter", 4.525031446540881], ["/ type", 4.523809523809524], ["workflow template", 4.523504273504273], ["table exist", 4.521043771043772], ["equifax report", 4.519950890116636], ["delete program", 4.516335141651597], ["additional field", 4.5122230710466], ["field enable", 4.5122230710466], ["manual input", 4.511450381679389], ["system date", 4.509185400048344], ["cp invoice", 4.5072569602921035], ["update add", 4.501810558414332], ["store proc", 4.5], ["27 hotfix branch", 4.5], ["external synchronization", 4.5], ["monthly factor", 4.5], ["similar cdor", 4.5], ["calculate swap", 4.5], ["description carry", 4.5], ["investor tab", 4.4981203007518795], ["filter group", 4.496698113207547], ["credit score", 4.491606714628297], ["current deployer", 4.488888888888889], ["report administration", 4.4883852335509795], ["report type", 4.4882048583706045], ["= view", 4.485714285714286], ["object '", 4.484166666666667], ["original extract", 4.482142857142858], ["fx trade", 4.480088495575221], ["test opti-pool", 4.478527607361963], ["tooltips test", 4.478527607361963], ["automation test", 4.478527607361963], ["tool-tip test", 4.478527607361963], ["test bug-144256", 4.478527607361963], ["loan limit", 4.47645125958379], ["currency dropdown", 4.476190476190476], ["update delete", 4.4750360750360745], ["fix issue", 4.472727272727273], ["additional information", 4.472727272727273], ["role '", 4.4725925925925925], ["accrual summary", 4.470588235294118], ["verify '", 4.470196078431373], ["empty default", 4.464285714285714], ["entity screen", 4.463157894736842], ["interest revenue", 4.462090163934427], ["dat range", 4.461538461538462], ["searchset id", 4.461538461538462], ["acceptable range", 4.461538461538462], ["remittance month 0", 4.461152882205514], ["general tab", 4.45952380952381], ["tranche summary", 4.458823529411765], ["reverse '", 4.455757575757576], ["text ''", 4.455284552845528], ["'' logo", 4.455284552845528], ["step detail", 4.454545454545455], ["primary grouping", 4.454545454545455], ["money datum", 4.452490421455939], ["alphabet numeric", 4.4523809523809526], ["update deal", 4.451774380977921], ["rfr methodology", 4.448028673835125], ["pool type", 4.445777293105538], ["trust '", 4.444625850340136], ["select deal", 4.444525420787784], ["delete entry", 4.441904761904762], ["test task", 4.440066068900425], ["amortization method", 4.4393939393939394], ["string type", 4.436507936507937], ["development bug-115864", 4.434782608695652], ["development bug-142588", 4.434782608695652], ["development bug-144422", 4.434782608695652], ["program type", 4.433795459111915], ["group exist", 4.432407407407407], ["process setup", 4.430955360867751], ["currency field", 4.4299719887955185], ["execute sale", 4.428571428571429], ["disable turn", 4.428571428571429], ["lock turn", 4.428571428571429], ["handling journal", 4.426666666666667], ["funding type", 4.412698412698413], ["regulatory report", 4.408839779005525], ["credit condition", 4.408273381294964], ["create save", 4.407943017483272], ["instrument accrual", 4.404518329070759], ["' action", 4.4038095238095245], ["posting duplicate", 4.4], ["sign box", 4.4], ["exchangerates refactor", 4.4], ["multiple trade", 4.396755162241888], ["asset viewer", 4.394623655913978], ["cp tenor", 4.39297124600639], ["cp maturityallocation", 4.39297124600639], ["collateralized cp", 4.39297124600639], ["borrower tab", 4.392857142857142], ["calculation tab", 4.392857142857142], ["switch tab", 4.392857142857142], ["exposure tab", 4.392857142857142], ["month '", 4.3887719298245615], ["select criterion", 4.38784956605593], ["loan cf", 4.385542168674698], ["loan cfs", 4.385542168674698], ["system report", 4.385030255196002], ["save instrument", 4.38299752562743], ["pool management", 4.382285229613474], ["max 15 number", 4.380952380952381], ["overidden number", 4.380952380952381], ["1 day lookback", 4.372093023255815], ["back day", 4.372093023255815], ["/ open", 4.367521367521368], ["reset password", 4.366666666666667], ["replica pool", 4.366412213740459], ["crossreference button", 4.360416666666667], ["invoice approve", 4.358471760797342], ["funding group", 4.358333333333333], ["string length", 4.357142857142858], ["approver add", 4.355345911949685], ["add approver", 4.355345911949685], ["update option", 4.35016835016835], ["customer transaction", 4.3478260869565215], ["discount cp", 4.347516700551845], ["edit user", 4.343836774115658], ["datum calculation", 4.341379310344827], ["deal information", 4.338643067846608], ["details-funding-deal tag", 4.333333333333334], ["finalize funding", 4.333333333333334], ["111965 enhance trueup", 4.333333333333334], ["i_parentdealid cpdeals", 4.333333333333334], ["log screen", 4.333333333333333], ["exist role", 4.333333333333333], ["calculate field", 4.330404889228419], ["entity refactor", 4.329824561403509], ["system setup", 4.329131652661065], ["add deal", 4.327322313129626], ["bmo centimeter", 4.325], ["cr bmo", 4.325], ["bmo sample", 4.325], ["dropdown 3 option", 4.322751322751323], ["past period", 4.319444444444445], ["design update", 4.313131313131313], ["update er", 4.313131313131313], ["update calculation", 4.313131313131313], ["total yield", 4.312427409988386], ["trust accrual", 4.309723889555823], ["drop selection", 4.3076923076923075], ["select province", 4.305882352941176], ["province select", 4.305882352941176], ["search account", 4.303703703703704], ["112047 add table", 4.302315608919383], ["grand total", 4.301587301587302], ["outstand profile", 4.3], ["development estimate", 4.299647473560517], ["merge error", 4.298882681564246], ["error produce", 4.298882681564246], ["correspond trade", 4.2967551622418885], ["remove approval", 4.290556900726392], ["completion job", 4.289473684210526], ["window pop", 4.285714285714286], ["col entry", 4.279999999999999], ["product type", 4.27936507936508], ["password match", 4.2784313725490195], ["verify program", 4.277959791511542], ["fixe float", 4.277777777777778], ["make tranche", 4.275], ["issue bd", 4.272727272727273], ["statistic enable", 4.272727272727273], ["test review", 4.272342040351654], ["asset history", 4.271816638370119], ["verify transaction", 4.271355498721228], ["instrument amortization", 4.265480895915679], ["formula gettrustliabilityvalue", 4.263888888888889], ["applicationid formula", 4.263888888888889], ["act formula", 4.263888888888889], ["deal advance", 4.2636430678466075], ["dealer entity", 4.2631578947368425], ["non- cumulative", 4.260869565217391], ["save estimate", 4.25510876730389], ["error ''", 4.254167234409774], ["validation script", 4.253658536585366], ["deal invoice", 4.252928782132322], ["outstandingprincipalbalance accurate", 4.25], ["multiple criterion", 4.248633879781421], ["account matrix", 4.2481481481481485], ["post event", 4.247337278106508], ["row select", 4.247058823529412], ["delete criterion", 4.243871975019516], ["addtional field", 4.239495798319328], ["field affordabilitylinkedpool", 4.239495798319328], ["field configurable", 4.239495798319328], ["step add", 4.234133790737564], ["user enter", 4.234090664369549], ["validate cof", 4.231884057971015], ["finalize trade", 4.230088495575221], ["trade mature", 4.230088495575221], ["single trade", 4.230088495575221], ["batch setup", 4.227941176470589], ["16 credit rating", 4.227838598686269], ["credit rating", 4.227838598686269], ["rfr apis", 4.225806451612903], ["rfr module", 4.225806451612903], ["boolean type", 4.222222222222222], ["special case", 4.222222222222222], ["default filter", 4.221698113207547], ["column chooser", 4.22], ["deal administration", 4.218188522392062], ["deal type", 4.2180081472116875], ["enhancement tpp", 4.214285714285714], ["remove document", 4.214285714285714], ["pool secure", 4.212566059894304], ["secure pool", 4.212566059894304], ["corra cmb", 4.210752688172043], ["history retention", 4.210526315789474], ["borrower history", 4.210526315789474], ["fx discount", 4.204545454545455], ["return mortgage", 4.201754385964913], ["mortgage viewer", 4.201754385964913], ["left bar", 4.2], ["wa spread", 4.2], ["execution level", 4.2], ["rmbsprogramloan calc", 4.2], ["total usd", 4.190476190476191], ["total increase", 4.190476190476191], ["total decrease", 4.190476190476191], ["money type", 4.190476190476191], ["doesnt total 100", 4.190476190476191], ["save error", 4.1891265840032705], ["view add", 4.188679245283019], ["journaldateconfiguration add", 4.188679245283019], ["attempt add", 4.188679245283019], ["revenue allocation", 4.1875], ["funding validation", 4.1869918699187], ["verify class", 4.186687306501548], ["investor type", 4.184628237259816], ["field grid", 4.182352941176471], ["add instrument", 4.181432868471425], ["check box", 4.177777777777777], ["field object", 4.176995798319328], ["system information", 4.1761904761904765], ["issue trust", 4.170686456400743], ["verify approve", 4.167715458276334], ["column table", 4.166969696969697], ["fiscal year", 4.166666666666667], ["sell buy", 4.166666666666667], ["buy sell", 4.166666666666667], ["security balance", 4.166666666666667], ["multiple selection", 4.166666666666666], ["multiple scenario", 4.166666666666666], ["new-add approver", 4.166666666666666], ["test bug", 4.166027607361963], ["test bug 141342", 4.166027607361963], ["verify field", 4.163025210084034], ["cp face", 4.162202015237159], ["attachment delete", 4.161904761904761], ["exago issue", 4.161616161616162], ["bug filter", 4.159198113207547], ["121344 bug filter", 4.159198113207547], ["deal create", 4.156342182890855], ["create deal", 4.156342182890855], ["deal management", 4.154516083719623], ["duplicate datatypes", 4.15], ["sell trade", 4.146755162241888], ["total discount", 4.145021645021645], ["ownership tab", 4.142857142857142], ["user update", 4.141816572095457], ["asset type", 4.140655401945725], ["payout deal", 4.1386430678466075], ["deal origination", 4.1386430678466075], ["deal short", 4.1386430678466075], ["warehouse deal", 4.1386430678466075], ["master deal", 4.1386430678466075], ["link deal", 4.1386430678466075], ["context deal", 4.1386430678466075], ["lock deal", 4.1386430678466075], ["user select", 4.13456761190532], ["select user", 4.13456761190532], ["error message", 4.13221601489758], ["error throw", 4.13221601489758], ["throw error", 4.13221601489758], ["unexpected error", 4.13221601489758], ["term subtotal", 4.130434782608695], ["field exago", 4.128384687208216], ["event type", 4.126702357471588], ["validation issue", 4.126385809312639], ["yield subtotal", 4.121951219512195], ["eir cmb", 4.121863799283155], ["pool sales", 4.116412213740459], ["require field", 4.114495798319328], ["invoice finalize", 4.114285714285714], ["unfinalize invoice", 4.114285714285714], ["view invoice", 4.114285714285714], ["finalize invoice", 4.114285714285714], ["monthly invoice", 4.114285714285714], ["attach invoice", 4.114285714285714], ["table design", 4.113636363636363], ["poolloans table 0", 4.113636363636363], ["table dbo", 4.113636363636363], ["cpdailyaccrualtradediscounts table", 4.113636363636363], ["loan property", 4.112814895947426], ["validate '", 4.1118840579710145], ["collateral tab", 4.107142857142857], ["display red", 4.1017241379310345], ["approve vendor", 4.098352713178294], ["id invalid", 4.097902097902098], ["secure party", 4.096153846153847], ["import contact", 4.095238095238095], ["calculate sale", 4.090909090909091], ["price >= 1000", 4.090909090909091], ["computershare calculate", 4.090909090909091], ["verify approver", 4.090196078431372], ["verify long", 4.090196078431372], ["percentage ownership", 4.083333333333334], ["single criterion", 4.081967213114754], ["combination criterion", 4.081967213114754], ["deal grid", 4.081500210703751], ["special character", 4.079365079365079], ["debt type", 4.079365079365079], ["insurance type", 4.079365079365079], ["percent type", 4.079365079365079], ["dept type", 4.079365079365079], ["mortgage history", 4.078947368421053], ["error entry", 4.078882681564245], ["column group", 4.078333333333333], ["seperate process", 4.078014184397163], ["finalize process", 4.078014184397163], ["unfinalize process", 4.078014184397163], ["process unfinalize", 4.078014184397163], ["workflow 2 add", 4.077568134171908], ["approval framework", 4.076271186440678], ["contact exist", 4.074074074074074], ["null >", 4.074074074074074], ["select account", 4.072549019607843], ["instrument type", 4.072118702553485], ["amortization error", 4.071609954291519], ["purchaser drop-down", 4.071428571428571], ["/ holidaycalendar", 4.063492063492063], ["verify deal", 4.062172479611314], ["open deal", 4.061719990923531], ["nonreplacement asset", 4.061290322580645], ["replacement asset", 4.061290322580645], ["instrument general", 4.059420289855073], ["bankflow summary", 4.0588235294117645], ["event dashboard", 4.053830784600015], ["month history", 4.052631578947368], ["invoice revenue", 4.051785714285714], ["access test", 4.049956178790534], ["allocation error", 4.048882681564246], ["step attach", 4.045454545454545], ["investor entity", 4.035087719298246], ["common code", 4.027777777777778], ["show client", 4.025408348457351], ["user add", 4.017364504247162], ["auto-match function", 4.014925373134329], ["obligor-search function", 4.014925373134329], ["guarantor-search function", 4.014925373134329], ["vendor-search function", 4.014925373134329], ["payer-search function", 4.014925373134329], ["payee-search function", 4.014925373134329], ["user refresh", 4.010503440782325], ["create instrument", 4.010452738232654], ["entity type", 4.0091896407685885], ["eligible datum", 4.008045977011494], ["precision file", 4.003537735849056], ["bastien escaich", 4.0], ["ariel gonzalez", 4.0], ["papus koulibaly", 4.0], ["malena bermudez", 4.0], ["james coyle", 4.0], ["satya tumati", 4.0], ["jon pocock", 4.0], ["praveen vijay", 4.0], ["james zhu", 4.0], ["alap bhavsar", 4.0], ["chanakyudu ravuri", 4.0], ["sekhar korimilli", 4.0], ["hardik patel", 4.0], ["mabel tang", 4.0], ["jeanette cabingan", 4.0], ["parth mandalia", 4.0], ["hotfix 2022r4", 4.0], ["bns ny", 4.0], ["customer transactions-", 4.0], ["cpr wal", 4.0], ["ba activity", 4.0], ["susel valdes", 4.0], ["express view", 4.0], ["aaron seaton", 4.0], ["evan knight", 4.0], ["monthly ave", 4.0], ["max length 50", 4.0], ["max length 12", 4.0], ["max length 255", 4.0], ["scroll bar", 4.0], ["interim df", 4.0], ["td specific", 4.0], ["finalize unfinalize", 4.0], ["detect dirty", 4.0], ["joby james", 4.0], ["mazher uddin", 4.0], ["geographic diversity", 4.0], ["true fall", 4.0], ["true false", 4.0], ["workflow-grid view", 4.0], ["thousand separator", 4.0], ["proceed re-couponing", 4.0], ["rbc op", 4.0], ["choose proceed", 4.0], ["sample attach", 4.0], ["await integration", 4.0], ["concentra df", 4.0], ["concurrency support", 4.0], ["initial iteration", 4.0], ["turstid efectivedate", 4.0], ["begin letter", 4.0], ["rmbsprogramloan calculation", 4.0], ["cptraderfrinterestdetails consistent", 4.0], ["excel model", 4.0], ["lbc df", 4.0], ["convert char", 4.0], ["anand balashanmugam", 4.0], ["alberta central", 4.0], ["point post-consolidation", 4.0], ["mortgage term", 3.998855835240275], ["user long", 3.9953519256308097], ["remove fixe", 3.992063492063492], ["field default", 3.9894957983193278], ["115320 add log", 3.988679245283019], ["qa est", 3.988039427815843], ["column sort", 3.980162601626016], ["dev estismate", 3.9680851063829787], ["dev destimate", 3.9680851063829787], ["dev estiamte", 3.9680851063829787], ["shub rt", 3.9642857142857144], ["task satya", 3.9615384615384617], ["ba task", 3.9615384615384617], ["total face", 3.95970695970696], ["boundary ''", 3.9552845528455283], ["securitization ''", 3.9552845528455283], ["subtotal discount", 3.9545454545454546], ["sort group", 3.9518292682926828], ["equipment asset", 3.947653958944282], ["dev est", 3.9454862363264818], ["accounting matrix", 3.944896115627823], ["browse grid", 3.942857142857143], ["grid view", 3.942857142857143], ["creditassignedtouser object", 3.9375], ["mandate entity", 3.9298245614035086], ["entity creation", 3.9298245614035086], ["mortgage asset", 3.929711375212224], ["delete account", 3.9285714285714284], ["sort opti-pool", 3.926829268292683], ["collateral history", 3.924812030075188], ["verify wainstrumentfundings", 3.923529411764706], ["open session", 3.9230769230769234], ["verify instrument", 3.9162830349531115], ["accounting book", 3.907859078590786], ["api refactor", 3.9], ["warn message", 3.8888888888888893], ["workflow-alternate workflow", 3.888888888888889], ["bug fix", 3.8875], ["loan <= 0", 3.8855421686746987], ["minimum $999", 3.875], ["variable pool", 3.866412213740458], ["maximum term", 3.863768115942029], ["total cad", 3.8571428571428577], ["max 3000 character", 3.857142857142857], ["legal action", 3.857142857142857], ["disbursement vendor", 3.854166666666667], ["validation maxmium", 3.8536585365853657], ["validate compliance", 3.8509316770186333], ["user create", 3.846384374008391], ["15th month", 3.8421052631578947], ["great equal 1", 3.833333333333333], ["dev estimate", 3.8329499712478436], ["user accounts-user", 3.8286852589641436], ["user selection", 3.8286852589641436], ["user scroll", 3.8286852589641436], ["user link", 3.8286852589641436], ["journal hold", 3.8266666666666667], ["code review 111319", 3.8215922107674682], ["code review 111345", 3.8215922107674682], ["code review 111407", 3.8215922107674682], ["code review 111452", 3.8215922107674682], ["code review 111755", 3.8215922107674682], ["code review 111973", 3.8215922107674682], ["111766 code review", 3.8215922107674682], ["111997 code review", 3.8215922107674682], ["code review 110576", 3.8215922107674682], ["code review 112071", 3.8215922107674682], ["code review 111326", 3.8215922107674682], ["code review 111248", 3.8215922107674682], ["code review 111270", 3.8215922107674682], ["code review 111486", 3.8215922107674682], ["code review 112219", 3.8215922107674682], ["code review 112079", 3.8215922107674682], ["code review 112418", 3.8215922107674682], ["code review 112760", 3.8215922107674682], ["code review 112394", 3.8215922107674682], ["code review 112395", 3.8215922107674682], ["code review 113712", 3.8215922107674682], ["code review 84825", 3.8215922107674682], ["code review 112537", 3.8215922107674682], ["code review 109553", 3.8215922107674682], ["code review 113358", 3.8215922107674682], ["code review 113673", 3.8215922107674682], ["code review 114235", 3.8215922107674682], ["code review", 3.8215922107674682], ["code review 114606", 3.8215922107674682], ["review code", 3.8215922107674682], ["code review 114718", 3.8215922107674682], ["code review 134468", 3.8215922107674682], ["verify trust", 3.8214885954381757], ["unsaved update", 3.813131313131313], ["validate field", 3.8047131896236754], ["field validate", 3.8047131896236754], ["permission add", 3.79979035639413], ["error sequence", 3.798882681564246], ["error occur", 3.798882681564246], ["http 200 error", 3.798882681564246], ["open batch", 3.7980769230769234], ["review case", 3.7938144329896906], ["collateral type", 3.7936507936507935], ["subtotal face", 3.769230769230769], ["round update", 3.7676767676767677], ["lp account", 3.7666666666666666], ["cmb administration", 3.756964809384164], ["user role", 3.754611184890069], ["verify user", 3.7522146707288493], ["auto-match tolerance", 3.75], ["verification default", 3.75], ["tpp-ownership sales", 3.75], ["accounting fixe", 3.741192411924119], ["maximum $999", 3.7333333333333334], ["api rfr", 3.725806451612903], ["high priority", 3.723684210526316], ["extract button", 3.71875], ["remove clr", 3.7142857142857144], ["amp prod", 3.7142857142857144], ["cmb create", 3.6951184698829573], ["account sort", 3.6934959349593495], ["verify face", 3.6927601809954753], ["group contact", 3.6916666666666664], ["bug gettrustliabilityvalue", 3.6875], ["validate invoice", 3.6795031055900624], ["precision field", 3.6769957983193278], ["server host", 3.666666666666667], ["year incorporationdate", 3.666666666666667], ["low ui", 3.6517241379310343], ["integer type", 3.6349206349206353], ["re-coupon tpps", 3.6], ["error log", 3.5988826815642456], ["user account", 3.59535192563081], ["utilization seller", 3.553571428571429], ["highlight red", 3.55], ["boc api", 3.5], ["n-tier scenario", 3.5], ["pdd cleanup", 3.5], ["decimal type", 3.4793650793650794], ["verify integer", 3.4790849673202615], ["client potentially", 3.473684210526316], ["user permission", 3.4397963700752543], ["account contact", 3.4333333333333336], ["verify par", 3.423529411764706], ["verify ticket", 3.423529411764706], ["tdsi day 2", 3.418070034750067], ["default null", 3.416666666666667], ["reverse reverseposted", 3.409090909090909], ["validate user", 3.3939026502684913], ["core add", 3.368679245283019], ["code check-in", 3.3611111111111107], ["cmb cmb", 3.3548387096774195], ["expire expire", 3.3333333333333335], ["reseed insert", 3.333333333333333], ["exceed max", 3.333333333333333], ["clean part 3", 3.333333333333333], ["check digit", 3.2777777777777777], ["verify submit", 3.256862745098039], ["client account", 3.2403508771929825], ["core trunk", 3.1799999999999997], ["core logic", 3.1799999999999997], ["pbi drive", 3.1724137931034484], ["pbi 82519 2021r2", 3.1724137931034484], ["shub core", 3.144285714285714], ["client contact", 3.1403508771929824], ["tdsi production", 3.045977011494253], ["bug jira 430", 2.9375], ["benchmark", 2.8333333333333335], ["present", 2.8333333333333335], ["record", 2.806451612903226], ["engine", 2.7973856209150325], ["miss", 2.7777777777777777], ["set", 2.757575757575758], ["rate", 2.743362831858407], ["move", 2.7142857142857144], ["company", 2.7142857142857144], ["content", 2.7142857142857144], ["request", 2.7], ["period", 2.6944444444444446], ["difference", 2.6666666666666665], ["cof", 2.6666666666666665], ["configuration", 2.657142857142857], ["amount", 2.6530612244897958], ["coupon", 2.6470588235294117], ["template", 2.6346153846153846], ["result", 2.6296296296296298], ["configure", 2.625], ["reject", 2.625], ["remittance", 2.619047619047619], ["populate", 2.611111111111111], ["expand", 2.6], ["automate ticket", 2.579365079365079], ["file", 2.5660377358490565], ["paper", 2.5588235294117645], ["rmbs", 2.5522388059701493], ["display", 2.5517241379310347], ["show", 2.5517241379310347], ["modify", 2.5454545454545454], ["maturity", 2.5416666666666665], ["change", 2.5396825396825395], ["screen", 2.533333333333333], ["date", 2.532994923857868], ["interest", 2.5245901639344264], ["edit", 2.515151515151515], ["precision 13 scale", 2.508928571428571], ["adjustment", 2.5], ["source", 2.5], ["premium", 2.5], ["document", 2.5], ["schedule", 2.5], ["filter", 2.4716981132075473], ["'' 2816", 2.4552845528455283], ["'' 2820", 2.4552845528455283], ["/ 380", 2.4444444444444446], ["141817 / 143561", 2.4444444444444446], ["development", 2.4347826086956523], ["import", 2.4285714285714284], ["journal", 2.4266666666666667], ["expense", 2.4210526315789473], ["match", 2.411764705882353], ["report", 2.408839779005525], ["> 2560", 2.4074074074074074], ["exist", 2.4074074074074074], ["> 999999999", 2.4074074074074074], ["enter", 2.4054054054054053], ["script", 2.4], ["cptrades", 2.4], ["tab", 2.392857142857143], ["save", 2.3902439024390243], ["loan", 2.3855421686746987], ["31 day", 2.372093023255814], ["day", 2.372093023255814], ["pool", 2.366412213740458], ["2022 pool", 2.366412213740458], ["program", 2.3544303797468356], ["fee", 2.3529411764705883], ["transaction", 2.347826086956522], ["click", 2.34375], ["datum", 2.3413793103448275], ["selector", 2.3333333333333335], ["navigate", 2.3333333333333335], ["element", 2.3333333333333335], ["obligor", 2.3333333333333335], ["cpdeals", 2.3333333333333335], ["funding", 2.3333333333333335], ["bmo", 2.325], ["update", 2.313131313131313], ["mandatory", 2.3076923076923075], ["drop", 2.3076923076923075], ["select", 2.3058823529411763], ["outstand", 2.3], ["job", 2.289473684210526], ["status", 2.2857142857142856], ["dropdown", 2.2857142857142856], ["entry", 2.28], ["fixe", 2.2777777777777777], ["issue", 2.272727272727273], ["enable", 2.272727272727273], ["additional", 2.272727272727273], ["owner blank", 2.267857142857143], ["crossreference", 2.2666666666666666], ["formula", 2.263888888888889], ["class", 2.263157894736842], ["cumulative", 2.260869565217391], ["time", 2.25], ["expect", 2.25], ["posting", 2.25], ["approve", 2.244186046511628], ["field", 2.2394957983193278], ["holiday", 2.2333333333333334], ["trade", 2.230088495575221], ["static", 2.2023809523809526], ["spread", 2.2], ["fix", 2.2], ["information", 2.2], ["post", 2.2], ["total", 2.1904761904761907], ["currency", 2.1904761904761907], ["109555 add 2", 2.188679245283019], ["add", 2.188679245283019], ["114469 add", 2.188679245283019], ["refresh", 2.1818181818181817], ["approver", 2.1666666666666665], ["delete", 2.1619047619047618], ["duplicate", 2.15], ["boolean", 2.142857142857143], ["deal", 2.1386430678466075], ["term", 2.130434782608696], ["seller", 2.125], ["advance", 2.125], ["yield", 2.1219512195121952], ["invoice", 2.1142857142857143], ["table", 2.1136363636363638], ["equifax", 2.111111111111111], ["money", 2.111111111111111], ["investor", 2.1052631578947367], ["button", 2.09375], ["calculate", 2.090909090909091], ["price", 2.090909090909091], ["limit", 2.090909090909091], ["criterion", 2.081967213114754], ["administration", 2.0795454545454546], ["type", 2.0793650793650795], ["process", 2.078014184397163], ["general", 2.066666666666667], ["asset", 2.0612903225806454], ["column", 2.0533333333333332], ["3 column", 2.0533333333333332], ["step 01", 2.0454545454545454], ["step", 2.0454545454545454], ["option", 2.037037037037037], ["group", 2.025], ["create", 2.017699115044248], ["unfinalize", 2.0], ["trigger", 2.0], ["clear", 2.0], ["bankflow", 2.0], ["scroll", 2.0], ["payer", 2.0], ["view", 2.0], ["finalize", 2.0], ["usd", 2.0], ["increase", 2.0], ["decrease", 2.0], ["ensure", 2.0], ["dbo", 2.0], ["prerequisite", 2.0], ["combination", 2.0], ["province", 2.0], ["cleanup", 2.0], ["handle", 2.0], ["134900 handle", 2.0], ["model", 2.0], ["calculation", 2.0], ["gettrustliabilityvalue", 2.0], ["cptradeinterestdetails", 2.0], ["instrument", 1.9927536231884058], ["est", 1.9774011299435028], ["system", 1.9761904761904763], ["dev", 1.9680851063829787], ["shub", 1.9642857142857142], ["task 108758", 1.9615384615384615], ["task 108924", 1.9615384615384615], ["discount", 1.9545454545454546], ["grid", 1.9428571428571428], ["row", 1.9411764705882353], ["object", 1.9375], ["revenue", 1.9375], ["entity", 1.9298245614035088], ["sort", 1.9268292682926829], ["role", 1.9259259259259258], ["verify", 1.923529411764706], ["open", 1.9230769230769231], ["sell", 1.9166666666666667], ["reverse", 1.9090909090909092], ["trust", 1.8979591836734695], ["cancel", 1.896551724137931], ["workflow 8", 1.8888888888888888], ["workflow", 1.8888888888888888], ["exago", 1.8888888888888888], ["equipment", 1.8863636363636365], ["email", 1.88], ["batch", 1.875], ["make", 1.875], ["require", 1.875], ["minimum 999", 1.875], ["mortgage", 1.868421052631579], ["password", 1.8666666666666667], ["estimate", 1.864864864864865], ["255 character", 1.8571428571428572], ["action", 1.8571428571428572], ["vendor", 1.8541666666666667], ["validation", 1.853658536585366], ["secure", 1.8461538461538463], ["month", 1.8421052631578947], ["user", 1.8286852589641434], ["121386 user", 1.8286852589641434], ["log", 1.8], ["error", 1.7988826815642458], ["500 error", 1.7988826815642458], ["111167 review", 1.7938144329896908], ["111155 review", 1.7938144329896908], ["111170 review", 1.7938144329896908], ["111172 review", 1.7938144329896908], ["90049 review", 1.7938144329896908], ["111269 review", 1.7938144329896908], ["111289 review", 1.7938144329896908], ["review", 1.7938144329896908], ["review 134468", 1.7938144329896908], ["check", 1.7777777777777777], ["face", 1.7692307692307692], ["account", 1.7666666666666666], ["default", 1.75], ["tolerance", 1.75], ["sales", 1.75], ["ownership", 1.75], ["maximum 999", 1.7333333333333334], ["property", 1.7272727272727273], ["remove", 1.7142857142857142], ["collateral", 1.7142857142857142], ["113706 remove", 1.7142857142857142], ["amp", 1.7142857142857142], ["tpp", 1.7142857142857142], ["bug 111208", 1.6875], ["bug 114398", 1.6875], ["bug 114072", 1.6875], ["bug 139876", 1.6875], ["bug 116307", 1.6875], ["bug 121302", 1.6875], ["bug 121411", 1.6875], ["bug 134154", 1.6875], ["bug 111059", 1.6875], ["bug 111065", 1.6875], ["bug 111067", 1.6875], ["bug 112606", 1.6875], ["bug 113580", 1.6875], ["bug 134894", 1.6875], ["bug 144178", 1.6875], ["cmb", 1.6774193548387097], ["expire", 1.6666666666666667], ["contact", 1.6666666666666667], ["terminate", 1.6666666666666667], ["eligible", 1.6666666666666667], ["cad", 1.6666666666666667], ["exercise", 1.6666666666666667], ["country", 1.6666666666666667], ["null", 1.6666666666666667], ["format", 1.6666666666666667], ["custodian", 1.6666666666666667], ["start", 1.6666666666666667], ["year", 1.6666666666666667], ["host", 1.6666666666666667], ["invalid", 1.6363636363636365], ["past", 1.625], ["extract", 1.625], ["holidaycalendar", 1.619047619047619], ["permission", 1.6111111111111112], ["re-coupon", 1.6], ["address", 1.5714285714285714], ["access", 1.5714285714285714], ["address 1", 1.5714285714285714], ["validate", 1.565217391304348], ["integer", 1.5555555555555556], ["warn", 1.5555555555555556], ["red", 1.55], ["n-tier", 1.5], ["par", 1.5], ["unsaved", 1.5], ["api", 1.5], ["<= 2560", 1.5], ["variable", 1.5], ["ticket", 1.5], ["sh_tdsi", 1.5], ["digit", 1.5], ["boundary", 1.5], ["securitization", 1.5], ["indexratedetails", 1.5], ["framework", 1.5], ["purchaser", 1.5], ["reverseposted", 1.5], ["pdd", 1.5], ["high", 1.4736842105263157], ["client", 1.4736842105263157], ["accounting", 1.4634146341463414], ["round", 1.4545454545454546], ["precision", 1.4375], ["utilization", 1.4285714285714286], ["counterparty", 1.4], ["prompt", 1.4], ["hold", 1.4], ["2 decimal", 1.4], ["decimal", 1.4], ["check-in 110585", 1.3333333333333333], ["submit", 1.3333333333333333], ["part 2", 1.3333333333333333], ["exceed 100", 1.3333333333333333], ["security", 1.3333333333333333], ["exceed 99", 1.3333333333333333], ["insert", 1.3333333333333333], ["version 2", 1.25], ["confirmation", 1.25], ["version", 1.25], ["jira 430", 1.25], ["jira 436", 1.25], ["jira 449", 1.25], ["analytics", 1.2222222222222223], ["core", 1.18], ["core 881", 1.18], ["pbi 112065", 1.1724137931034482], ["pbi 108597", 1.1724137931034482], ["pbi 113936", 1.1724137931034482], ["pbi 114388", 1.1724137931034482], ["pbi 115005", 1.1724137931034482], ["pbi 115730", 1.1724137931034482], ["pbi 116586", 1.1724137931034482], ["pbi 83079", 1.1724137931034482], ["pbi 84005", 1.1724137931034482], ["pbi 85677", 1.1724137931034482], ["pbi 95969", 1.1724137931034482], ["pbi 97446", 1.1724137931034482], ["pbi 112806", 1.1724137931034482], ["pbi 36779", 1.1724137931034482], ["pbi 48758", 1.1724137931034482], ["pbi 134656", 1.1724137931034482], ["pbi 40004", 1.1724137931034482], ["great 0", 1.1666666666666667], ["3 great", 1.1666666666666667], ["great", 1.1666666666666667], ["blank", 1.1428571428571428], ["owner", 1.125], ["purge", 1.105263157894737], ["automate", 1.0793650793650793], ["19 scale", 1.0714285714285714], ["11 scale", 1.0714285714285714], ["scale", 1.0714285714285714], ["low", 1.0517241379310345], ["tdsi", 1.0459770114942528], ["byextendedproperty", 1.0], ["med", 1.0], ["prevent", 1.0], ["mths", 1.0], ["clients-account", 1.0], ["111171 reviev", 1.0], ["asgsh 427", 1.0], ["overwrite", 1.0], ["accounts-account", 1.0], ["happen", 1.0], ["contacts-contact", 1.0], ["vendors-vendor", 1.0], ["asgsh-275", 1.0], ["asgsh 266", 1.0], ["asterisk", 1.0], ["asgsh-417", 1.0], ["expe", 1.0], ["hierarchy", 1.0], ["cof_accrual", 1.0], ["fees_accrual", 1.0], ["asgsh 413", 1.0], ["medium", 1.0], ["operator", 1.0], ["non-integer", 1.0], ["filter-portfolio", 1.0], ["typeerror", 1.0], ["ahead", 1.0], ["bp-permission", 1.0], ["bp-application", 1.0], ["cpinvoiceprograms", 1.0], ["requirement", 1.0], ["asgsh 485", 1.0], ["application", 1.0], ["d_inceptiondate", 1.0], ["tds", 1.0], ["asgsh 479", 1.0], ["asgsh 490", 1.0], ["asgsh-504", 1.0], ["cpinvestment", 1.0], ["asgsh 505", 1.0], ["gridcontrol", 1.0], ["debtor", 1.0], ["asgsh 506", 1.0], ["tsx", 1.0], ["pr 6", 1.0], ["revise", 1.0], ["leasespark", 1.0], ["asgsh 498", 1.0], ["114129 remap", 1.0], ["bug-114077", 1.0], ["asgsh 497", 1.0], ["2022r1", 1.0], ["invoicetypes", 1.0], ["green", 1.0], ["nbc", 1.0], ["recoupon", 1.0], ["shub-329", 1.0], ["moodys", 1.0], ["waterfall", 1.0], ["sit-shub-321", 1.0], ["shub-328", 1.0], ["rbccm", 1.0], ["wgt", 1.0], ["stretch", 1.0], ["shub-330", 1.0], ["i_renewedfrom", 1.0], ["datafix**", 1.0], ["flexible", 1.0], ["section 11", 1.0], ["investigation", 1.0], ["avg", 1.0], ["hardcode", 1.0], ["buytotal", 1.0], ["disallow", 1.0], ["fulltc", 1.0], ["postingevents", 1.0], ["tie", 1.0], ["user2", 1.0], ["securehub", 1.0], ["tbd", 1.0], ["acri", 1.0], ["ucri", 1.0], ["ncri", 1.0], ["int", 1.0], ["appropriately", 1.0], ["adjustable", 1.0], ["blend", 1.0], ["nullable", 1.0], ["voe", 1.0], ["voi", 1.0], ["phase 3", 1.0], ["noncallable", 1.0], ["july 2022", 1.0], ["mapping", 1.0], ["22r1", 1.0], ["shub-rt", 1.0], ["ui-low", 1.0], ["low-ui", 1.0], ["predefine", 1.0], ["wnzl", 1.0], ["parameter", 1.0], ["behavior", 1.0], ["referencedate", 1.0], ["outsandingprincipalbalance", 1.0], ["shub-357", 1.0], ["asgsh-560", 1.0], ["byinstrument", 1.0], ["classnote", 1.0], ["feature 114662", 1.0], ["divide", 1.0], ["aug 2022", 1.0], ["shub-358", 1.0], ["city", 1.0], ["cusip", 1.0], ["employer", 1.0], ["dpb", 1.0], ["comment", 1.0], ["amendable", 1.0], ["clv", 1.0], ["form", 1.0], ["bps", 1.0], ["financial", 1.0], ["poolid", 1.0], ["addendum", 1.0], ["loanproperty", 1.0], ["tbs", 1.0], ["$425", 1.0], ["screenshot", 1.0], ["undo", 1.0], ["byscheduledprincipal", 1.0], ["minvalue", 1.0], ["maxvalue", 1.0], ["byscheduledinterest", 1.0], ["deferredprincipal", 1.0], ["deferredinterest", 1.0], ["delinquentprincipal", 1.0], ["byrecoveredprincipaladvance", 1.0], ["byrecoveredinterestadvance", 1.0], ["d_maturitydate", 1.0], ["0-366", 1.0], ["inclusive", 1.0], ["checkbox", 1.0], ["uncheck", 1.0], ["unreserved", 1.0], ["database", 1.0], ["cmhc 2834", 1.0], ["d_rateeffectivedate", 1.0], ["advice 6", 1.0], ["uat-shub-359", 1.0], ["reclass", 1.0], ["deals-deal", 1.0], ["deals-collateral", 1.0], ["deals-booking", 1.0], ["deals-funding", 1.0], ["multiply 100", 1.0], ["shub-368", 1.0], ["shub-366", 1.0], ["shub-367", 1.0], ["shub-365", 1.0], ["bug-134392", 1.0], ["shub-360", 1.0], ["shub-361", 1.0], ["shub-363", 1.0], ["shub-369", 1.0], ["resolve", 1.0], ["shub-372", 1.0], ["shub-373", 1.0], ["premiumamortization", 1.0], ["shub-362", 1.0], ["find", 1.0], ["shub-383", 1.0], ["codereview", 1.0], ["bug-134812", 1.0], ["crud", 1.0], ["linc3tmr-5238", 1.0], ["eqb", 1.0], ["shub-371", 1.0], ["startdate", 1.0], ["enddate", 1.0], ["queryoption", 1.0], ["pbi-121598", 1.0], ["approx", 1.0], ["line", 1.0], ["createdate", 1.0], ["mh_baml", 1.0], ["mh_merrill", 1.0], ["cpinvoice", 1.0], ["apiv2", 1.0], ["pagesize", 1.0], ["holidayid", 1.0], ["shub-404", 1.0], ["boe", 1.0], ["esma", 1.0], ["incorrect", 1.0], ["shub-424", 1.0], ["uni", 1.0], ["calculationperiod_end", 1.0], ["dup 141681", 1.0], ["positive", 1.0], ["bycollateralloanallocation", 1.0], ["manufacturer", 1.0], ["shub-414", 1.0], ["bug-141735", 1.0], ["simple", 1.0], ["persist", 1.0], ["systemdate", 1.0], ["note", 1.0], ["ar73", 1.0], ["tech", 1.0], ["creditratingsapidata", 1.0], ["141600 nwarlop_shub_140613_hotfix", 1.0], ["shub-427", 1.0], ["pbi-140037", 1.0], ["shub-442", 1.0], ["shub-446", 1.0], ["shub-447", 1.0], ["reportsettlementinvoice5", 1.0], ["priorperiod", 1.0], ["appendix", 1.0], ["shub-477 478", 1.0], ["config", 1.0], ["wave", 1.0], ["shub-482", 1.0], ["111760", 0], ["002", 0], ["113016", 0], ["113283", 0], ["2834", 0], ["113806", 0], ["114538", 0], ["115641", 0], ["116736", 0], ["11111", 0], ["01111", 0], ["00111", 0], ["00110", 0], ["010", 0], ["001", 0], ["999", 0], ["9999999999 999", 0], ["9999999999", 0], ["255", 0], ["00 999", 0], ["116689", 0], ["560", 0], ["120833", 0], ["121624", 0], ["225", 0], ["100", 0], ["9999", 0], ["0 999", 0], ["015", 0], ["000", 0], ["9999 99", 0], ["134367", 0], ["5000", 0], ["2022", 0], ["115701", 0], ["120812", 0]]}}}