{"task": "extract_bundle_keywords", "client_id": "azure-taosolutions", "status": "Success", "result": {"bundle_topic_ids": {"0": [22, 23, 56]}, "bundle_keywords": {"0": [["class wa instrument", 9.0], ["weight average instrument", 9.0], ["radio button clickable", 9.0], ["case approval definition", 9.0], ["format postal code", 9.0], ["highlithed red change", 9.0], ["gray reverse change", 9.0], ["fileimportcmhc2840maturity store procedure", 9.0], ["risk rating dashboard", 9.0], ["execute approval definition", 9.0], ["change make tab", 8.90909090909091], ["main index column", 8.827586206896552], ["duplicate column chooser", 8.827586206896552], ["red icon tooltip", 8.764705882352942], ["row highlithed yellow", 8.75], ["minimum payment percentage", 8.666666666666666], ["promotional period remain", 8.666666666666666], ["payment reset frequency", 8.666666666666666], ["coupon accrual period", 8.666666666666666], ["reject approval definition", 8.61111111111111], ["scroll show text", 8.6], ["approve approval definition", 8.5625], ["provide send email", 8.5], ["numeber day arrears", 8.5], ["exchange rate source", 8.428571428571429], ["risk rating loan", 8.375], ["row '' directly", 8.35], ["closing assign notification", 8.289855072463768], ["in-app notification receive", 8.289855072463768], ["verification automatically populate", 8.266666666666666], ["tooltip message display", 8.264705882352942], ["header row display", 8.25], ["risk rating template", 8.1875], ["approve reject approver", 8.17361111111111], ["delay identify error", 8.153846153846153], ["' m3u4g8 '", 8.11111111111111], ["integer numerical field", 8.101449275362318], ["field present consistent", 8.101449275362318], ["field correct format", 8.101449275362318], ["step tooltip detail", 8.098039215686274], ["search post status", 8.083333333333334], ["mortgage flag '", 8.055555555555555], ["datum type long", 8.023076923076923], ["purge-new / edit", 8.0], ["pal facility document", 8.0], ["grand total column", 7.952586206896552], ["update exchange rate", 7.928571428571429], ["engine process manager", 7.895833333333333], ["rate benchmark rate", 7.857142857142858], ["delete product type", 7.851648351648352], ["status toggle button", 7.833333333333334], ["search set column", 7.8128803245436105], ["email notification receive", 7.789855072463768], ["notification receive vendor", 7.789855072463768], ["column field column", 7.756621689155422], ["history id current", 7.75], ["program loan tab", 7.728535353535354], ["pair tooltips verification", 7.684057971014493], ["currency base currency", 7.666666666666668], ["subject property condo", 7.642857142857142], ["choose type ''", 7.523076923076923], ["special funding invoice", 7.433333333333334], ["process manual journal", 7.429166666666666], ["define event trigger", 7.424107142857142], ["run date time", 7.4], ["term remain term", 7.285714285714285], ["string length index", 7.25], ["user save change", 7.238095238095238], ["engine process viewer", 7.095833333333333], ["mute event notification", 7.071105072463768], ["require field ''", 7.022877846790891], ["' invalid '", 6.986111111111111], ["search set grouping", 6.985294117647059], ["require field '", 6.978433402346446], ["default datum source", 6.933333333333334], ["move event notification", 6.9044384057971016], ["fix error add", 6.903846153846153], ["' formula '", 6.798611111111111], ["user tab field", 6.748635422548466], ["user enter alphanumeric", 6.738095238095238], ["formula cutoff date", 6.5875], ["negative threshold display", 6.5], ["user event notification", 6.309200310559007], ["deal funding finalize", 5.643478260869566], ["row display", 5.25], ["approve reject", 5.173611111111111], ["payment day", 5.166666666666666], ["step tooltip", 5.098039215686274], ["' journal", 5.088888888888889], ["' condo", 5.055555555555555], ["' toggle", 5.055555555555555], ["datum type", 5.023076923076923], ["pal facility", 5.0], ["search set", 4.985294117647059], ["total column", 4.952586206896552], ["choose type", 4.923076923076923], ["cutoff date", 4.9], ["' require", 4.8769841269841265], ["product type", 4.851648351648351], ["enable column", 4.827586206896552], ["mute event", 4.78125], ["error show", 4.753846153846154], ["' error", 4.709401709401709], ["collection period", 4.666666666666666], ["field '", 4.657004830917874], ["'' fill", 4.6], ["click ''", 4.6], ["event notification", 4.571105072463768], ["' empty", 4.555555555555555], ["return journal", 4.533333333333333], ["loan property", 4.517857142857142], ["mortgage asset", 4.5], ["email address", 4.5], ["update properly", 4.5], ["insurance id", 4.5], ["display empty", 4.5], ["save successfully", 4.5], ["invalid ''", 4.475], ["rmbs program", 4.444444444444445], ["process journal", 4.429166666666666], ["require field", 4.4228778467908905], ["issue date", 4.4], ["current term", 4.392857142857142], ["loan browser", 4.375], ["loan cf", 4.375], ["loan identifier 01", 4.375], ["loan identifier 02", 4.375], ["loan identifier 03", 4.375], ["reserve loan", 4.375], ["loan setting", 4.375], ["arrow move", 4.333333333333334], ["<= threshold", 4.333333333333334], ["> threshold", 4.333333333333334], ["notification sonoma", 4.289855072463768], ["content notification", 4.289855072463768], ["formula ''", 4.2875], ["mandatory tooltip", 4.264705882352941], ["string length", 4.25], ["filter set", 4.235294117647059], ["asset viewer", 4.2], ["compliance template", 4.1875], ["report template", 4.1875], ["exist template", 4.1875], ["email option", 4.166666666666667], ["error occur", 4.153846153846153], ["error raise", 4.153846153846153], ["deal field", 4.144927536231885], ["extend property", 4.142857142857142], ["max length 255", 4.125], ["amortization field", 4.101449275362318], ["description field", 4.101449275362318], ["footer show", 4.1], ["general tab", 4.0995670995671], ["settlement type", 4.089743589743589], ["settlement date", 4.066666666666666], ["' pool", 4.055555555555555], ["deal management", 4.043478260869565], ["cp deal", 4.043478260869565], ["tooltips test", 4.017391304347826], ["single criterion", 4.0], ["multiple criterion", 4.0], ["equipment asset", 4.0], ["asset browser", 4.0], ["start letter", 4.0], ["space underline", 4.0], ["30-day avg", 4.0], ["90-day avg", 4.0], ["180-day avg", 4.0], ["bastien escaich", 4.0], ["jon pocock", 4.0], ["riskratingloanstore table", 4.0], ["cross reference", 4.0], ["modal window", 4.0], ["description accept", 4.0], ["box size", 4.0], ["trace enable", 4.0], ["ast 2824 upload", 4.0], ["social housing", 4.0], ["app server", 4.0], ["2840 maturity upload", 4.0], ["affordability balance", 4.0], ["body report", 4.0], ["manually edit", 4.0], ["system setup", 4.0], ["cht price", 4.0], ["navigation bar", 4.0], ["loan number", 3.975], ["select status", 3.904761904761905], ["error add", 3.9038461538461537], ["number error", 3.753846153846154], ["miss user", 3.738095238095238], ["version user", 3.738095238095238], ["user role", 3.738095238095238], ["vendor create", 3.7], ["string 200 character", 3.696428571428571], ["validation maximum", 3.666666666666667], ["validate french", 3.666666666666667], ["precision validation", 3.6], ["cmhc number", 3.6], ["select country", 3.571428571428571], ["character letter", 3.571428571428571], ["term low", 3.5428571428571427], ["mandatory tooltips", 3.517391304347826], ["pool management", 3.5], ["low upper", 3.4], ["general ui", 3.1904761904761907], ["favourite formula", 3.1875], ["information grid", 3.090909090909091], ["pool administration", 2.833333333333333], ["verification", 2.6666666666666665], ["reject", 2.611111111111111], ["automatically", 2.6], ["approve", 2.5625], ["invoice", 2.5], ["display", 2.5], ["rate", 2.4285714285714284], ["step", 2.3333333333333335], ["status", 2.3333333333333335], ["currency", 2.3333333333333335], ["require", 2.3214285714285716], ["notification", 2.289855072463768], ["trigger", 2.142857142857143], ["term", 2.142857142857143], ["total", 2.125], ["field", 2.101449275362319], ["time", 2.0], ["enter", 2.0], ["grouping", 2.0], ["edit", 2.0], ["funding", 1.9333333333333333], ["process", 1.8958333333333333], ["invalid", 1.875], ["add", 1.75], ["user", 1.7380952380952381], ["formula", 1.6875], ["negative", 1.6666666666666667], ["maximum", 1.6666666666666667], ["settlement", 1.6666666666666667], ["validate", 1.6666666666666667], ["option", 1.6666666666666667], ["finalize", 1.6666666666666667], ["number", 1.6], ["precision 19", 1.6], ["precision 7", 1.6], ["precision 9", 1.6], ["select", 1.5714285714285714], ["255 character", 1.5714285714285714], ["favourite", 1.5], ["pool", 1.5], ["footer", 1.5], ["mandatory", 1.5], ["2 mandatory", 1.5], ["low", 1.4], ["default", 1.3333333333333333], ["default 0", 1.3333333333333333], ["administration", 1.3333333333333333], ["create", 1.2], ["general", 1.1904761904761905], ["grid", 1.0909090909090908], ["recipient", 1.0], ["med", 1.0], ["high", 1.0], ["ensure", 1.0], ["collateral", 1.0], ["< 1000", 1.0], ["verify", 1.0], ["scale 4", 1.0], ["scale 3", 1.0], ["open", 1.0], ["cdor", 1.0], ["result", 1.0], ["null", 1.0], ["insurer", 1.0], ["borrower", 1.0], ["count", 1.0], ["scale 6", 1.0], ["environment", 1.0], ["database", 1.0], ["loandetails", 1.0], ["scratch", 1.0], ["discharge", 1.0], ["security", 1.0], ["loanstore", 1.0], ["s_loannumber", 1.0], ["transaction", 1.0], ["datatype", 1.0], ["account", 1.0], ["bug 134724", 1.0], ["pbi 115470", 1.0], ["bug 113808", 1.0], ["bug 112720", 1.0], ["workflow", 1.0], ["bug 111159", 1.0], ["remove", 1.0], ["match", 1.0], ["read-only", 1.0], ["modify", 1.0], ["2147483647", 0], ["255", 0]]}}}