{"task": "extract_bundle_keywords", "client_id": "azure-taosolutions", "status": "Success", "result": {"bundle_topic_ids": {"0": [11, 28, 31, 33, 48, 51, 53, 54, 55, 59]}, "bundle_keywords": {"0": [["hover magnify glass", 9.0], ["boc qualify gds", 9.0], ["b20 qualify gds", 9.0], ["boc qualify tds", 9.0], ["b20 qualify tds", 9.0], ["essential cmls addition", 9.0], ["override box check", 9.0], ["nha mbs construction", 9.0], ["reset simple average", 8.892857142857142], ["reset compound average", 8.892857142857142], ["nha mbs administration", 8.789473684210526], ["processes- job scheduler", 8.783783783783784], ["toggle button set", 8.601762303889963], ["administration job scheduler", 8.57325746799431], ["update ssi user1", 8.565217391304348], ["update re-coupon disable", 8.565217391304348], ["mass delete row", 8.5625], ["re-coupon delete visible", 8.5625], ["mqcc loan property", 8.56], ["mqcc loan borrower", 8.56], ["bulk loan defer", 8.56], ["arrow work properly", 8.533333333333335], ["roll back original", 8.5], ["loan management-search set", 8.469090909090909], ["transfer advise upload", 8.466666666666667], ["i_sourceid = loanstore", 8.457142857142857], ["slider search box", 8.423728813559322], ["closing mhub application", 8.416666666666666], ["save button activate", 8.414893617021276], ["re-coupon button enable", 8.388577827547593], ["accounting standard show", 8.387755102040817], ["exchangerate ui implement", 8.375], ["gray reverse change", 8.357142857142858], ["correct cashflows generate", 8.339366515837105], ["standard settlement instruction", 8.333333333333334], ["equal sum maturity", 8.333333333333334], ["row '' >", 8.296875], ["journal configuration left", 8.280733944954129], ["harmonize transparency template", 8.277310924369747], ["settlement-report templates-lock template", 8.277310924369747], ["job definition scheduler", 8.212355212355213], ["principal balance owe", 8.2], ["provide balance threshold", 8.2], ["sale perform external", 8.191489361702128], ["custodian submission status", 8.142857142857142], ["income process log", 8.139393939393939], ["update delete disable", 8.127717391304348], ["field accept integer", 8.125], ["journal date configuration", 8.120733944954129], ["select bulk reclass", 8.066666666666666], ["select pdf admin", 8.066666666666666], ["pre-fund process button", 8.054287556415215], ["save work properly", 8.033333333333335], ["validate originator nullable", 8.020408163265305], ["validate vendor nullable", 8.020408163265305], ["validate manufacturer nullable", 8.020408163265305], ["screen modal window", 8.018018018018017], ["row ' add", 8.004127966976263], ["magnify class top", 8.0], ["approve b20 gds", 8.0], ["approve b20 tds", 8.0], ["override box uncheck", 8.0], ["enforce policy set", 7.994805194805195], ["process manual journal", 7.989200049296521], ["template load properly", 7.977310924369748], ["'' application unlock", 7.963541666666666], ["discussion section screenshot", 7.949354992833253], ["configuration rate card", 7.944444444444445], ["seller settlement section", 7.942028985507247], ["close search panel", 7.923728813559322], ["process job scheduler", 7.923177723177723], ["update ssi screen", 7.9165687426556985], ["upload poolfeelupload file", 7.904166666666667], ["warehouse settlement engine", 7.888888888888889], ["purchase set entry", 7.852401566687281], ["search search bar", 7.8474576271186445], ["weight average instrument", 7.843474426807759], ["toggle button status", 7.835528537656197], ["run report dbo", 7.833333333333333], ["run report searchsetdetails", 7.833333333333333], ["run report loanproperty", 7.833333333333333], ["file export show", 7.825255102040817], ["remove balance threshold", 7.825], ["file tile green", 7.8125], ["term button enable", 7.80963045912654], ["process impp2020 accrual", 7.806060606060606], ["process action finish", 7.806060606060606], ["user successfully set", 7.801708358755339], ["i_sourceid populate servicer", 7.8], ["' personal info", 7.798245614035087], ["holiday '' set", 7.77739448051948], ["original cancellation template", 7.777310924369748], ["hillary remittance advice", 7.761904761904762], ["closing current tab", 7.761363636363637], ["closing mhub edit", 7.75], ["delete unmap role", 7.729166666666666], ["avaiable form setion", 7.705882352941177], ["loan management-loan browser", 7.702857142857143], ["load search template", 7.70103973792907], ["selectable search template", 7.70103973792907], ["engine process manager", 7.694949494949494], ["item category change", 7.690476190476192], ["run report loanstore", 7.69047619047619], ["enforce policy =", 7.685714285714285], ["io remain term", 7.671052631578947], ["i_reserveid = pool", 7.656179775280899], ["difference ' change", 7.655388471177945], ["create db object", 7.636363636363637], ["check attachment detail", 7.636363636363637], ["add overlap field", 7.6308823529411764], ["current settlement term", 7.629385964912281], ["portfolio insurance screen", 7.629129129129129], ["report service configuration", 7.628205128205128], ["warehouse settlement template", 7.610644257703082], ["asset viewer >>", 7.6039309112567], ["i_ownerid = ownerinvestors", 7.6], ["finalize pdf admin", 7.580645161290322], ["close formula builder", 7.571428571428571], ["range ' pop", 7.548245614035087], ["instrument current period", 7.5399029982363315], ["number approvers list", 7.538461538461538], ["connection test succeed", 7.528735632183908], ["test opti-pool age", 7.528735632183908], ["test opti-pool apr", 7.528735632183908], ["portfolio datum template", 7.5238387021475255], ["guide open screenshot", 7.518796992481203], ["range ' display", 7.5156369183829135], ["item datum grid", 7.4900265957446805], ["'' average ''", 7.486607142857142], ["logo discussion section", 7.477926421404683], ["workflow-task overview-pool tile", 7.475], ["reverse copy enable", 7.473684210526316], ["enforce calendar ''", 7.471875], ["upload purchase file", 7.459722222222222], ["validate current loan", 7.4554081632653055], ["funding request submit", 7.4399999999999995], ["pool tile orange", 7.431179775280899], ["mqcc loan general", 7.4279245283018875], ["' field selectable", 7.423245614035087], ["system setup-system date", 7.415925925925926], ["compare system date", 7.415925925925926], ["log system date", 7.415925925925926], ["add search template", 7.406922090870247], ["clone button enable", 7.388577827547592], ["s_loannumber populate loan", 7.359999999999999], ["report show nbv", 7.349293563579278], ["define default ssi", 7.3428571428571425], ["rmbs program produce", 7.333333333333333], ["undo action finish", 7.333333333333333], ["run report datasources", 7.333333333333333], ["search effective date", 7.330395480225989], ["show content file", 7.325255102040817], ["field yield amount", 7.325], ["cap amount field", 7.325], ["section regular form", 7.31457800511509], ["'' total ''", 7.29375], ["refer detail step", 7.279220779220779], ["load template replace", 7.277310924369748], ["grid approval disable", 7.2712765957446805], ["purchaser = cht", 7.2666666666666675], ["select bulk sale", 7.258156028368794], ["associate process type", 7.256511056511056], ["start number provide", 7.252747252747253], ["datum type long", 7.252533783783784], ["' holiday calendar", 7.244674185463659], ["user minimize screen", 7.243968801015781], ["user maximize screen", 7.243968801015781], ["type ltv field", 7.242117117117117], ["tooltip message '", 7.239422084623323], ["multiple ownership total", 7.235714285714286], ["funding request entry", 7.227755102040817], ["settlement instructions-validate user", 7.225950782997764], ["multiple file time", 7.223214285714286], ["deal ' toggle", 7.218880534670008], ["test finding v2", 7.208222811671088], ["test finding v3", 7.208222811671088], ["peakhill test finding", 7.208222811671087], ["pass test finding", 7.208222811671087], ["save search template", 7.20103973792907], ["save change discard", 7.190476190476192], ["party pool duplication", 7.16729088639201], ["report template button", 7.153743002929486], ["allassetwainstrument formula test", 7.147783251231527], ["allliabilitywainstrument formula test", 7.147783251231527], ["credit account description", 7.142857142857142], ["user computer date", 7.13261744966443], ["remove change make", 7.1154761904761905], ["purchase entity mandatory", 7.114176245210728], ["pool management >>", 7.111735330836455], ["return previous term", 7.102870813397129], ["program loan process", 7.09939393939394], ["program loan tab", 7.096363636363636], ["validate original loan", 7.0804081632653055], ["settlement date past", 7.073333333333334], ["assetborrowers click update", 7.061816030760131], ["rate type clickable", 7.061561561561562], ["search entry date", 7.051483915600139], ["selection populate combobox", 7.05], ["update field change", 7.047360248447205], ["validate description nullable", 7.020408163265306], ["language field show", 7.012755102040817], ["number field equal", 6.996794871794872], ["update comment enter", 6.9937888198757765], ["field change original", 6.982142857142858], ["view trust transaction", 6.972222222222222], ["generate input form", 6.952941176470588], ["sale loan sale", 6.942978723404255], ["error tooltip show", 6.9274376417233565], ["datum source sort", 6.927083333333334], ["saml / scim", 6.925], ["validate user successfully", 6.913025612929736], ["user successfully approve", 6.89261744966443], ["mandatory field report", 6.8865384615384615], ["view instrument add", 6.878721859114016], ["mortgage term amortization", 6.871465854719443], ["test migration estimate", 6.868398079441292], ["date time type", 6.8571171171171175], ["save date type", 6.8571171171171175], ["input report template", 6.838849385908209], ["search template tab", 6.837403374292707], ["curve create proper", 6.836363636363637], ["delete pool display", 6.836071079628725], ["tax type clickable", 6.783783783783784], ["option view regenerate", 6.767676767676768], ["notification grid column", 6.754609929078014], ["remove select result", 6.747222222222222], ["header sort test", 6.737068965517241], ["corra pool type", 6.6732968923980165], ["impp2020 general tab", 6.670954831332189], ["cmb reinvestment create", 6.636363636363637], ["mandatory field form", 6.6308823529411764], ["commercial paper report", 6.628205128205129], ["tab change make", 6.626839826839827], ["select corra pool", 6.622846441947566], ["validation pool number", 6.620957103216121], ["mortgage term date", 6.611465854719444], ["sample file attach", 6.590600775193799], ["user enter string", 6.56749429695507], ["workflow-ready secure tab", 6.5649350649350655], ["complete calculation user", 6.559284116331097], ["tooltips display empty", 6.5526185770750995], ["require field ''", 6.546875], ["system setup screen", 6.5448211369264], ["user successfully create", 6.528981086028066], ["column header grid", 6.504609929078015], ["rmbs program click", 6.496598639455782], ["prompt error message", 6.480859010270775], ["tile show form", 6.468637454981994], ["verify floor compliance", 6.441666666666666], ["select calendar day", 6.441666666666666], ["exist rmbs program", 6.43859649122807], ["pool fee upload", 6.4228464419475655], ["calculate fee enable", 6.373684210526315], ["user click '", 6.354128369821966], ["source fee type", 6.350450450450451], ["late term finalize", 6.335031126202603], ["report primary test", 6.323607427055703], ["enter day month", 6.321428571428571], ["minimum letter field", 6.315476190476191], ["/ description field", 6.25], ["column datum grid", 6.223359929078015], ["verify duplicate entry", 6.197278911564625], ["column change position", 6.09047619047619], ["' dropdown setting", 6.036340852130326], ["business day month", 5.916666666666666], ["funding process finalize", 5.860039100684261], ["manual journal", 5.849806109902582], ["period finalize error", 5.834613415258577], ["form select list", 5.772549019607843], ["prevent login default", 5.771428571428571], ["group filter column", 5.733333333333333], ["work properly", 5.533333333333333], ["add overlap", 5.5058823529411764], ["purchase set", 5.4646464646464645], ["run engine", 5.427350427350428], ["discussion section", 5.377926421404682], ["application service", 5.333333333333333], ["search set", 5.332819722650232], ["minimum length field", 5.315476190476191], ["current term", 5.296052631578947], ["portfolio insurance", 5.277777777777778], ["' button", 5.213139231056364], ["job definition", 5.212355212355212], ["'' average", 5.189732142857142], ["loan update", 5.125217391304348], ["policy enforce", 5.085714285714285], ["correct entry", 5.080062794348509], ["attachment screenshot", 5.071428571428571], ["period late", 5.0476190476190474], ["run process", 5.011188811188811], ["original amortization", 5.0], ["i_ownerid ownerinvestors", 5.0], ["'' total", 4.996875], ["setting button", 4.986322188449848], ["long '", 4.964912280701754], ["entry delete", 4.950255102040817], ["delete entry", 4.950255102040817], ["approval request", 4.95], ["holiday calendar", 4.946428571428571], ["mandatory field", 4.925], ["search panel", 4.923728813559322], ["display properly", 4.917391304347826], ["window pop", 4.916666666666666], ["update screen", 4.9165687426556985], ["effective date", 4.906666666666666], ["loan source", 4.8933333333333335], ["settlement engine", 4.888888888888889], ["closing tab", 4.886363636363637], ["post journal", 4.8807339449541285], ["header sort", 4.875], ["date submit", 4.84], ["process impp2020", 4.806060606060606], ["add pool", 4.762062128222075], ["report administration", 4.751012145748987], ["screen show", 4.739106453392168], ["opti-pool result", 4.722222222222221], ["coupon period", 4.714285714285714], ["checkbox add", 4.705882352941177], ["loan browser", 4.702857142857143], ["search template", 4.7010397379290705], ["original balance", 4.7], ["funding engine", 4.695555555555556], ["change discard", 4.690476190476191], ["remove result", 4.680555555555555], ["logo screenshot", 4.671428571428572], ["remain term", 4.671052631578947], ["commercial paper", 4.666666666666667], ["purchaser cht", 4.666666666666667], ["legal action", 4.666666666666666], ["internet connection", 4.666666666666666], ["compliance template", 4.652310924369748], ["entry date", 4.627755102040817], ["remove \u2018", 4.625], ["settlement template", 4.610644257703081], ["asset viewer", 4.6039309112567], ["i_ownertype = 1073741824", 4.6], ["i_ownertype = 64", 4.6], ["' '", 4.5964912280701755], ["ui display", 4.592391304347826], ["datum type", 4.585867117117117], ["validate loan", 4.5804081632653055], ["settlement date", 4.573333333333334], ["formula builder", 4.571428571428571], ["empty '", 4.570972886762361], ["comforming loan", 4.5600000000000005], ["loan cf", 4.5600000000000005], ["corra pool", 4.556179775280899], ["search field", 4.548728813559322], ["detail show", 4.524118738404453], ["delete instrument", 4.513117283950617], ["attach file", 4.507267441860465], ["personal information", 4.5], ["execution time", 4.5], ["past future", 4.5], ["content viewable", 4.5], ["original replacement", 4.5], ["s_name datasources", 4.5], ["original mapping", 4.5], ["pool file", 4.493679775280899], ["user submit", 4.492617449664429], ["datum grid", 4.4900265957446805], ["search result", 4.479284369114877], ["copy enable", 4.473684210526316], ["mortgage viewer", 4.472152353575279], ["datum present", 4.46875], ["role '", 4.464912280701754], ["user enter", 4.464046021093001], ["click '", 4.4615109201575365], ["user update", 4.457834840968777], ["search setup", 4.441272673208445], ["' process", 4.437639553429027], ["file copy", 4.4375], ["search execute", 4.423728813559322], ["' field", 4.423245614035087], ["' require", 4.423245614035087], ["program setup", 4.417543859649123], ["system date", 4.415925925925926], ["cp program", 4.4], ["modification entry", 4.387755102040817], ["show blank", 4.387755102040817], ["selection make", 4.383333333333333], ["exist template", 4.382574082264485], ["tile expand", 4.375], ["tile resize", 4.375], ["task tile", 4.375], ["mortgage term", 4.371465854719443], ["select '", 4.364912280701755], ["primary test", 4.362068965517241], ["hold change", 4.357142857142858], ["change position", 4.357142857142858], ["generate form", 4.352941176470588], ["screen divide", 4.351351351351351], ["main screen", 4.351351351351351], ["show report", 4.349293563579278], ["duplicate curve", 4.342857142857143], ["populate number", 4.338461538461538], ["sale status", 4.334346504559271], ["sale browser", 4.334346504559271], ["m_monthlypaymentequiv late", 4.333333333333334], ["rmbs program", 4.333333333333333], ["form section", 4.31457800511509], ["purchase entity", 4.314176245210728], ["sale type", 4.308606478819245], ["validation empty", 4.2990430622009566], ["screen open", 4.298719772403983], ["switch '", 4.298245614035087], ["icon '", 4.298245614035087], ["'' alberta", 4.296875], ["'' bc", 4.296875], ["'' mb", 4.296875], ["'' nb", 4.296875], ["'' qc", 4.296875], ["'' sk", 4.296875], ["'' nf", 4.296875], ["'' ns", 4.296875], ["sort group", 4.291666666666666], ["password policy", 4.285714285714286], ["multiple criterion", 4.285714285714286], ["vbrspread formula", 4.285714285714286], ["min_vbrspread formula", 4.285714285714286], ["max_vbrspread formula", 4.285714285714286], ["policy apply", 4.285714285714286], ["drag formula", 4.285714285714286], ["list formula", 4.285714285714286], ["funding status", 4.282857142857143], ["tooltips display", 4.279891304347826], ["funding process", 4.279393939393939], ["process funding", 4.279393939393939], ["step detail", 4.279220779220779], ["exist role", 4.271929824561403], ["purchase price", 4.26984126984127], ["require status", 4.267857142857142], ["previous remittance", 4.261904761904762], ["level approval", 4.25], ["pend approval", 4.25], ["remain white", 4.25], ["require field", 4.25], ["table language", 4.25], ["full ownership", 4.25], ["pool sale", 4.247669136983026], ["system setting", 4.247354497354498], ["grid view", 4.243498817966904], ["general ui", 4.242924528301887], ["/ type", 4.242117117117117], ["filter-create date", 4.24], ["creation date", 4.24], ["pay date", 4.24], ["message '", 4.239422084623323], ["report template", 4.2388493859082095], ["asset browser", 4.2250489236790605], ["workflow-grid view", 4.222222222222222], ["result group", 4.222222222222221], ["string type", 4.220565392979186], ["109306 test finding", 4.208222811671088], ["test finding 3", 4.208222811671088], ["test finding", 4.208222811671088], ["test finding 1", 4.208222811671088], ["affordability balance", 4.2], ["asset type", 4.199308897939035], ["deal management", 4.198412698412698], ["system setup", 4.193469785575049], ["sale browser-", 4.191489361702128], ["sale reason", 4.191489361702128], ["sale percent", 4.191489361702128], ["group grid", 4.1879432624113475], ["type select", 4.183783783783785], ["view report", 4.183760683760684], ["pool type", 4.173296892398016], ["view instrument", 4.172839506172839], ["party pool", 4.16729088639201], ["business day", 4.166666666666666], ["2 business day", 4.166666666666666], ["static datum", 4.15625], ["sample attach", 4.153100775193799], ["entity show", 4.146375791695989], ["field grid", 4.1462765957446805], ["sort grid", 4.1462765957446805], ["post status", 4.142857142857142], ["debit account", 4.142857142857142], ["cp deal", 4.142857142857142], ["system report", 4.137464387464387], ["movement tab", 4.136363636363637], ["investor tab", 4.136363636363637], ["return mortgage", 4.132231404958677], ["pool setting", 4.12760834670947], ["path field", 4.125], ["field \u2019", 4.125], ["numerical field", 4.125], ["icon field", 4.125], ["description field", 4.125], ["field clear", 4.125], ["bigger field", 4.125], ["boolean type", 4.117117117117117], ["pool management", 4.111735330836455], ["string length", 4.103448275862069], ["workflow-task overview", 4.1], ["tao logo", 4.1], ["logo replace", 4.1], ["record return", 4.094861660079051], ["process instrument", 4.090011223344557], ["/ open", 4.072368421052632], ["attach spreadsheet", 4.069767441860465], ["instrument type", 4.067734401067734], ["select statistic", 4.066666666666666], ["automatically select", 4.066666666666666], ["role user", 4.059284116331096], ["term create", 4.057416267942584], ["pool overview", 4.056179775280899], ["click user", 4.055882755786879], ["optimal result", 4.055555555555555], ["cfs result", 4.055555555555555], ["show red", 4.054421768707483], ["user account", 4.035474592521572], ["mortgage asset", 4.032605003962414], ["validation maxmium", 4.026315789473684], ["equipment asset", 4.015525114155251], ["qa estimate", 4.006329113924051], ["general tab", 4.004288164665523], ["devops packager", 4.0], ["password expire", 4.0], ["password composition", 4.0], ["password expiration", 4.0], ["single criterion", 4.0], ["rfr methodology", 4.0], ["debit note", 4.0], ["post event", 4.0], ["rest api", 4.0], ["rfr module", 4.0], ["valuation method", 4.0], ["remains white", 4.0], ["email history", 4.0], ["shub rt", 4.0], ["james zhu", 4.0], ["chanakyudu ravuri", 4.0], ["format xx-xxx-xxx", 4.0], ["spread prime", 4.0], ["b0c compliant", 4.0], ["approve reason", 4.0], ["reject reason", 4.0], ["hold reason", 4.0], ["cdn equivalent", 4.0], ["trigger calculate", 4.0], ["cmb cmb", 4.0], ["task overview", 4.0], ["workflow-pool overview", 4.0], ["positive negative", 4.0], ["cpta ref", 4.0], ["description download", 4.0], ["specific issuer", 4.0], ["drop-down list", 4.0], ["max length 250", 4.0], ["floating-cdor tpp", 4.0], ["ssrs folder", 4.0], ["23r1 regression", 4.0], ["comment detail", 3.9935064935064934], ["transaction date", 3.99], ["record select", 3.9797101449275365], ["fee select", 3.966666666666667], ["internal report", 3.9615384615384617], ["coupon instrument", 3.950617283950617], ["exchange rate", 3.9444444444444446], ["base rate", 3.9444444444444446], ["error entry", 3.9274376417233565], ["entity group", 3.9252873563218387], ["tooltips test", 3.924568965517241], ["filter asset", 3.915525114155251], ["record bold", 3.9130434782608696], ["existent record", 3.9130434782608696], ["record compliancetemplateproducts", 3.9130434782608696], ["validate user", 3.9130256129297356], ["remittance process", 3.901298701298701], ["group column", 3.9], ["left side", 3.9], ["floor face", 3.9], ["development discussion", 3.894230769230769], ["user password", 3.8926174496644297], ["loancount user", 3.8926174496644297], ["result filter", 3.8888888888888884], ["date create", 3.876363636363637], ["entity type", 3.87573780677229], ["test estimate", 3.8683980794412918], ["test estimate 110611", 3.8683980794412918], ["93345 test estimate", 3.8683980794412918], ["112708 test estimate", 3.8683980794412918], ["112711 test estimate", 3.8683980794412918], ["test enhancement", 3.862068965517241], ["test stabilization", 3.862068965517241], ["secondary test", 3.862068965517241], ["duplicate price", 3.8571428571428568], ["start make", 3.8476190476190473], ["form tab", 3.8422459893048124], ["field price", 3.8392857142857144], ["rbc op", 3.833333333333333], ["instrument general", 3.818541812252504], ["drop calendar", 3.803571428571429], ["approver level", 3.8], ["click create", 3.799628942486086], ["'' pei", 3.796875], ["error pop", 3.7896825396825395], ["view option", 3.7676767676767677], ["investor remittance", 3.761904761904762], ["sell entity", 3.7586206896551726], ["accountingstandards table", 3.75], ["15th month", 3.75], ["security policy", 3.7357142857142858], ["column \u2019", 3.7333333333333334], ["leftmost column", 3.7333333333333334], ["general test", 3.729993493819128], ["entry modify", 3.72108843537415], ["parent form", 3.7058823529411766], ["reflect mir", 3.666666666666667], ["workflow-alternate workflow", 3.642857142857143], ["workflow-standard workflow", 3.642857142857143], ["create approve", 3.6363636363636367], ["rmbs liability", 3.6], ["column filter", 3.5666666666666664], ["verify user", 3.559284116331096], ["user create", 3.528981086028066], ["precision validation", 3.526315789473684], ["core poolfeeupload", 3.5], ["popup state", 3.5], ["error message", 3.480859010270775], ["exist batch", 3.473684210526316], ["field maximum", 3.4728260869565215], ["warn login", 3.428571428571429], ["drop list", 3.428571428571429], ["numeric symbol", 3.4], ["batch setup", 3.385964912280702], ["validation maximum", 3.3741418764302056], ["2834 cmhc report", 3.3528428093645486], ["confirmation message", 3.304812834224599], ["month year", 3.25], ["security denomination", 3.1166666666666667], ["cmhc 2834 form", 3.0971867007672635], ["price default", 3.057142857142857], ["finalize secure", 3.009216589861751], ["cmhc 2834 english", 2.991304347826087], ["security issue", 2.95], ["journal", 2.8807339449541285], ["loanstore", 2.857142857142857], ["administration", 2.789473684210526], ["toggle", 2.7777777777777777], ["add", 2.7058823529411766], ["section", 2.608695652173913], ["input", 2.6], ["enter", 2.5714285714285716], ["update", 2.5652173913043477], ["delete", 2.5625], ["loan", 2.56], ["engine", 2.5555555555555554], ["number", 2.5384615384615383], ["save", 2.5], ["amortization", 2.5], ["enable", 2.473684210526316], ["upload", 2.466666666666667], ["file", 2.4375], ["search", 2.4237288135593222], ["term", 2.4210526315789473], ["floor", 2.4], ["show", 2.3877551020408165], ["entry", 2.3877551020408165], ["tile", 2.375], ["change", 2.357142857142857], ["screen", 2.3513513513513513], ["source", 2.3333333333333335], ["assetborrowers", 2.3333333333333335], ["equal 100", 2.3333333333333335], ["category", 2.3333333333333335], ["settlement", 2.3333333333333335], ["template", 2.277310924369748], ["date", 2.24], ["3 view", 2.2222222222222223], ["display", 2.217391304347826], ["amount", 2.2], ["click", 2.163265306122449], ["step", 2.142857142857143], ["status", 2.142857142857143], ["funding", 2.14], ["process", 2.139393939393939], ["tab", 2.1363636363636362], ["detail", 2.1363636363636362], ["make", 2.1333333333333333], ["field", 2.125], ["sort", 2.125], ["type", 2.1171171171171173], ["string", 2.103448275862069], ["logo", 2.1], ["select", 2.066666666666667], ["pool", 2.056179775280899], ["grid", 2.021276595744681], ["validate", 2.020408163265306], ["day", 2.0], ["list", 2.0], ["clone", 2.0], ["copy", 2.0], ["replace", 2.0], ["top", 2.0], ["edit", 2.0], ["length 8", 2.0], ["position", 2.0], ["calculate", 2.0], ["description", 2.0], ["cmb", 2.0], ["uncheck", 2.0], ["approve", 2.0], ["report", 1.9615384615384615], ["instrument", 1.9506172839506173], ["mortgage", 1.9504132231404958], ["open", 1.9473684210526316], ["rate", 1.9444444444444444], ["message", 1.9411764705882353], ["equipment", 1.9333333333333333], ["rmbs", 1.9333333333333333], ["record", 1.9130434782608696], ["fee", 1.9], ["user", 1.8926174496644295], ["user 2", 1.8926174496644295], ["general", 1.8679245283018868], ["test", 1.8620689655172413], ["comment", 1.8571428571428572], ["filter", 1.8333333333333333], ["rbc", 1.8333333333333333], ["approver", 1.8], ["saml", 1.8], ["populate", 1.8], ["remittance", 1.7619047619047619], ["entity", 1.7586206896551724], ["month", 1.75], ["transaction", 1.75], ["table", 1.75], ["column", 1.7333333333333334], ["price", 1.7142857142857142], ["start", 1.7142857142857142], ["form", 1.7058823529411764], ["static", 1.6875], ["verify", 1.6666666666666667], ["dropdown", 1.6666666666666667], ["tax", 1.6666666666666667], ["complete", 1.6666666666666667], ["liability", 1.6666666666666667], ["undo", 1.6666666666666667], ["denomination", 1.6666666666666667], ["red", 1.6666666666666667], ["reflect", 1.6666666666666667], ["workflow", 1.6428571428571428], ["create", 1.6363636363636365], ["english", 1.6], ["finalize", 1.5806451612903225], ["option", 1.5454545454545454], ["error", 1.5396825396825398], ["precision 13", 1.5], ["precision 19", 1.5], ["precision 11", 1.5], ["precision 9", 1.5], ["popup", 1.5], ["precision 6", 1.5], ["side", 1.5], ["year", 1.5], ["pei", 1.5], ["face", 1.5], ["issue", 1.5], ["core", 1.5], ["15 security", 1.45], ["security", 1.45], ["drop", 1.4285714285714286], ["secure", 1.4285714285714286], ["login", 1.4285714285714286], ["numeric", 1.4], ["cmhc 2824", 1.391304347826087], ["cmhc 2840", 1.391304347826087], ["batch", 1.368421052631579], ["confirmation", 1.3636363636363635], ["maximum", 1.3478260869565217], ["maximum 999", 1.3478260869565217], ["maximum 100", 1.3478260869565217], ["default", 1.3428571428571427], ["default 0", 1.3428571428571427], ["modify", 1.3333333333333333], ["minimum", 1.1904761904761905], ["999900 minimum", 1.1904761904761905], ["999999 minimum", 1.1904761904761905], ["99 minimum", 1.1904761904761905], ["647 minimum", 1.1904761904761905], ["999 minimum", 1.1904761904761905], ["minimum 999", 1.1904761904761905], ["minimum 0", 1.1904761904761905], ["development", 1.125], ["3 digit", 1.0], ["2021 r6", 1.0], ["rbccm", 1.0], ["med", 1.0], ["modell", 1.0], ["currency", 1.0], ["devopsassistant", 1.0], ["assign", 1.0], ["decrease 1", 1.0], ["increase", 1.0], ["unadd", 1.0], ["platform", 1.0], [">= 0", 1.0], ["config", 1.0], ["append", 1.0], ["fulltc", 1.0], ["corner", 1.0], ["extract", 1.0], ["grey", 1.0], ["database", 1.0], ["analytics", 1.0], ["scale", 1.0], ["season", 1.0], ["$999", 1.0], ["low", 1.0], ["holidaycalendar", 1.0], ["exchangerates", 1.0], ["scale 10", 1.0], ["editable", 1.0], ["scale 4", 1.0], ["insurer", 1.0], ["scale 9", 1.0], ["precison 18", 1.0], ["scale 15", 1.0], ["cutoff", 1.0], ["dirty", 1.0], ["market", 1.0], ["appraisal", 1.0], ["canada", 1.0], ["great", 1.0], ["client", 1.0], ["decimal", 1.0], ["notional", 1.0], ["m_mbsproceeds", 1.0], ["permission", 1.0], ["offset", 1.0], ["fund", 1.0], ["text", 1.0], ["accessible", 1.0], ["settle", 1.0], ["datagrid", 1.0], ["scale 3", 1.0], ["continue", 1.0], ["query", 1.0], ["compress", 1.0], ["size", 1.0], ["datetime", 1.0], ["min_creditscore", 1.0], ["min_qualifyingcreditscore", 1.0], ["bylegalaction", 1.0], ["false", 1.0], ["document", 1.0], ["deny", 1.0], ["combination", 1.0], ["purge-new", 1.0], ["purge", 1.0], ["i_poolid", 1.0], ["d_nextcutoffdate", 1.0], ["gst", 1.0], ["entire", 1.0], ["reprocess", 1.0], ["i_occupancytype", 1.0], ["cmhc_2824_change", 1.0], ["cmhc_2824", 1.0], ["french", 1.0], ["txtype", 1.0], ["feecashtransaction", 1.0], ["exchangeratesources", 1.0], ["partialownership", 1.0], ["vcurrent", 1.0], ["functionality", 1.0], ["000", 0], ["100", 0], ["010", 0], ["001", 0], ["0000000", 0], ["000000000000000", 0], ["000000000000001", 0], ["999", 0], ["999900", 0], ["999999", 0], ["9999", 0], ["147", 0], ["483", 0], ["648 2", 0], ["647", 0], ["999999999999990", 0], ["00000", 0], ["255", 0], ["880", 0], ["885", 0], ["886", 0], ["986", 0], ["881", 0], ["981", 0], ["999 1000", 0]]}}}