{"task": "extract_bundle_keywords", "client_id": "azure-taosolutions", "status": "Success", "result": {"bundle_topic_ids": {"0": [18, 30, 46]}, "bundle_keywords": {"0": [["viewmodel send client", 9.0], ["access client-side script", 9.0], ["house price index", 9.0], ["pass server validation", 9.0], ["prepayment assumption rate", 9.0], ["audit trace element", 8.928571428571429], ["audit code interface", 8.928571428571429], ["screen open error", 8.88888888888889], ["open screen error", 8.88888888888889], ["screen mark dirty", 8.714285714285715], ["log store properly", 8.714285714285715], ["audit trace browser", 8.678571428571429], ["ensure range overlap", 8.5], ["datum pool freeze", 8.5], ["settlement-formula builder-view history", 8.5], ["enable authentication turn", 8.464285714285715], ["file path override", 8.325396825396826], ["change tag colour", 8.318181818181818], ["run report loanborrowers", 8.318181818181818], ["settlement-formula builder- add", 8.3125], ["/ deny sub-permission", 8.305555555555555], ["audittraces table optimization", 8.285714285714285], ["engine process manager", 8.269005847953217], ["audit trace management", 8.261904761904763], ["category mark dirty", 8.214285714285715], ["file export definition", 8.175213675213676], ["success message display", 8.166666666666666], ["processes- job scheduler", 8.166666666666666], ["submission manual journal", 8.131944444444445], ["rate type variable", 8.117647058823529], ["' submit '", 8.076923076923077], ["switch toggle '", 8.038461538461538], ["file path field", 7.963077984817115], ["error return user", 7.914046121593292], ["screen display button", 7.9], ["reuse delete username", 7.877777777777778], ["overlap term disallow", 7.833333333333334], ["deny enable disable", 7.805555555555555], ["workflow-task overview-file tile", 7.761904761904763], ["widow authentication user", 7.739442946990117], ["table ingestion program", 7.7142857142857135], ["user prompt message", 7.6918238993710695], ["update css home", 7.666666666666666], ["update css pool", 7.666666666666666], ["process job scheduler", 7.657894736842104], ["process manual journal", 7.623172514619883], ["login \u2018 remember", 7.619047619047619], ["login component present", 7.619047619047619], ["add sponsor field", 7.616847826086957], ["dirty indicator '", 7.586080586080586], ["rmbs liability report", 7.568181818181818], ["manage user '", 7.563618771165941], ["single select field", 7.554347826086957], ["pend approval screen", 7.552380952380952], ["rate table permission", 7.445714285714286], ["item category change", 7.433566433566433], ["filter by-system date", 7.4], ["enable field change", 7.372529644268775], ["user update override", 7.3584905660377355], ["\u2019 button click", 7.3375], ["column change position", 7.318181818181818], ["report role screen", 7.286602870813397], ["instrument general spread", 7.277777777777778], ["reuse delete role", 7.246198830409357], ["home user log", 7.239442946990117], ["description editable time", 7.222222222222223], ["update css user", 7.191823899371069], ["cancel search process", 7.191228070175439], ["array list explicitly", 7.158730158730158], ["selection user list", 7.07277628032345], ["successfully add definition", 7.043269230769231], ["program loan tab", 6.9853896103896105], ["finalize mandate engine", 6.888888888888888], ["update syndicate role", 6.8850877192982445], ["login screen close", 6.869047619047619], ["user request change", 6.843339050886221], ["delete exist user", 6.840946706388613], ["loan additional field", 6.819499341238473], ["bvd user account", 6.787061994609164], ["navigate exist record", 6.715789473684211], ["rmbs program user", 6.703728661275831], ["cp deal entry", 6.676190476190476], ["post / holidaycalendar", 6.65], ["login-admin user login", 6.644204851752022], ["verify correct user", 6.6084905660377355], ["verify user fetch", 6.6084905660377355], ["administration job scheduler", 6.604166666666666], ["' mandatory field", 6.4142379359770665], ["settlement entity field", 6.333333333333334], ["change password user", 6.323339050886221], ["password change user", 6.323339050886221], ["status require approval", 6.3008658008658], ["create entry error", 6.292615596963422], ["close current tab", 6.291666666666667], ["create user prompt", 6.286026797921794], ["user role permission", 6.153578285335982], ["validate password info", 6.122857142857143], ["enter field save", 5.940711462450594], ["error message", 5.555555555555555], ["user reverse array", 5.536268343815514], ["entity type entity", 5.508951406649617], ["array function append", 5.461111111111111], ["path override", 5.380952380952381], ["' enable", 5.288461538461538], ["audit table", 5.2142857142857135], ["update overlap", 5.166666666666666], ["job scheduler", 5.166666666666666], ["manual journal", 5.131944444444445], ["dirty indicator", 5.0476190476190474], ["post journal", 4.9375], ["item change", 4.933566433566433], ["loan browser", 4.931818181818182], ["mandate engine", 4.888888888888889], ["field '", 4.842809364548495], ["add overlap", 4.8125], ["approval request", 4.785714285714286], ["user enable", 4.7751572327044025], ["/ holiday", 4.75], ["log user", 4.739442946990117], ["job definition", 4.730769230769231], ["set path", 4.714285714285714], ["rmbs program", 4.678571428571429], ["04 entity file", 4.640096618357488], ["additional field", 4.63768115942029], ["update role", 4.635087719298245], ["item found", 4.615384615384615], ["process type", 4.608875128998968], ["set deny", 4.555555555555555], ["pend approval", 4.552380952380952], ["' condo", 4.538461538461538], ["deal management", 4.533333333333333], ["cp deal", 4.533333333333333], ["settlement date", 4.533333333333333], ["tile filter", 4.533333333333333], ["user disable", 4.5251572327044025], ["role '", 4.506882591093117], ["pool construction", 4.5], ["redirect home", 4.5], ["month history", 4.5], ["cancel accept", 4.5], ["delete formula", 4.5], ["toggle set", 4.5], ["funding process", 4.491228070175438], ["general tab", 4.486111111111111], ["report permission", 4.4781818181818185], ["log account", 4.476190476190476], ["click '", 4.475961538461538], ["delete role", 4.468421052631578], ["approval require", 4.467532467532467], ["approve journal", 4.4375], ["workflow-task overview", 4.428571428571429], ["button click", 4.3375], ["additional property", 4.333333333333334], ["previous term", 4.333333333333334], ["change make", 4.318181818181818], ["cmhc exist", 4.315789473684211], ["unable add", 4.3125], ["field empty", 4.304347826086957], ["field section", 4.304347826086957], ["money field", 4.304347826086957], ["change password", 4.298181818181819], ["password field", 4.2843478260869565], ["exist role", 4.284210526315789], ["instrument general", 4.277777777777778], ["user select", 4.2751572327044025], ["delete account", 4.261904761904762], ["close mhub", 4.25], ["select batch", 4.25], ["click add", 4.25], ["syndicate role", 4.218421052631578], ["search result", 4.2], ["search template", 4.2], ["execute search", 4.2], ["column filter", 4.2], ["user permission", 4.185157232704403], ["loan cf", 4.181818181818182], ["loan cfs", 4.181818181818182], ["loan property", 4.181818181818182], ["check permission", 4.16], ["system permission", 4.16], ["adjust entry", 4.142857142857142], ["personal info", 4.142857142857142], ["save successfully", 4.136363636363637], ["role permission", 4.1284210526315785], ["permission role", 4.1284210526315785], ["login home", 4.119047619047619], ["product type", 4.117647058823529], ["asset type", 4.117647058823529], ["mandate template", 4.111111111111111], ["exist account", 4.0776942355889725], ["column list", 4.0476190476190474], ["list environment", 4.0476190476190474], ["list make", 4.0476190476190474], ["settlement entity", 4.028985507246377], ["user accounts-user", 4.0251572327044025], ["user details-originatior", 4.0251572327044025], ["user details-enable", 4.0251572327044025], ["provide user", 4.0251572327044025], ["validate cookie", 4.0], ["appdata local", 4.0], ["james coyle", 4.0], ["bastien escaich", 4.0], ["move group", 4.0], ["handle null", 4.0], ["jon pocock", 4.0], ["james zhu", 4.0], ["sign re-login", 4.0], ["wire fee", 4.0], ["bank charge", 4.0], ["system setup", 4.0], ["security policy", 4.0], ["equipment asset", 4.0], ["mazher uddin", 4.0], ["integrate splunk", 4.0], ["provide identical", 4.0], ["cmhc number", 4.0], ["window pop", 4.0], ["workflow-grid view", 4.0], ["b_delete = 0", 4.0], ["i_ownertype = 131072", 4.0], ["test case 107394", 4.0], ["test case 107409", 4.0], ["'' 1 ''", 4.0], ["'' 0 ''", 4.0], ["extend property", 4.0], ["user role", 3.9935782853359814], ["password expiration", 3.98], ["provide password", 3.98], ["password ''", 3.98], ["password policy", 3.98], ["encrypt password", 3.98], ["array function", 3.9611111111111112], ["double click", 3.9375], ["workflow-alternate workflow", 3.888888888888889], ["workflow-standard workflow", 3.888888888888889], ["field mandatory", 3.875776397515528], ["tile sort", 3.8333333333333335], ["status blank", 3.833333333333333], ["user account", 3.7870619946091644], ["chart account", 3.761904761904762], ["account matrix", 3.761904761904762], ["report administration", 3.7556818181818183], ["shub rt", 3.75], ["issuer date", 3.7], ["04 entity note", 3.6956521739130435], ["user logout", 3.6918238993710695], ["apply 22r1", 3.666666666666667], ["save option", 3.6363636363636367], ["verify user", 3.6084905660377355], ["column sort", 3.5], ["append function", 3.35], ["enter edit", 3.1818181818181817], ["reuse", 2.7777777777777777], ["authentication", 2.7142857142857144], ["username", 2.6], ["css", 2.5], ["display", 2.5], ["category", 2.5], ["delete", 2.5], ["process", 2.491228070175439], ["journal", 2.4375], ["button", 2.4], ["tab", 2.375], ["tile", 2.3333333333333335], ["time", 2.3333333333333335], ["report", 2.3181818181818183], ["113293 change", 2.3181818181818183], ["change", 2.3181818181818183], ["add", 2.3125], ["field", 2.3043478260869565], ["table", 2.2857142857142856], ["close", 2.25], ["definition", 2.230769230769231], ["loan", 2.1818181818181817], ["2812 require", 2.1818181818181817], ["entry", 2.142857142857143], ["type", 2.1176470588235294], ["mandate", 2.111111111111111], ["array", 2.111111111111111], ["list", 2.0476190476190474], ["user", 2.0251572327044025], ["column", 2.0], ["2812 finalize", 2.0], ["enter", 2.0], ["validate", 2.0], ["password", 1.98], ["role", 1.9684210526315788], ["click", 1.9375], ["editable", 1.8888888888888888], ["workflow", 1.8888888888888888], ["function", 1.85], ["status", 1.8333333333333333], ["account", 1.7619047619047619], ["shub", 1.75], ["entity", 1.6956521739130435], ["logout", 1.6666666666666667], ["current", 1.6666666666666667], ["22r1", 1.6666666666666667], ["save", 1.6363636363636365], ["login", 1.619047619047619], ["verify", 1.5833333333333333], ["mandatory", 1.5714285714285714], ["sort", 1.5], ["issuer", 1.5], ["append", 1.5], ["administration", 1.4375], ["reverse", 1.4], ["record", 1.4], ["holidaycalendar", 1.4], ["create", 1.2608695652173914], ["edit", 1.1818181818181819], ["med", 1.0], ["reset", 1.0], ["tdsi", 1.0], ["asgsh 496", 1.0], ["remove", 1.0], ["asgsh 488", 1.0], ["accountdisabled", 1.0], ["originationportalusers", 1.0], ["6 character", 1.0], ["modify", 1.0], ["un-approve", 1.0], ["amount", 1.0], ["effectivedate", 1.0], ["____", 1.0], ["reconciliation", 1.0], ["default", 1.0], ["fulltcs", 1.0], ["core", 1.0], ["medium", 1.0], ["entitydata", 1.0], ["api", 1.0], ["invalid", 1.0], ["low", 1.0], ["investigation", 1.0], ["day", 1.0], ["dbo", 1.0], ["audittracetables", 1.0], ["write", 1.0], ["black", 1.0], ["green", 1.0], ["reload", 1.0], ["confirmation", 1.0], ["long", 1.0], ["essential", 1.0], ["exceed 100", 1.0], ["negative", 1.0], ["grouping", 1.0], ["summary", 1.0], ["detail", 1.0], ["corner", 1.0], ["drop", 1.0], ["active", 1.0], ["ownerinvestors", 1.0], ["icon", 1.0], ["loanproperty", 1.0], ["ast", 1.0], ["wnzl", 1.0], ["corporatenoprimary", 1.0], ["bug 134167", 1.0], ["session", 1.0], ["pbi 111977", 1.0], ["automate", 1.0], ["bug 109387", 1.0], ["bug 111156", 1.0], ["shub-447", 1.0], ["standardsettlementinstruction", 1.0], ["2 3", 0], ["100", 0]]}}}