{"task": "extract_bundle_keywords", "client_id": "azure-taosolutions", "status": "Success", "result": {"bundle_topic_ids": {"0": [26, 36, 45, 49, 50, 62, 63]}, "bundle_keywords": {"0": [["verification automatically populate", 9.0], ["legal action =", 9.0], ["iad upper limit", 9.0], ["rmbs program liability", 9.0], ["workflow-task overview-form tile", 9.0], ["drop-down clear selection", 9.0], ["present january remittance", 9.0], ["rmbs settlement engine", 9.0], ["run report loanborrowers", 9.0], ["legal action date", 8.902439024390244], ["export calendar csv", 8.857142857142858], ["risk free rate", 8.823529411764707], ["boc qualify rate", 8.823529411764707], ["b20 qualify rate", 8.823529411764707], ["form / report", 8.725], ["settlement-report templates-modify date", 8.702439024390245], ["compliance screen accessible", 8.666666666666666], ["approval definition manager", 8.631578947368421], ["schedule payment tab", 8.6], ["permission edit cmb", 8.6], ["main grid group", 8.596153846153847], ["'' approval ticker", 8.593023255813954], ["'' exclusioncodetype datatype", 8.593023255813954], ["main grid filter", 8.512820512820513], ["provide cusip valid", 8.5], ["process manual journal", 8.487179487179487], ["engine process manager", 8.487179487179487], ["click datum grid", 8.446153846153846], ["pool state correct", 8.435897435897436], ["un-secure replica pool", 8.435897435897436], ["yes- > close", 8.411764705882353], ["formula- > rmbsprogramloans", 8.411764705882353], ["nha mbs administration", 8.35135135135135], ["current remittance period", 8.333333333333334], ["date appraisal date", 8.304878048780488], ["enable notification =", 8.3], ["settlement-report templates-export template", 8.3], ["settlement-report templates-delete template", 8.3], ["settlement-report templates-delete exist", 8.26153846153846], ["corra rate pool", 8.259426847662143], ["reserve button enable", 8.252173913043478], ["release button enable", 8.252173913043478], ["valuate button enable", 8.252173913043478], ["pend approval entry", 8.25], ["score show ''", 8.248195669607057], ["execute sale button", 8.235507246376812], ["administration holiday calendar", 8.208494208494209], ["minimum letter field", 8.204301075268816], ["field flag favourite", 8.204301075268816], ["map region field", 8.204301075268816], ["loan reserve state", 8.1875], ["' deal '", 8.172413793103448], ["' comment '", 8.172413793103448], ["cusip isin enter", 8.125], ["pay / receive", 8.125], ["' display correct", 8.086206896551724], ["field datum grid", 8.050454921422663], ["secure revolve pool", 8.035897435897436], ["alter pool secure", 8.035897435897436], ["secure pool statistic", 8.035897435897436], ["pool previously secure", 8.035897435897436], ["date date field", 8.009179124049304], ["switch date type", 8.002439024390243], ["funding tranche template", 8.0], ["static compliance template", 8.0], ["pass server validation", 7.959183673469388], ["export calendar file", 7.940476190476192], ["bulk pool process", 7.923076923076923], ["total amt +", 7.885714285714286], ["'' show ''", 7.8412189254210105], ["clone exist calendar", 7.818681318681319], ["enforce security policy", 7.809523809523808], ["additional information tab", 7.790476190476191], ["' attachment tab", 7.7862068965517235], ["execute opti pool", 7.76923076923077], ["select reserve liability", 7.769230769230769], ["settle fee amount", 7.730769230769231], ["multiple fee time", 7.730769230769231], ["file export definition", 7.714912280701755], ["mandatory field internal", 7.704301075268817], ["update exist calendar", 7.671622495151908], ["delete ib instrument", 7.6515151515151505], ["delete wa instrument", 7.6515151515151505], ["subject line email", 7.6], ["sale detail input", 7.583333333333334], ["search search panel", 7.576271186440678], ["change make unsaved", 7.571428571428571], ["grand total amt", 7.552380952380952], ["'' grand total", 7.545404208194905], ["click search button", 7.540309506263817], ["change provincial threshold", 7.531428571428571], ["administration company setup", 7.527821939586644], ["process sale pool", 7.506410256410257], ["attachment description edit", 7.485714285714286], ["delete rfr methodology", 7.484848484848484], ["cmhc number enter", 7.475], ["correctly show red", 7.455172413793103], ["processes- job scheduler", 7.443778110944528], ["field accept integer", 7.404301075268817], ["show criterion button", 7.398255417745673], ["additional field savings", 7.394777265745008], ["asset financial category", 7.384615384615385], ["put / riskfreerates", 7.37579365079365], ["post / riskfreerates", 7.37579365079365], ["type show ''", 7.348195669607057], ["minimum length field", 7.329301075268817], ["string length curve", 7.3125], ["additonal field management", 7.3043010752688176], ["delete search template", 7.2729840780688235], ["compliance template select", 7.269230769230769], ["select liability status", 7.269230769230769], ["add cancellation rule", 7.2666666666666675], ["delete instrument '", 7.237722048066876], ["' delete instrument", 7.237722048066875], ["show fee grid", 7.232095490716182], ["editable fee settle", 7.230769230769231], ["/ description field", 7.215015360983103], ["form task column", 7.2023809523809526], ["dirty indicator disappear", 7.2], ["user minimize screen", 7.1891891891891895], ["user maximize screen", 7.1891891891891895], ["> large market", 7.161764705882353], ["tooltips display '", 7.146812957157785], ["change tds gds", 7.142857142857143], ["secure '' error", 7.140391676866585], ["/ riskfreerates /", 7.100793650793651], ["tooltip display '", 7.086206896551724], ["job definition scheduler", 7.0753570583129495], ["column ' change", 7.074302134646963], ["additional field show", 7.049949679538111], ["'' avg tds", 7.045404208194905], ["'' avg gds", 7.045404208194905], ["error '' pool", 6.976289112764022], ["loan search template", 6.975635593220339], ["add attachment pool", 6.969230769230769], ["error message '", 6.9335753176043555], ["process job scheduler", 6.9309575981240155], ["string field city", 6.891801075268817], ["delete / riskfreerates", 6.860642135642136], ["add debit account", 6.836559139784947], ["add credit account", 6.836559139784947], ["download attach file", 6.833333333333334], ["administration job scheduler", 6.795129462295879], ["batch setup tab", 6.776470588235293], ["field change original", 6.775729646697389], ["verify tab visibility", 6.766666666666667], ["rule click red", 6.733333333333333], ["exclude mandatory fee", 6.730769230769231], ["type rate fee", 6.654298642533937], ["pool task column", 6.638278388278388], ["criterion group select", 6.61013986013986], ["finalize pool secure", 6.607326007326007], ["error tooltip show", 6.602540834845735], ["user update notification", 6.5754636989931114], ["create riskfreerateholidaycalendars table", 6.571428571428571], ["cancel unsaved change", 6.571428571428571], ["save pool type", 6.36923076923077], ["commitment amt column", 6.3500000000000005], ["user delete instrument", 6.174037674037674], ["manually add fee", 6.164102564102564], ["require form finalize", 6.071428571428571], ["user create sale", 5.6058558558558556], ["group grid", 5.596153846153847], ["filter grid", 5.512820512820513], ["calendar clone", 5.357142857142858], ["cmhc number", 5.35], ["'' show", 5.248195669607057], ["show ''", 5.248195669607057], ["click '", 5.186206896551724], ["mandatory show", 5.155172413793103], ["change make", 5.071428571428571], ["secure pool", 5.035897435897436], ["pool sale", 5.019230769230769], ["update button", 5.005115089514066], ["funding template", 5.0], ["'' message", 4.993023255813954], ["grand total", 4.9523809523809526], ["status pool", 4.935897435897436], ["issue date", 4.902439024390244], ["total amt", 4.885714285714286], ["'' total", 4.878737541528239], ["calendar drop", 4.857142857142858], ["original rate", 4.8235294117647065], ["base rate", 4.8235294117647065], ["settlement-report templates-add", 4.8], ["receive message", 4.8], ["' field", 4.790507971820541], ["search template", 4.788135593220339], ["opti pool", 4.769230769230769], ["criterion button", 4.743083003952568], ["/ operator", 4.725], ["/ open", 4.725], ["/ detail", 4.725], ["length '", 4.711206896551724], ["field city", 4.704301075268817], ["mandatory field", 4.704301075268817], ["notification send", 4.7], ["attachment file", 4.683333333333334], ["' file", 4.669540229885058], ["password policy", 4.666666666666666], ["show expect", 4.655172413793103], ["remove button", 4.6521739130434785], ["delete instrument", 4.651515151515151], ["enter manually", 4.625], ["general tab", 4.6], ["collateral tab", 4.6], ["borrower tab", 4.6], ["cmhc approve", 4.6], ["job definition", 4.597096188747732], ["hover '", 4.586206896551724], ["' match", 4.586206896551724], ["add button", 4.585507246376811], ["change revert", 4.571428571428571], ["error ''", 4.5403916768665855], ["pool management", 4.535897435897436], ["pool type", 4.535897435897436], ["description download", 4.535714285714286], ["editable gray", 4.5], ["display completely", 4.5], ["space provide", 4.5], ["screenshot attach", 4.5], ["load template", 4.5], ["description field", 4.490015360983103], ["process cancell", 4.487179487179487], ["delete pt", 4.484848484848484], ["avg tds", 4.4523809523809526], ["avg gds", 4.4523809523809526], ["delete job", 4.450365726227795], ["job scheduler", 4.443778110944527], ["800 series pool", 4.435897435897436], ["commitment amt", 4.433333333333334], ["exist job", 4.427055702917772], ["additional field", 4.394777265745008], ["search criterion", 4.37904468412943], ["/ riskfreerates", 4.375793650793651], ["> threshold", 4.371764705882352], ["searchsetdetails update", 4.352941176470589], ["record update", 4.352941176470589], ["error message", 4.347368421052631], ["collateral category", 4.333333333333334], ["2840 file download", 4.333333333333334], ["string length", 4.3125], ["integer type", 4.300000000000001], ["qa task", 4.285714285714286], ["mandatory fee", 4.230769230769231], ["static fee", 4.230769230769231], ["field section", 4.204301075268817], ["dirty indicator", 4.2], ["error entry", 4.197368421052632], ["loan browser", 4.1875], ["loan cf", 4.1875], ["loan cfs", 4.1875], ["loan identifier", 4.1875], ["' icon", 4.186206896551724], ["system setup", 4.1764705882352935], ["instrument general", 4.166666666666666], ["asset type", 4.151282051282051], ["formula field", 4.125353706847765], ["maximum length", 4.125], ["search set", 4.1063174114021574], ["product type", 4.1], ["decimal type", 4.1], ["money type", 4.1], ["percent type", 4.1], ["attachment create", 4.1], ["type clickable", 4.1], ["criterion section", 4.090909090909091], ["assetborrowers table", 4.071428571428571], ["tooltips test", 4.0606060606060606], ["asset viewer", 4.051282051282051], ["asset browser", 4.051282051282051], ["user exclude", 4.0225225225225225], ["province ''", 4.003737541528239], ["sample purpose", 4.0], ["i_reservestatus dbo", 4.0], ["build hook", 4.0], ["opti-pool result", 4.0], ["maximum nonnegative", 4.0], ["exceed max", 4.0], ["shub rt", 4.0], ["application timeout", 4.0], ["numeric symbol", 4.0], ["tool tip", 4.0], ["result match", 4.0], ["original principal", 4.0], ["record gray", 4.0], ["disable edition", 4.0], ["workflow-grid view", 4.0], ["workflow-alternate workflow", 4.0], ["2824 extract submit", 4.0], ["workflow-standard workflow", 4.0], ["july october", 4.0], ["position 43-44", 4.0], ["social housing", 4.0], ["scenario satisifed", 4.0], ["upload transaction", 4.0], ["step detail", 4.0], ["detail step", 4.0], ["qa work", 4.0], ["remain work", 4.0], ["<= threshold", 3.96], ["validation maximum", 3.9591836734693877], ["validation maxmium", 3.9591836734693877], ["equipment asset", 3.94017094017094], ["add currency", 3.9333333333333336], ["record add", 3.9333333333333336], ["rearrange formula", 3.9210526315789473], ["amortization formula", 3.9210526315789473], ["min_amortization formula", 3.9210526315789473], ["max_amortization formula", 3.9210526315789473], ["projectedremainingamortization formula", 3.9210526315789473], ["min_projectedremainingamortization formula", 3.9210526315789473], ["max_projectedremainingamortization formula", 3.9210526315789473], ["min_preciseremainingterm formula", 3.9210526315789473], ["max_preciseremainingterm formula", 3.9210526315789473], ["avg_preciseremainingterm formula", 3.9210526315789473], ["formula builder", 3.9210526315789473], ["chart account", 3.903225806451613], ["inactivate account", 3.903225806451613], ["mortgage asset", 3.884615384615384], ["2 character long", 3.857142857142857], ["long 50 char", 3.857142857142857], ["add account", 3.8365591397849466], ["save unpopulate", 3.833333333333333], ["mortgage viewer", 3.833333333333333], ["user search", 3.8106581157428616], ["save job", 3.7988505747126435], ["select drop", 3.769230769230769], ["monthly invoice", 3.75], ["commitment column", 3.75], ["fee place", 3.730769230769231], ["fee section", 3.730769230769231], ["row match", 3.7272727272727275], ["top row", 3.7272727272727275], ["require field", 3.704301075268817], ["pip max", 3.666666666666667], ["riskfreerates refactor", 3.6507936507936507], ["province field", 3.6150153609831026], ["require criterion", 3.590909090909091], ["set market", 3.5681818181818183], ["user lock", 3.5225225225225225], ["miss user", 3.5225225225225225], ["disable user", 3.5225225225225225], ["loan source", 3.520833333333333], ["entity type", 3.5], ["precision validation", 3.4591836734693877], ["user account", 3.4257483289741355], ["province threshold", 3.3707142857142856], ["probability default", 3.1578947368421053], ["invalid column", 3.0277777777777777], ["date", 2.902439024390244], ["pip default 0", 2.8245614035087723], ["notification", 2.7], ["screen", 2.6666666666666665], ["enable", 2.6], ["edit", 2.6], ["click", 2.6], ["change", 2.5714285714285716], ["unsaved", 2.5], ["display", 2.5], ["appraisal", 2.5], ["process", 2.4871794871794872], ["delete", 2.484848484848485], ["pool", 2.4358974358974357], ["> 0", 2.411764705882353], ["update", 2.3529411764705883], ["administration", 2.3513513513513513], ["rule", 2.3333333333333335], ["current", 2.3333333333333335], ["search", 2.288135593220339], ["total", 2.2857142857142856], ["field", 2.204301075268817], ["instrument", 2.1666666666666665], ["security", 2.142857142857143], ["enter", 2.125], ["criterion", 2.090909090909091], ["file", 2.0833333333333335], ["tooltip", 2.0], ["rfr", 2.0], ["detail", 2.0], ["dirty", 2.0], ["batch", 2.0], ["original", 2.0], ["job", 1.9655172413793103], ["threshold", 1.96], ["validation", 1.9591836734693877], ["error", 1.9473684210526316], ["add", 1.9333333333333333], ["formula", 1.9210526315789473], ["column", 1.9166666666666667], ["account", 1.903225806451613], ["equipment", 1.8888888888888888], ["long", 1.8571428571428572], ["save", 1.8333333333333333], ["mortgage", 1.8333333333333333], ["commitment", 1.8333333333333333], ["set", 1.8181818181818181], ["red", 1.8], ["select", 1.7692307692307692], ["invoice", 1.75], ["market", 1.75], ["fee", 1.7307692307692308], ["row", 1.7272727272727273], ["pip", 1.6666666666666667], ["riskfreerates", 1.6507936507936507], ["email", 1.6], ["icon", 1.6], ["finalize", 1.5714285714285714], ["2812 finalize", 1.5714285714285714], ["user", 1.5225225225225225], ["create", 1.5], ["cancel", 1.5], ["precision 8", 1.5], ["2812 require", 1.5], ["province", 1.4107142857142858], ["entity", 1.4], ["source", 1.3333333333333333], ["verify", 1.1666666666666667], ["default", 1.1578947368421053], ["invalid", 1.1111111111111112], ["finding", 1.0], ["s_assetnumber", 1.0], ["manage", 1.0], [">= 30", 1.0], [">= 0", 1.0], ["fulltc", 1.0], ["trust", 1.0], ["confirmation", 1.0], ["equal 50", 1.0], ["contact", 1.0], ["ownership", 1.0], ["api", 1.0], ["med", 1.0], ["scale 4", 1.0], ["equal", 1.0], ["minute", 1.0], ["relog", 1.0], ["miniutes", 1.0], [">= 10", 1.0], ["visible", 1.0], ["undo", 1.0], ["draft", 1.0], ["yield", 1.0], ["reload", 1.0], ["great", 1.0], ["fill", 1.0], ["cmbs", 1.0], ["negative", 1.0], ["freeze", 1.0], ["april", 1.0], ["found", 1.0], ["warn", 1.0], ["poolfeeid", 1.0], ["eirpoolfeecashflowperiods", 1.0], ["d_end", 1.0], ["sum", 1.0], ["discussion", 1.0], ["database", 1.0], ["i_occupancytype", 1.0], ["core", 1.0], ["country", 1.0], ["throw", 1.0], ["boe", 1.0], ["255", 0], ["128", 0], ["100", 0], ["250", 0], ["2020", 0]]}}}