{"task": "generate_hierarchy_chart", "client_id": "azure-taosolutions", "status": "Success", "result": "{\"data\":[{\"hoverinfo\":\"text\",\"marker\":{\"color\":\"rgb(0,116,217)\"},\"mode\":\"lines\",\"x\":[0.0,1.3798453126170416,1.3798453126170416,0.0],\"xaxis\":\"x\",\"y\":[-15.0,-15.0,-25.0,-25.0],\"yaxis\":\"y\",\"type\":\"scatter\"},{\"hoverinfo\":\"text\",\"marker\":{\"color\":\"rgb(0,116,217)\"},\"mode\":\"lines\",\"x\":[0.0,1.2257062977815762,1.2257062977815762,0.0],\"xaxis\":\"x\",\"y\":[-35.0,-35.0,-45.0,-45.0],\"yaxis\":\"y\",\"type\":\"scatter\"},{\"hoverinfo\":\"text\",\"marker\":{\"color\":\"rgb(0,116,217)\"},\"mode\":\"lines\",\"x\":[1.3798453126170416,1.6093345727088377,1.6093345727088377,1.2257062977815762],\"xaxis\":\"x\",\"y\":[-20.0,-20.0,-40.0,-40.0],\"yaxis\":\"y\",\"type\":\"scatter\"},{\"hoverinfo\":\"text\",\"marker\":{\"color\":\"rgb(61,153,112)\"},\"mode\":\"lines\",\"x\":[0.0,0.9123200481437277,0.9123200481437277,0.0],\"xaxis\":\"x\",\"y\":[-55.0,-55.0,-65.0,-65.0],\"yaxis\":\"y\",\"type\":\"scatter\"},{\"hoverinfo\":\"text\",\"marker\":{\"color\":\"rgb(0,116,217)\"},\"mode\":\"lines\",\"x\":[0.0,1.0219257800431862,1.0219257800431862,0.0],\"xaxis\":\"x\",\"y\":[-85.0,-85.0,-95.0,-95.0],\"yaxis\":\"y\",\"type\":\"scatter\"},{\"hoverinfo\":\"text\",\"marker\":{\"color\":\"rgb(0,116,217)\"},\"mode\":\"lines\",\"x\":[0.0,1.2333284602609842,1.2333284602609842,1.0219257800431862],\"xaxis\":\"x\",\"y\":[-75.0,-75.0,-90.0,-90.0],\"yaxis\":\"y\",\"type\":\"scatter\"},{\"hoverinfo\":\"text\",\"marker\":{\"color\":\"rgb(255,65,54)\"},\"mode\":\"lines\",\"x\":[0.0,0.9561392871702884,0.9561392871702884,0.0],\"xaxis\":\"x\",\"y\":[-105.0,-105.0,-115.0,-115.0],\"yaxis\":\"y\",\"type\":\"scatter\"},{\"hoverinfo\":\"text\",\"marker\":{\"color\":\"rgb(0,116,217)\"},\"mode\":\"lines\",\"x\":[1.2333284602609842,1.40360571197286,1.40360571197286,0.9561392871702884],\"xaxis\":\"x\",\"y\":[-82.5,-82.5,-110.0,-110.0],\"yaxis\":\"y\",\"type\":\"scatter\"},{\"hoverinfo\":\"text\",\"marker\":{\"color\":\"rgb(0,116,217)\"},\"mode\":\"lines\",\"x\":[0.9123200481437277,1.5852518696342126,1.5852518696342126,1.40360571197286],\"xaxis\":\"x\",\"y\":[-60.0,-60.0,-96.25,-96.25],\"yaxis\":\"y\",\"type\":\"scatter\"},{\"hoverinfo\":\"text\",\"marker\":{\"color\":\"rgb(0,116,217)\"},\"mode\":\"lines\",\"x\":[0.0,1.2641436938909352,1.2641436938909352,0.0],\"xaxis\":\"x\",\"y\":[-125.0,-125.0,-135.0,-135.0],\"yaxis\":\"y\",\"type\":\"scatter\"},{\"hoverinfo\":\"text\",\"marker\":{\"color\":\"rgb(0,116,217)\"},\"mode\":\"lines\",\"x\":[0.0,1.173694528337795,1.173694528337795,0.0],\"xaxis\":\"x\",\"y\":[-145.0,-145.0,-155.0,-155.0],\"yaxis\":\"y\",\"type\":\"scatter\"},{\"hoverinfo\":\"text\",\"marker\":{\"color\":\"rgb(0,116,217)\"},\"mode\":\"lines\",\"x\":[0.0,1.0310689477396644,1.0310689477396644,0.0],\"xaxis\":\"x\",\"y\":[-165.0,-165.0,-175.0,-175.0],\"yaxis\":\"y\",\"type\":\"scatter\"},{\"hoverinfo\":\"text\",\"marker\":{\"color\":\"rgb(0,116,217)\"},\"mode\":\"lines\",\"x\":[1.0310689477396644,1.2938708579544096,1.2938708579544096,0.0],\"xaxis\":\"x\",\"y\":[-170.0,-170.0,-185.0,-185.0],\"yaxis\":\"y\",\"type\":\"scatter\"},{\"hoverinfo\":\"text\",\"marker\":{\"color\":\"rgb(0,116,217)\"},\"mode\":\"lines\",\"x\":[1.173694528337795,1.3609819272617942,1.3609819272617942,1.2938708579544096],\"xaxis\":\"x\",\"y\":[-150.0,-150.0,-177.5,-177.5],\"yaxis\":\"y\",\"type\":\"scatter\"},{\"hoverinfo\":\"text\",\"marker\":{\"color\":\"rgb(0,116,217)\"},\"mode\":\"lines\",\"x\":[1.2641436938909352,1.4267203280429155,1.4267203280429155,1.3609819272617942],\"xaxis\":\"x\",\"y\":[-130.0,-130.0,-163.75,-163.75],\"yaxis\":\"y\",\"type\":\"scatter\"},{\"hoverinfo\":\"text\",\"marker\":{\"color\":\"rgb(0,116,217)\"},\"mode\":\"lines\",\"x\":[1.5852518696342126,1.7953976037764647,1.7953976037764647,1.4267203280429155],\"xaxis\":\"x\",\"y\":[-78.125,-78.125,-146.875,-146.875],\"yaxis\":\"y\",\"type\":\"scatter\"},{\"hoverinfo\":\"text\",\"marker\":{\"color\":\"rgb(0,116,217)\"},\"mode\":\"lines\",\"x\":[1.6093345727088377,1.9065774458096962,1.9065774458096962,1.7953976037764647],\"xaxis\":\"x\",\"y\":[-30.0,-30.0,-112.5,-112.5],\"yaxis\":\"y\",\"type\":\"scatter\"},{\"hoverinfo\":\"text\",\"marker\":{\"color\":\"rgb(0,116,217)\"},\"mode\":\"lines\",\"x\":[0.0,2.290002970931694,2.290002970931694,1.9065774458096962],\"xaxis\":\"x\",\"y\":[-5.0,-5.0,-71.25,-71.25],\"yaxis\":\"y\",\"type\":\"scatter\"},{\"hoverinfo\":\"text\",\"marker\":{\"color\":\"rgb(35,205,205)\"},\"mode\":\"lines\",\"x\":[0.0,0.9965191720551335,0.9965191720551335,0.0],\"xaxis\":\"x\",\"y\":[-195.0,-195.0,-205.0,-205.0],\"yaxis\":\"y\",\"type\":\"scatter\"},{\"hoverinfo\":\"text\",\"marker\":{\"color\":\"rgb(133,20,75)\"},\"mode\":\"lines\",\"x\":[0.0,0.8617811342957445,0.8617811342957445,0.0],\"xaxis\":\"x\",\"y\":[-215.0,-215.0,-225.0,-225.0],\"yaxis\":\"y\",\"type\":\"scatter\"},{\"hoverinfo\":\"text\",\"marker\":{\"color\":\"rgb(0,116,217)\"},\"mode\":\"lines\",\"x\":[0.9965191720551335,1.1010688248454263,1.1010688248454263,0.8617811342957445],\"xaxis\":\"x\",\"y\":[-200.0,-200.0,-220.0,-220.0],\"yaxis\":\"y\",\"type\":\"scatter\"},{\"hoverinfo\":\"text\",\"marker\":{\"color\":\"rgb(255,220,0)\"},\"mode\":\"lines\",\"x\":[0.0,0.9776304277534297,0.9776304277534297,0.0],\"xaxis\":\"x\",\"y\":[-245.0,-245.0,-255.0,-255.0],\"yaxis\":\"y\",\"type\":\"scatter\"},{\"hoverinfo\":\"text\",\"marker\":{\"color\":\"rgb(0,116,217)\"},\"mode\":\"lines\",\"x\":[0.9776304277534297,1.053232176900278,1.053232176900278,0.0],\"xaxis\":\"x\",\"y\":[-250.0,-250.0,-265.0,-265.0],\"yaxis\":\"y\",\"type\":\"scatter\"},{\"hoverinfo\":\"text\",\"marker\":{\"color\":\"rgb(0,116,217)\"},\"mode\":\"lines\",\"x\":[0.0,1.2722518341956854,1.2722518341956854,1.053232176900278],\"xaxis\":\"x\",\"y\":[-235.0,-235.0,-257.5,-257.5],\"yaxis\":\"y\",\"type\":\"scatter\"},{\"hoverinfo\":\"text\",\"marker\":{\"color\":\"rgb(0,116,217)\"},\"mode\":\"lines\",\"x\":[0.0,1.0918784185717574,1.0918784185717574,0.0],\"xaxis\":\"x\",\"y\":[-285.0,-285.0,-295.0,-295.0],\"yaxis\":\"y\",\"type\":\"scatter\"},{\"hoverinfo\":\"text\",\"marker\":{\"color\":\"rgb(0,116,217)\"},\"mode\":\"lines\",\"x\":[0.0,1.1663748646515175,1.1663748646515175,1.0918784185717574],\"xaxis\":\"x\",\"y\":[-275.0,-275.0,-290.0,-290.0],\"yaxis\":\"y\",\"type\":\"scatter\"},{\"hoverinfo\":\"text\",\"marker\":{\"color\":\"rgb(40,35,35)\"},\"mode\":\"lines\",\"x\":[0.0,0.9699675610290809,0.9699675610290809,0.0],\"xaxis\":\"x\",\"y\":[-305.0,-305.0,-315.0,-315.0],\"yaxis\":\"y\",\"type\":\"scatter\"},{\"hoverinfo\":\"text\",\"marker\":{\"color\":\"rgb(0,116,217)\"},\"mode\":\"lines\",\"x\":[0.0,1.0690231706078626,1.0690231706078626,0.0],\"xaxis\":\"x\",\"y\":[-325.0,-325.0,-335.0,-335.0],\"yaxis\":\"y\",\"type\":\"scatter\"},{\"hoverinfo\":\"text\",\"marker\":{\"color\":\"rgb(0,116,217)\"},\"mode\":\"lines\",\"x\":[0.9699675610290809,1.2136274158970026,1.2136274158970026,1.0690231706078626],\"xaxis\":\"x\",\"y\":[-310.0,-310.0,-330.0,-330.0],\"yaxis\":\"y\",\"type\":\"scatter\"},{\"hoverinfo\":\"text\",\"marker\":{\"color\":\"rgb(0,116,217)\"},\"mode\":\"lines\",\"x\":[1.1663748646515175,1.3393432454887162,1.3393432454887162,1.2136274158970026],\"xaxis\":\"x\",\"y\":[-282.5,-282.5,-320.0,-320.0],\"yaxis\":\"y\",\"type\":\"scatter\"},{\"hoverinfo\":\"text\",\"marker\":{\"color\":\"rgb(61,153,112)\"},\"mode\":\"lines\",\"x\":[0.0,0.9715508237306664,0.9715508237306664,0.0],\"xaxis\":\"x\",\"y\":[-345.0,-345.0,-355.0,-355.0],\"yaxis\":\"y\",\"type\":\"scatter\"},{\"hoverinfo\":\"text\",\"marker\":{\"color\":\"rgb(0,116,217)\"},\"mode\":\"lines\",\"x\":[0.0,1.0330376807765393,1.0330376807765393,0.0],\"xaxis\":\"x\",\"y\":[-365.0,-365.0,-375.0,-375.0],\"yaxis\":\"y\",\"type\":\"scatter\"},{\"hoverinfo\":\"text\",\"marker\":{\"color\":\"rgb(0,116,217)\"},\"mode\":\"lines\",\"x\":[1.0330376807765393,1.1958657275160427,1.1958657275160427,0.0],\"xaxis\":\"x\",\"y\":[-370.0,-370.0,-385.0,-385.0],\"yaxis\":\"y\",\"type\":\"scatter\"},{\"hoverinfo\":\"text\",\"marker\":{\"color\":\"rgb(0,116,217)\"},\"mode\":\"lines\",\"x\":[0.9715508237306664,1.2522596515776823,1.2522596515776823,1.1958657275160427],\"xaxis\":\"x\",\"y\":[-350.0,-350.0,-377.5,-377.5],\"yaxis\":\"y\",\"type\":\"scatter\"},{\"hoverinfo\":\"text\",\"marker\":{\"color\":\"rgb(0,116,217)\"},\"mode\":\"lines\",\"x\":[0.0,1.1034455825098128,1.1034455825098128,0.0],\"xaxis\":\"x\",\"y\":[-395.0,-395.0,-405.0,-405.0],\"yaxis\":\"y\",\"type\":\"scatter\"},{\"hoverinfo\":\"text\",\"marker\":{\"color\":\"rgb(0,116,217)\"},\"mode\":\"lines\",\"x\":[1.2522596515776823,1.5563641276430311,1.5563641276430311,1.1034455825098128],\"xaxis\":\"x\",\"y\":[-363.75,-363.75,-400.0,-400.0],\"yaxis\":\"y\",\"type\":\"scatter\"},{\"hoverinfo\":\"text\",\"marker\":{\"color\":\"rgb(0,116,217)\"},\"mode\":\"lines\",\"x\":[1.3393432454887162,1.6506847623669338,1.6506847623669338,1.5563641276430311],\"xaxis\":\"x\",\"y\":[-301.25,-301.25,-381.875,-381.875],\"yaxis\":\"y\",\"type\":\"scatter\"},{\"hoverinfo\":\"text\",\"marker\":{\"color\":\"rgb(0,116,217)\"},\"mode\":\"lines\",\"x\":[1.2722518341956854,1.760455032987058,1.760455032987058,1.6506847623669338],\"xaxis\":\"x\",\"y\":[-246.25,-246.25,-341.5625,-341.5625],\"yaxis\":\"y\",\"type\":\"scatter\"},{\"hoverinfo\":\"text\",\"marker\":{\"color\":\"rgb(255,65,54)\"},\"mode\":\"lines\",\"x\":[0.0,0.9489709051842706,0.9489709051842706,0.0],\"xaxis\":\"x\",\"y\":[-415.0,-415.0,-425.0,-425.0],\"yaxis\":\"y\",\"type\":\"scatter\"},{\"hoverinfo\":\"text\",\"marker\":{\"color\":\"rgb(0,116,217)\"},\"mode\":\"lines\",\"x\":[0.0,1.0819417264850253,1.0819417264850253,0.0],\"xaxis\":\"x\",\"y\":[-435.0,-435.0,-445.0,-445.0],\"yaxis\":\"y\",\"type\":\"scatter\"},{\"hoverinfo\":\"text\",\"marker\":{\"color\":\"rgb(35,205,205)\"},\"mode\":\"lines\",\"x\":[0.0,0.9462900476668606,0.9462900476668606,0.0],\"xaxis\":\"x\",\"y\":[-455.0,-455.0,-465.0,-465.0],\"yaxis\":\"y\",\"type\":\"scatter\"},{\"hoverinfo\":\"text\",\"marker\":{\"color\":\"rgb(0,116,217)\"},\"mode\":\"lines\",\"x\":[0.9462900476668606,1.3466499382407735,1.3466499382407735,0.0],\"xaxis\":\"x\",\"y\":[-460.0,-460.0,-475.0,-475.0],\"yaxis\":\"y\",\"type\":\"scatter\"},{\"hoverinfo\":\"text\",\"marker\":{\"color\":\"rgb(0,116,217)\"},\"mode\":\"lines\",\"x\":[1.0819417264850253,1.3955116800188634,1.3955116800188634,1.3466499382407735],\"xaxis\":\"x\",\"y\":[-440.0,-440.0,-467.5,-467.5],\"yaxis\":\"y\",\"type\":\"scatter\"},{\"hoverinfo\":\"text\",\"marker\":{\"color\":\"rgb(0,116,217)\"},\"mode\":\"lines\",\"x\":[0.9489709051842706,1.4171193465578493,1.4171193465578493,1.3955116800188634],\"xaxis\":\"x\",\"y\":[-420.0,-420.0,-453.75,-453.75],\"yaxis\":\"y\",\"type\":\"scatter\"},{\"hoverinfo\":\"text\",\"marker\":{\"color\":\"rgb(0,116,217)\"},\"mode\":\"lines\",\"x\":[1.760455032987058,1.9328037163952572,1.9328037163952572,1.4171193465578493],\"xaxis\":\"x\",\"y\":[-293.90625,-293.90625,-436.875,-436.875],\"yaxis\":\"y\",\"type\":\"scatter\"},{\"hoverinfo\":\"text\",\"marker\":{\"color\":\"rgb(0,116,217)\"},\"mode\":\"lines\",\"x\":[1.1010688248454263,2.123810419812431,2.123810419812431,1.9328037163952572],\"xaxis\":\"x\",\"y\":[-210.0,-210.0,-365.390625,-365.390625],\"yaxis\":\"y\",\"type\":\"scatter\"},{\"hoverinfo\":\"text\",\"marker\":{\"color\":\"rgb(61,153,112)\"},\"mode\":\"lines\",\"x\":[0.0,0.8320506001564975,0.8320506001564975,0.0],\"xaxis\":\"x\",\"y\":[-495.0,-495.0,-505.0,-505.0],\"yaxis\":\"y\",\"type\":\"scatter\"},{\"hoverinfo\":\"text\",\"marker\":{\"color\":\"rgb(61,153,112)\"},\"mode\":\"lines\",\"x\":[0.0,0.9791501042072215,0.9791501042072215,0.8320506001564975],\"xaxis\":\"x\",\"y\":[-485.0,-485.0,-500.0,-500.0],\"yaxis\":\"y\",\"type\":\"scatter\"},{\"hoverinfo\":\"text\",\"marker\":{\"color\":\"rgb(255,65,54)\"},\"mode\":\"lines\",\"x\":[0.0,0.8256216354428434,0.8256216354428434,0.0],\"xaxis\":\"x\",\"y\":[-515.0,-515.0,-525.0,-525.0],\"yaxis\":\"y\",\"type\":\"scatter\"},{\"hoverinfo\":\"text\",\"marker\":{\"color\":\"rgb(35,205,205)\"},\"mode\":\"lines\",\"x\":[0.0,0.9173957817616638,0.9173957817616638,0.0],\"xaxis\":\"x\",\"y\":[-535.0,-535.0,-545.0,-545.0],\"yaxis\":\"y\",\"type\":\"scatter\"},{\"hoverinfo\":\"text\",\"marker\":{\"color\":\"rgb(0,116,217)\"},\"mode\":\"lines\",\"x\":[0.8256216354428434,1.0556637225412946,1.0556637225412946,0.9173957817616638],\"xaxis\":\"x\",\"y\":[-520.0,-520.0,-540.0,-540.0],\"yaxis\":\"y\",\"type\":\"scatter\"},{\"hoverinfo\":\"text\",\"marker\":{\"color\":\"rgb(0,116,217)\"},\"mode\":\"lines\",\"x\":[0.9791501042072215,1.2376252013553022,1.2376252013553022,1.0556637225412946],\"xaxis\":\"x\",\"y\":[-492.5,-492.5,-530.0,-530.0],\"yaxis\":\"y\",\"type\":\"scatter\"},{\"hoverinfo\":\"text\",\"marker\":{\"color\":\"rgb(0,116,217)\"},\"mode\":\"lines\",\"x\":[0.0,1.0259218658960305,1.0259218658960305,0.0],\"xaxis\":\"x\",\"y\":[-565.0,-565.0,-575.0,-575.0],\"yaxis\":\"y\",\"type\":\"scatter\"},{\"hoverinfo\":\"text\",\"marker\":{\"color\":\"rgb(0,116,217)\"},\"mode\":\"lines\",\"x\":[0.0,1.0953430341696564,1.0953430341696564,1.0259218658960305],\"xaxis\":\"x\",\"y\":[-555.0,-555.0,-570.0,-570.0],\"yaxis\":\"y\",\"type\":\"scatter\"},{\"hoverinfo\":\"text\",\"marker\":{\"color\":\"rgb(0,116,217)\"},\"mode\":\"lines\",\"x\":[0.0,1.0028697543142988,1.0028697543142988,0.0],\"xaxis\":\"x\",\"y\":[-585.0,-585.0,-595.0,-595.0],\"yaxis\":\"y\",\"type\":\"scatter\"},{\"hoverinfo\":\"text\",\"marker\":{\"color\":\"rgb(0,116,217)\"},\"mode\":\"lines\",\"x\":[1.0028697543142988,1.0631864289180135,1.0631864289180135,0.0],\"xaxis\":\"x\",\"y\":[-590.0,-590.0,-605.0,-605.0],\"yaxis\":\"y\",\"type\":\"scatter\"},{\"hoverinfo\":\"text\",\"marker\":{\"color\":\"rgb(0,116,217)\"},\"mode\":\"lines\",\"x\":[1.0953430341696564,1.228099386979441,1.228099386979441,1.0631864289180135],\"xaxis\":\"x\",\"y\":[-562.5,-562.5,-597.5,-597.5],\"yaxis\":\"y\",\"type\":\"scatter\"},{\"hoverinfo\":\"text\",\"marker\":{\"color\":\"rgb(0,116,217)\"},\"mode\":\"lines\",\"x\":[1.2376252013553022,1.4479848789743632,1.4479848789743632,1.228099386979441],\"xaxis\":\"x\",\"y\":[-511.25,-511.25,-580.0,-580.0],\"yaxis\":\"y\",\"type\":\"scatter\"},{\"hoverinfo\":\"text\",\"marker\":{\"color\":\"rgb(133,20,75)\"},\"mode\":\"lines\",\"x\":[0.0,0.7117430948382315,0.7117430948382315,0.0],\"xaxis\":\"x\",\"y\":[-615.0,-615.0,-625.0,-625.0],\"yaxis\":\"y\",\"type\":\"scatter\"},{\"hoverinfo\":\"text\",\"marker\":{\"color\":\"rgb(133,20,75)\"},\"mode\":\"lines\",\"x\":[0.7117430948382315,0.9170616038277409,0.9170616038277409,0.0],\"xaxis\":\"x\",\"y\":[-620.0,-620.0,-635.0,-635.0],\"yaxis\":\"y\",\"type\":\"scatter\"},{\"hoverinfo\":\"text\",\"marker\":{\"color\":\"rgb(0,116,217)\"},\"mode\":\"lines\",\"x\":[1.4479848789743632,1.749824269219696,1.749824269219696,0.9170616038277409],\"xaxis\":\"x\",\"y\":[-545.625,-545.625,-627.5,-627.5],\"yaxis\":\"y\",\"type\":\"scatter\"},{\"hoverinfo\":\"text\",\"marker\":{\"color\":\"rgb(0,116,217)\"},\"mode\":\"lines\",\"x\":[2.123810419812431,2.64448980904144,2.64448980904144,1.749824269219696],\"xaxis\":\"x\",\"y\":[-287.6953125,-287.6953125,-586.5625,-586.5625],\"yaxis\":\"y\",\"type\":\"scatter\"},{\"hoverinfo\":\"text\",\"marker\":{\"color\":\"rgb(0,116,217)\"},\"mode\":\"lines\",\"x\":[2.290002970931694,4.2379581411793055,4.2379581411793055,2.64448980904144],\"xaxis\":\"x\",\"y\":[-38.125,-38.125,-437.12890625,-437.12890625],\"yaxis\":\"y\",\"type\":\"scatter\"}],\"layout\":{\"autosize\":false,\"height\":1160,\"hovermode\":\"closest\",\"showlegend\":false,\"width\":1000,\"xaxis\":{\"mirror\":\"allticks\",\"rangemode\":\"tozero\",\"showgrid\":false,\"showline\":true,\"showticklabels\":true,\"ticks\":\"outside\",\"type\":\"linear\",\"zeroline\":false},\"yaxis\":{\"mirror\":\"allticks\",\"rangemode\":\"tozero\",\"showgrid\":false,\"showline\":true,\"showticklabels\":true,\"tickmode\":\"array\",\"ticks\":\"outside\",\"ticktext\":[\"29_dev_estimate_design\",\"56_tooltips_test_mandatory\",\"22_risk_rating_template\",\"63_legal_action_liquidate\",\"37_task_2812_form\",\"44_configurationcca_depreci...\",\"41_depreciation_schedulesde...\",\"34_gap_analysis_gl\",\"9_collateral_dealscollatera...\",\"17_broker_insurance_brokers...\",\"4_quotespricing_payment_app...\",\"3_transaction_payment_payout\",\"32_invoice_preferencesinvoi...\",\"23_notification_event_trigger\",\"24_matrix_esignature_config...\",\"62_holderregion_settlementr...\",\"7_analytics_report_job\",\"1_cp_trade_tdsi\",\"19_api_id_cptrades\",\"2_credit_deal_dealsdeal\",\"5_contactscontact_verify_dr...\",\"16_instruction_contactspaym...\",\"6_statement_financial_child\",\"57_impp2020_cmb_advice\",\"25_cmb_exchangerates_reinve...\",\"60_cmb_nha_reinvestment\",\"42_constructionformsform_jo...\",\"51_purchase_owner_policy\",\"53_test_estimate_replica\",\"33_test_instrument_system\",\"36_tooltips_criterion_test\",\"28_issuance_statistic_effec...\",\"27_marketdata_v2_id\",\"26_riskfreerates_pricing_co...\",\"15_datum_feed_file\",\"0_file_report_upload\",\"52_closing_marker_without\",\"48_report_tape_rmbs\",\"35_exchange_configurationex...\",\"18_role_password_login\",\"46_policy_enforce_security\",\"13_search_result_set\",\"21_header_filter_certain\",\"47_tile_history_mortgage\",\"45_behavior_mortgage_loan\",\"14_asset_mortgage_viewer\",\"61_tds_asset_settlement\",\"59_qa_pdf_active\",\"40_pool_collapse_third\",\"43_remittance_bulk_pool\",\"12_bulk_sale_pool\",\"39_amortization_model_bank\",\"8_mbs_nha_pool\",\"50_fee_result_include\",\"54_cover_bond_program\",\"55_english_grammatical_pagi...\",\"38_margin_definition_asset\",\"58_path_automation_exceed\",\"30_deny_permission_pend\",\"31_cmhc_work_format\",\"49_additional_rule_task\",\"11_sale_browser_sales\",\"20_journal_manual_process\",\"10_asset_tab_borrower\"],\"tickvals\":[-5.0,-15.0,-25.0,-35.0,-45.0,-55.0,-65.0,-75.0,-85.0,-95.0,-105.0,-115.0,-125.0,-135.0,-145.0,-155.0,-165.0,-175.0,-185.0,-195.0,-205.0,-215.0,-225.0,-235.0,-245.0,-255.0,-265.0,-275.0,-285.0,-295.0,-305.0,-315.0,-325.0,-335.0,-345.0,-355.0,-365.0,-375.0,-385.0,-395.0,-405.0,-415.0,-425.0,-435.0,-445.0,-455.0,-465.0,-475.0,-485.0,-495.0,-505.0,-515.0,-525.0,-535.0,-545.0,-555.0,-565.0,-575.0,-585.0,-595.0,-605.0,-615.0,-625.0,-635.0],\"type\":\"linear\",\"zeroline\":false,\"range\":[-640.0,0.0]},\"template\":{\"data\":{\"barpolar\":[{\"marker\":{\"line\":{\"color\":\"white\",\"width\":0.5},\"pattern\":{\"fillmode\":\"overlay\",\"size\":10,\"solidity\":0.2}},\"type\":\"barpolar\"}],\"bar\":[{\"error_x\":{\"color\":\"#2a3f5f\"},\"error_y\":{\"color\":\"#2a3f5f\"},\"marker\":{\"line\":{\"color\":\"white\",\"width\":0.5},\"pattern\":{\"fillmode\":\"overlay\",\"size\":10,\"solidity\":0.2}},\"type\":\"bar\"}],\"carpet\":[{\"aaxis\":{\"endlinecolor\":\"#2a3f5f\",\"gridcolor\":\"#C8D4E3\",\"linecolor\":\"#C8D4E3\",\"minorgridcolor\":\"#C8D4E3\",\"startlinecolor\":\"#2a3f5f\"},\"baxis\":{\"endlinecolor\":\"#2a3f5f\",\"gridcolor\":\"#C8D4E3\",\"linecolor\":\"#C8D4E3\",\"minorgridcolor\":\"#C8D4E3\",\"startlinecolor\":\"#2a3f5f\"},\"type\":\"carpet\"}],\"choropleth\":[{\"colorbar\":{\"outlinewidth\":0,\"ticks\":\"\"},\"type\":\"choropleth\"}],\"contourcarpet\":[{\"colorbar\":{\"outlinewidth\":0,\"ticks\":\"\"},\"type\":\"contourcarpet\"}],\"contour\":[{\"colorbar\":{\"outlinewidth\":0,\"ticks\":\"\"},\"colorscale\":[[0.0,\"#0d0887\"],[0.1111111111111111,\"#46039f\"],[0.2222222222222222,\"#7201a8\"],[0.3333333333333333,\"#9c179e\"],[0.4444444444444444,\"#bd3786\"],[0.5555555555555556,\"#d8576b\"],[0.6666666666666666,\"#ed7953\"],[0.7777777777777778,\"#fb9f3a\"],[0.8888888888888888,\"#fdca26\"],[1.0,\"#f0f921\"]],\"type\":\"contour\"}],\"heatmapgl\":[{\"colorbar\":{\"outlinewidth\":0,\"ticks\":\"\"},\"colorscale\":[[0.0,\"#0d0887\"],[0.1111111111111111,\"#46039f\"],[0.2222222222222222,\"#7201a8\"],[0.3333333333333333,\"#9c179e\"],[0.4444444444444444,\"#bd3786\"],[0.5555555555555556,\"#d8576b\"],[0.6666666666666666,\"#ed7953\"],[0.7777777777777778,\"#fb9f3a\"],[0.8888888888888888,\"#fdca26\"],[1.0,\"#f0f921\"]],\"type\":\"heatmapgl\"}],\"heatmap\":[{\"colorbar\":{\"outlinewidth\":0,\"ticks\":\"\"},\"colorscale\":[[0.0,\"#0d0887\"],[0.1111111111111111,\"#46039f\"],[0.2222222222222222,\"#7201a8\"],[0.3333333333333333,\"#9c179e\"],[0.4444444444444444,\"#bd3786\"],[0.5555555555555556,\"#d8576b\"],[0.6666666666666666,\"#ed7953\"],[0.7777777777777778,\"#fb9f3a\"],[0.8888888888888888,\"#fdca26\"],[1.0,\"#f0f921\"]],\"type\":\"heatmap\"}],\"histogram2dcontour\":[{\"colorbar\":{\"outlinewidth\":0,\"ticks\":\"\"},\"colorscale\":[[0.0,\"#0d0887\"],[0.1111111111111111,\"#46039f\"],[0.2222222222222222,\"#7201a8\"],[0.3333333333333333,\"#9c179e\"],[0.4444444444444444,\"#bd3786\"],[0.5555555555555556,\"#d8576b\"],[0.6666666666666666,\"#ed7953\"],[0.7777777777777778,\"#fb9f3a\"],[0.8888888888888888,\"#fdca26\"],[1.0,\"#f0f921\"]],\"type\":\"histogram2dcontour\"}],\"histogram2d\":[{\"colorbar\":{\"outlinewidth\":0,\"ticks\":\"\"},\"colorscale\":[[0.0,\"#0d0887\"],[0.1111111111111111,\"#46039f\"],[0.2222222222222222,\"#7201a8\"],[0.3333333333333333,\"#9c179e\"],[0.4444444444444444,\"#bd3786\"],[0.5555555555555556,\"#d8576b\"],[0.6666666666666666,\"#ed7953\"],[0.7777777777777778,\"#fb9f3a\"],[0.8888888888888888,\"#fdca26\"],[1.0,\"#f0f921\"]],\"type\":\"histogram2d\"}],\"histogram\":[{\"marker\":{\"pattern\":{\"fillmode\":\"overlay\",\"size\":10,\"solidity\":0.2}},\"type\":\"histogram\"}],\"mesh3d\":[{\"colorbar\":{\"outlinewidth\":0,\"ticks\":\"\"},\"type\":\"mesh3d\"}],\"parcoords\":[{\"line\":{\"colorbar\":{\"outlinewidth\":0,\"ticks\":\"\"}},\"type\":\"parcoords\"}],\"pie\":[{\"automargin\":true,\"type\":\"pie\"}],\"scatter3d\":[{\"line\":{\"colorbar\":{\"outlinewidth\":0,\"ticks\":\"\"}},\"marker\":{\"colorbar\":{\"outlinewidth\":0,\"ticks\":\"\"}},\"type\":\"scatter3d\"}],\"scattercarpet\":[{\"marker\":{\"colorbar\":{\"outlinewidth\":0,\"ticks\":\"\"}},\"type\":\"scattercarpet\"}],\"scattergeo\":[{\"marker\":{\"colorbar\":{\"outlinewidth\":0,\"ticks\":\"\"}},\"type\":\"scattergeo\"}],\"scattergl\":[{\"marker\":{\"colorbar\":{\"outlinewidth\":0,\"ticks\":\"\"}},\"type\":\"scattergl\"}],\"scattermapbox\":[{\"marker\":{\"colorbar\":{\"outlinewidth\":0,\"ticks\":\"\"}},\"type\":\"scattermapbox\"}],\"scatterpolargl\":[{\"marker\":{\"colorbar\":{\"outlinewidth\":0,\"ticks\":\"\"}},\"type\":\"scatterpolargl\"}],\"scatterpolar\":[{\"marker\":{\"colorbar\":{\"outlinewidth\":0,\"ticks\":\"\"}},\"type\":\"scatterpolar\"}],\"scatter\":[{\"marker\":{\"colorbar\":{\"outlinewidth\":0,\"ticks\":\"\"}},\"type\":\"scatter\"}],\"scatterternary\":[{\"marker\":{\"colorbar\":{\"outlinewidth\":0,\"ticks\":\"\"}},\"type\":\"scatterternary\"}],\"surface\":[{\"colorbar\":{\"outlinewidth\":0,\"ticks\":\"\"},\"colorscale\":[[0.0,\"#0d0887\"],[0.1111111111111111,\"#46039f\"],[0.2222222222222222,\"#7201a8\"],[0.3333333333333333,\"#9c179e\"],[0.4444444444444444,\"#bd3786\"],[0.5555555555555556,\"#d8576b\"],[0.6666666666666666,\"#ed7953\"],[0.7777777777777778,\"#fb9f3a\"],[0.8888888888888888,\"#fdca26\"],[1.0,\"#f0f921\"]],\"type\":\"surface\"}],\"table\":[{\"cells\":{\"fill\":{\"color\":\"#EBF0F8\"},\"line\":{\"color\":\"white\"}},\"header\":{\"fill\":{\"color\":\"#C8D4E3\"},\"line\":{\"color\":\"white\"}},\"type\":\"table\"}]},\"layout\":{\"annotationdefaults\":{\"arrowcolor\":\"#2a3f5f\",\"arrowhead\":0,\"arrowwidth\":1},\"autotypenumbers\":\"strict\",\"coloraxis\":{\"colorbar\":{\"outlinewidth\":0,\"ticks\":\"\"}},\"colorscale\":{\"diverging\":[[0,\"#8e0152\"],[0.1,\"#c51b7d\"],[0.2,\"#de77ae\"],[0.3,\"#f1b6da\"],[0.4,\"#fde0ef\"],[0.5,\"#f7f7f7\"],[0.6,\"#e6f5d0\"],[0.7,\"#b8e186\"],[0.8,\"#7fbc41\"],[0.9,\"#4d9221\"],[1,\"#276419\"]],\"sequential\":[[0.0,\"#0d0887\"],[0.1111111111111111,\"#46039f\"],[0.2222222222222222,\"#7201a8\"],[0.3333333333333333,\"#9c179e\"],[0.4444444444444444,\"#bd3786\"],[0.5555555555555556,\"#d8576b\"],[0.6666666666666666,\"#ed7953\"],[0.7777777777777778,\"#fb9f3a\"],[0.8888888888888888,\"#fdca26\"],[1.0,\"#f0f921\"]],\"sequentialminus\":[[0.0,\"#0d0887\"],[0.1111111111111111,\"#46039f\"],[0.2222222222222222,\"#7201a8\"],[0.3333333333333333,\"#9c179e\"],[0.4444444444444444,\"#bd3786\"],[0.5555555555555556,\"#d8576b\"],[0.6666666666666666,\"#ed7953\"],[0.7777777777777778,\"#fb9f3a\"],[0.8888888888888888,\"#fdca26\"],[1.0,\"#f0f921\"]]},\"colorway\":[\"#636efa\",\"#EF553B\",\"#00cc96\",\"#ab63fa\",\"#FFA15A\",\"#19d3f3\",\"#FF6692\",\"#B6E880\",\"#FF97FF\",\"#FECB52\"],\"font\":{\"color\":\"#2a3f5f\"},\"geo\":{\"bgcolor\":\"white\",\"lakecolor\":\"white\",\"landcolor\":\"white\",\"showlakes\":true,\"showland\":true,\"subunitcolor\":\"#C8D4E3\"},\"hoverlabel\":{\"align\":\"left\"},\"hovermode\":\"closest\",\"mapbox\":{\"style\":\"light\"},\"paper_bgcolor\":\"white\",\"plot_bgcolor\":\"white\",\"polar\":{\"angularaxis\":{\"gridcolor\":\"#EBF0F8\",\"linecolor\":\"#EBF0F8\",\"ticks\":\"\"},\"bgcolor\":\"white\",\"radialaxis\":{\"gridcolor\":\"#EBF0F8\",\"linecolor\":\"#EBF0F8\",\"ticks\":\"\"}},\"scene\":{\"xaxis\":{\"backgroundcolor\":\"white\",\"gridcolor\":\"#DFE8F3\",\"gridwidth\":2,\"linecolor\":\"#EBF0F8\",\"showbackground\":true,\"ticks\":\"\",\"zerolinecolor\":\"#EBF0F8\"},\"yaxis\":{\"backgroundcolor\":\"white\",\"gridcolor\":\"#DFE8F3\",\"gridwidth\":2,\"linecolor\":\"#EBF0F8\",\"showbackground\":true,\"ticks\":\"\",\"zerolinecolor\":\"#EBF0F8\"},\"zaxis\":{\"backgroundcolor\":\"white\",\"gridcolor\":\"#DFE8F3\",\"gridwidth\":2,\"linecolor\":\"#EBF0F8\",\"showbackground\":true,\"ticks\":\"\",\"zerolinecolor\":\"#EBF0F8\"}},\"shapedefaults\":{\"line\":{\"color\":\"#2a3f5f\"}},\"ternary\":{\"aaxis\":{\"gridcolor\":\"#DFE8F3\",\"linecolor\":\"#A2B1C6\",\"ticks\":\"\"},\"baxis\":{\"gridcolor\":\"#DFE8F3\",\"linecolor\":\"#A2B1C6\",\"ticks\":\"\"},\"bgcolor\":\"white\",\"caxis\":{\"gridcolor\":\"#DFE8F3\",\"linecolor\":\"#A2B1C6\",\"ticks\":\"\"}},\"title\":{\"x\":0.05},\"xaxis\":{\"automargin\":true,\"gridcolor\":\"#EBF0F8\",\"linecolor\":\"#EBF0F8\",\"ticks\":\"\",\"title\":{\"standoff\":15},\"zerolinecolor\":\"#EBF0F8\",\"zerolinewidth\":2},\"yaxis\":{\"automargin\":true,\"gridcolor\":\"#EBF0F8\",\"linecolor\":\"#EBF0F8\",\"ticks\":\"\",\"title\":{\"standoff\":15},\"zerolinecolor\":\"#EBF0F8\",\"zerolinewidth\":2}}},\"title\":{\"font\":{\"size\":22,\"color\":\"Black\"},\"text\":\"<b>Hierarchical Clustering\",\"x\":0.5,\"xanchor\":\"center\",\"yanchor\":\"top\"},\"hoverlabel\":{\"font\":{\"size\":16,\"family\":\"Rockwell\"},\"bgcolor\":\"white\"},\"plot_bgcolor\":\"#ECEFF1\"}}"}