{"task": "extract_topic_keywords", "client_id": "azure-taosolutions", "status": "Success", "result": {"topic_id": {"0": 23}, "topic_keywords": {"0": [["class wa instrument", 9.0], ["weight average instrument", 9.0], ["exchange rate source", 9.0], ["update exchange rate", 9.0], ["radio button clickable", 9.0], ["change make tab", 9.0], ["case approval definition", 9.0], ["delete product type", 9.0], ["default datum source", 9.0], ["format postal code", 9.0], ["highlithed red change", 9.0], ["row highlithed yellow", 9.0], ["field present consistent", 9.0], ["field correct format", 9.0], ["duplicate column chooser", 9.0], ["rate benchmark rate", 9.0], ["execute approval definition", 9.0], ["reject approval definition", 8.61111111111111], ["approve approval definition", 8.5625], ["' m3u4g8 '", 8.5], ["coupon accrual period", 8.5], ["row '' directly", 8.4], ["closing assign notification", 8.289855072463768], ["email notification receive", 8.289855072463768], ["in-app notification receive", 8.289855072463768], ["search post status", 8.25], ["history id current", 8.25], ["program loan tab", 8.227272727272727], ["delay identify error", 8.222222222222221], ["approve reject approver", 8.17361111111111], ["special funding invoice", 8.055555555555555], ["user save change", 7.911764705882353], ["user tab field", 7.911764705882353], ["user enter alphanumeric", 7.911764705882353], ["engine process manager", 7.794117647058823], ["engine process viewer", 7.794117647058823], ["notification receive vendor", 7.789855072463768], ["' formula '", 7.75], ["move event notification", 7.571105072463768], ["define event trigger", 7.424107142857142], ["process manual journal", 7.327450980392157], ["mute event notification", 7.071105072463768], ["fix error add", 6.972222222222222], ["deal funding finalize", 6.603174603174603], ["user event notification", 6.482869778346121], ["' journal", 5.283333333333333], ["approve reject", 5.173611111111111], ["' error", 4.972222222222222], ["mute event", 4.78125], ["loan identifier 01", 4.727272727272727], ["loan identifier 02", 4.727272727272727], ["loan identifier 03", 4.727272727272727], ["formula ''", 4.65], ["event notification", 4.571105072463768], ["return journal", 4.533333333333333], ["rmbs program", 4.5], ["collection period", 4.5], ["click ''", 4.4], ["process journal", 4.327450980392157], ["notification sonoma", 4.289855072463768], ["content notification", 4.289855072463768], ["select status", 4.25], ["current term", 4.25], ["error occur", 4.222222222222222], ["number error", 4.222222222222222], ["deal management", 4.0476190476190474], ["cp deal", 4.0476190476190474], ["filter set", 4.0], ["single criterion", 4.0], ["multiple criterion", 4.0], ["jon pocock", 4.0], ["compliance template", 4.0], ["cross reference", 4.0], ["ast 2824 upload", 4.0], ["social housing", 4.0], ["footer show", 4.0], ["app server", 4.0], ["report template", 4.0], ["max length 255", 4.0], ["manually edit", 4.0], ["string 200 character", 4.0], ["error add", 3.9722222222222223], ["miss user", 3.9117647058823533], ["version user", 3.9117647058823533], ["user role", 3.9117647058823533], ["vendor create", 3.7], ["validate french", 3.666666666666667], ["information grid", 3.142857142857143], ["reject", 2.611111111111111], ["approve", 2.5625], ["funding", 2.5555555555555554], ["invoice", 2.5], ["notification", 2.289855072463768], ["status", 2.25], ["formula", 2.25], ["trigger", 2.142857142857143], ["finalize", 2.0], ["user", 1.911764705882353], ["process", 1.7941176470588236], ["add", 1.75], ["validate", 1.6666666666666667], ["create", 1.2], ["grid", 1.1428571428571428], ["recipient", 1.0], ["step", 1.0], ["low", 1.0], ["time", 1.0], ["med", 1.0], ["require", 1.0], ["verify", 1.0], ["cdor", 1.0], ["result", 1.0], ["environment", 1.0], ["database", 1.0], ["settlement", 1.0], ["scratch", 1.0], ["administration", 1.0], ["security", 1.0], ["loanstore", 1.0], ["s_loannumber", 1.0], ["transaction", 1.0], ["mandatory", 1.0], ["2 mandatory", 1.0], ["account", 1.0], ["bug 134724", 1.0], ["pbi 115470", 1.0], ["workflow", 1.0], ["bug 111159", 1.0], ["remove", 1.0], ["high", 1.0]]}}}