{"task": "extract_topic_keywords", "client_id": "azure-taosolutions", "status": "Success", "result": {"topic_id": {"0": 32}, "topic_keywords": {"0": [["nha mbs administration", 9.0], ["calculation return negative", 9.0], ["unsettle fee select", 9.0], ["gray reverse change", 9.0], ["ownership sales tab", 9.0], ["previous remittance term", 9.0], ["favourite add functional", 8.714285714285715], ["add badge icon", 8.714285714285715], ["existent sss pool", 8.28], ["party pool screen", 8.28], ["pool sales section", 8.28], ["program loan tab", 8.214285714285715], ["verify multiple lender", 8.2], ["report people trust", 8.1875], ["report la capitale", 8.1875], ["process manual journal", 8.142857142857142], ["add favourite formula", 8.114285714285714], ["invoice generate contact", 8.0], ["enter product code", 7.833333333333334], ["main grid sort", 7.75], ["delete favourite formula", 7.65], ["discontinue process cancellation", 7.642857142857142], ["system report administration", 7.5875], ["cancel sale action", 7.5], ["reserve loan pool", 7.327619047619047], ["prompt user ''", 6.740384615384615], ["client nlc pq", 6.7], ["loan reserve", 5.0476190476190474], ["sort grid", 4.75], ["delete formula", 4.65], ["system report", 4.5875], ["enter description", 4.5], ["cancellation template", 4.5], ["left sale", 4.5], ["rmbs program", 4.5], ["upper grid", 4.5], ["invoice preference", 4.5], ["product type", 4.333333333333334], ["user add", 4.32967032967033], ["pool management", 4.279999999999999], ["client contact", 4.2], ["verify 255 character", 4.2], ["client nlc", 4.2], ["client pq", 4.2], ["report cmls", 4.1875], ["report tangerine", 4.1875], ["process continue", 4.142857142857142], ["' prompt", 4.125], ["dev item", 4.0], ["devloper item", 4.0], ["list approval", 4.0], ["asset browser", 4.0], ["asset class", 4.0], ["search set", 4.0], ["favorite library", 4.0], ["record edit", 4.0], ["workflow-alternate workflow", 4.0], ["projection date", 4.0], ["principal cap", 4.0], ["project balance", 4.0], ["valuation method", 4.0], ["date create", 4.0], ["click button", 4.0], ["menu pane", 4.0], ["step detail", 4.0], ["undo message", 4.0], ["click '", 4.0], ["settlement date", 4.0], ["collection start", 4.0], ["collection end", 4.0], ["item 1 dev", 4.0], ["item 2 dev", 4.0], ["item 3 dev", 4.0], ["client mention", 3.7], ["user require", 3.6153846153846154], ["table typo", 3.5], ["essential user", 3.4153846153846157], ["single-class environment", 3.2], ["sort", 2.25], ["report", 2.1875], ["process", 2.142857142857143], ["cancel", 2.0], ["essential", 1.8], ["client", 1.7], ["user", 1.6153846153846154], ["table", 1.5], ["environment", 1.2], ["medium", 1.0], ["match", 1.0], ["dbo", 1.0], ["approvaldefinition", 1.0], ["column", 1.0], ["cmb", 1.0], ["finalize", 1.0], ["status", 1.0], ["market", 1.0], ["precondition", 1.0], ["accounts-account", 1.0], ["aum", 1.0]]}}}