{"task": "extract_topic_keywords", "client_id": "azure-taosolutions", "status": "Success", "result": {"topic_id": {"0": 57}, "topic_keywords": {"0": [["delete multiple instrument", 9.0], ["accounting instrument template", 9.0], ["change password current", 9.0], ["yield premium discount", 9.0], ["mqcc loan general", 9.0], ["miss reference pbis", 9.0], ["boc qualify rate", 8.75], ["b20 qualify rate", 8.75], ["journal trigger remittance", 8.75], ["process job scheduler", 8.6], ["trust drop option", 8.6], ["job grid sort", 8.5], ["job grid filter", 8.5], ["subject line email", 8.5], ["enforce user login", 8.428571428571429], ["process manual journal", 8.35], ["asset viewer >>", 8.333333333333334], ["exchange rate source", 8.25], ["chttype impp2020 choose", 8.11111111111111], ["administration job scheduler", 8.0], ["reverse copy disable", 8.0], ["transfer advice upload", 8.0], ["cmbs belong series", 8.0], ["impp2020 finalize impp2020", 7.222222222222221], ["mail setup user", 7.178571428571429], ["cmb administration list", 6.38], ["cht owner select", 6.2], ["cmb administration impp2020", 5.9911111111111115], ["exchange rate", 5.25], ["transfer advice", 5.0], ["copy disable", 5.0], ["impp2020 journal", 4.861111111111111], ["mail setup", 4.75], ["owner select", 4.533333333333333], ["comment list", 4.5], ["asset type", 4.333333333333334], ["mortgage asset", 4.333333333333334], ["equipment asset", 4.333333333333334], ["search setup", 4.25], ["record select", 4.2], ["impp2020 ta", 4.111111111111111], ["account address", 4.0], ["record save", 4.0], ["baml conversion", 4.0], ["accrue interest", 4.0], ["total sale", 4.0], ["display properly", 4.0], ["party pool", 4.0], ["pool issuance", 4.0], ["account matrix", 4.0], ["duplicate cusips", 4.0], ["receive message", 4.0], ["cmb administration", 3.88], ["cmb cmb", 3.76], ["field \u2019", 3.5], ["precision validation", 3.5], ["comment detail", 3.5], ["left column", 3.4], ["process", 2.6], ["trust", 2.6], ["grid", 2.5], ["email", 2.5], ["user", 2.4285714285714284], ["impp2020", 2.111111111111111], ["series", 2.0], ["administration", 2.0], ["cmb", 1.88], ["cht", 1.6666666666666667], ["field", 1.5], ["precision 19", 1.5], ["precision 13", 1.5], ["precision 8", 1.5], ["detail", 1.5], ["column", 1.4], ["low", 1.0], ["abcp", 1.0], ["principal", 1.0], ["create", 1.0], ["scale 4", 1.0], ["scale 10", 1.0], ["static", 1.0], ["unadd", 1.0], ["impp", 1.0], ["issue", 1.0], ["configure", 1.0], ["make", 1.0]]}}}