{"task": "extract_topic_keywords", "client_id": "azure-taosolutions", "status": "Success", "result": {"topic_id": {"0": 38}, "topic_keywords": {"0": [["datum fix require", 9.0], ["default system date", 9.0], ["approval definition manager", 9.0], ["description session expire", 9.0], ["save work properly", 9.0], ["closing mhub application", 9.0], ["navigate exisiting approval", 9.0], ["indicator form tab", 9.0], ["disable approval definition", 9.0], ["previous job run", 9.0], ["change detect test", 8.923076923076923], ["edit save gds", 8.857142857142858], ["edit save tds", 8.857142857142858], ["amount journal present", 8.8], ["login enforce ''", 8.714285714285715], ["column comment editable", 8.666666666666666], ["sort column approval", 8.666666666666666], ["update comment enter", 8.666666666666666], ["previous remittance entry", 8.666666666666666], ["closing current tab", 8.5], ["'' logout ''", 8.428571428571429], ["cmbs pool income", 8.428571428571429], ["file export definition", 8.363636363636363], ["associate engine process", 8.333333333333334], ["field yield curve", 8.333333333333334], ["loan sell securitization", 8.333333333333334], ["asset viewer >>", 8.229357798165138], ["sort filter functionality", 8.166666666666666], ["process manual journal", 8.133333333333333], ["pool remittance reverse", 8.095238095238095], ["regression test suite", 7.923076923076923], ["default quick sale", 7.9], ["list export definition", 7.613636363636363], ["description user log", 7.380952380952381], ["pool type installment", 7.359605911330049], ["administration holiday calendar", 7.305555555555555], ["holiday calendar", 5.388888888888889], ["current remittance", 5.166666666666666], ["regression test", 4.923076923076923], ["list sort", 4.916666666666666], ["quick sale", 4.9], ["edit record", 4.857142857142858], ["journal status", 4.8], ["list filter", 4.75], ["loan sale", 4.733333333333333], ["'' preprocess", 4.714285714285714], ["comment button", 4.666666666666666], ["un-secure pool", 4.428571428571429], ["export csv", 4.363636363636363], ["loan management", 4.333333333333334], ["loan accrual", 4.333333333333334], ["export type", 4.294670846394984], ["list group", 4.25], ["asset type", 4.160392280923759], ["equipment asset", 4.029357798165138], ["mockup attach", 4.0], ["box display", 4.0], ["toggle set", 4.0], ["valuation method", 4.0], ["negative decimal", 4.0], ["shub rt", 4.0], ["delete calendar", 4.0], ["max length 50", 4.0], ["approver level", 4.0], ["menu pane", 4.0], ["part calculation", 4.0], ["cmhc 2840 upload", 4.0], ["mortgage asset", 3.943643512450852], ["report administration", 3.916666666666667], ["mature instrument", 3.6], ["verify group", 3.4], ["user account", 3.380952380952381], ["user role", 3.380952380952381], ["essential cmls", 3.25], ["instrument delete", 3.1], ["calendar", 2.5], ["field", 2.3333333333333335], ["process", 2.3333333333333335], ["regression", 2.0], ["type", 1.9310344827586208], ["administration", 1.9166666666666667], ["equipment", 1.8], ["mortgage", 1.7142857142857142], ["instrument", 1.6], ["delete", 1.5], ["verify", 1.4], ["user", 1.380952380952381], ["essential", 1.25], ["create", 1.0], ["scale", 1.0], ["option", 1.0], ["reclass", 1.0], ["medium", 1.0], ["amp", 1.0], ["pbi", 1.0], ["owner", 1.0], ["detail", 1.0], ["cut", 1.0], ["drop", 1.0], ["loanaccruals", 1.0], ["esma", 1.0], ["001", 0]]}}}