{"task": "extract_topic_keywords", "client_id": "azure-taosolutions", "status": "Success", "result": {"topic_id": {"0": 10}, "topic_keywords": {"0": [["recent simple average", 9.0], ["recent compound average", 9.0], ["auto reconcile button", 9.0], ["formula- > rmbsprogramloans", 9.0], ["run allocation series", 9.0], ["correct cashflows generate", 9.0], ["change make save", 8.75], ["match unmatch transaction", 8.736842105263158], ["reconcile match transaction", 8.736842105263158], ["ignore unmatch transaction", 8.736842105263158], ["sgbm-loan transaction report", 8.736842105263158], ["extend period spread", 8.727272727272727], ["activate inactive ssi", 8.666666666666666], ["deactivate active ssi", 8.666666666666666], ["select historical curve", 8.636363636363637], ["edit save employer", 8.6], ["delete journal grid", 8.566666666666666], ["journal entry delete", 8.566666666666666], ["static compliance template", 8.533333333333333], ["run allocation template", 8.533333333333333], ["file upload successfully", 8.523809523809524], ["attachment send email", 8.5], ["send email attachment", 8.5], ["column datum grid", 8.470588235294118], ["pdf admin screen", 8.4], ["corra rate tpp", 8.384615384615385], ["early issue date", 8.375], ["select spread curve", 8.363636363636363], ["export select pop", 8.35064935064935], ["engine process manager", 8.333333333333334], ["cover bond pool", 8.32258064516129], ["processes- job scheduler", 8.264492753623188], ["column change position", 8.220588235294118], ["rmbs settlement engine", 8.214285714285715], ["properly filter result", 8.2], ["arrow work properly", 8.2], ["coupon spread override", 8.171717171717171], ["process manual journal", 8.166666666666668], ["transaction date start", 8.111842105263158], ["sale perform external", 8.11111111111111], ["borrower history tab", 8.08974358974359], ["header '' changement", 8.055555555555555], ["bacth select list", 8.011363636363637], ["status show submit", 8.0], ["rmbs funding engine", 7.914285714285715], ["' description '", 7.9], ["administration job scheduler", 7.864492753623189], ["change make loan", 7.847560975609756], ["validate middle column", 7.827731092436975], ["validate toggle button", 7.785714285714286], ["validate start date", 7.732142857142858], ["validate paid-to date", 7.732142857142858], ["asset viewer >>", 7.702702702702703], ["duplicate core column", 7.670588235294118], ["pool fee upload", 7.655913978494624], ["band threshold field", 7.641791044776119], ["mark field favourite", 7.641791044776119], ["loan search template", 7.630894308943089], ["asset history tab", 7.625779625779625], ["loan deletion file", 7.62137049941928], ["filter sort '", 7.616666666666667], ["transaction date end", 7.6118421052631575], ["process job scheduler", 7.5978260869565215], ["list sort column", 7.512254901960784], ["job definition scheduler", 7.464492753623189], ["file export definition", 7.438095238095238], ["bulk sale pool", 7.433691756272401], ["validate left column", 7.327731092436975], ["list formula configure", 7.3125], ["month current balance", 7.208333333333334], ["link loan arrears", 7.097560975609756], ["8see step detail", 7.037037037037037], ["modify exist update", 7.0], ["audit trace browser", 7.0], ["item pend approval", 6.9472868217054256], ["day month ''", 6.930555555555555], ["select column section", 6.856951871657754], ["field work properly", 6.841791044776119], ["payment date mandatory", 6.575], ["cmhc pool number", 6.57258064516129], ["issue date default", 6.513888888888889], ["user close screen", 6.47843137254902], ["set default require", 6.338888888888889], ["success failure ''", 6.055555555555555], ["information field general", 5.958457711442787], ["mandatory entry error", 5.914285714285715], ["job scheduler", 5.2644927536231885], ["coupon spread", 5.171717171717171], ["modify ssi", 5.166666666666666], ["borrower history", 5.166666666666666], ["column sort", 5.137254901960784], ["transaction date", 5.1118421052631575], ["column select", 5.106951871657754], ["general tab", 4.98974358974359], ["delete exist", 4.983333333333333], ["column header", 4.970588235294118], ["export definition", 4.914285714285715], ["end date", 4.875], ["settlement date", 4.875], ["eirpoolsalecashflowperiods journal", 4.833333333333334], ["coupon date", 4.819444444444445], ["change occur", 4.75], ["customer transaction", 4.7368421052631575], ["loan select", 4.733924611973393], ["select loan", 4.733924611973393], ["previously delete", 4.733333333333333], ["duplicate template", 4.733333333333333], ["rmbs program", 4.714285714285714], ["list pool", 4.69758064516129], ["' formula", 4.6875], ["fee process", 4.666666666666667], ["close window", 4.666666666666666], ["edit asset", 4.636036036036036], ["toggle set", 4.628571428571428], ["loan file", 4.62137049941928], ["item approval", 4.6139534883720925], ["cmb administration", 4.6], ["formula select", 4.573863636363637], ["job definition", 4.547826086956523], ["mortgage viewer", 4.5359477124183005], ["funding process", 4.533333333333333], ["lock template", 4.533333333333333], ["unlock template", 4.533333333333333], ["remove attachment", 4.5], ["left empty", 4.5], ["loan pool", 4.420141620771046], ["transaction amount", 4.4035087719298245], ["setup screen", 4.4], ["maturity date", 4.375], ["certification date", 4.375], ["day month", 4.375], ["ia date", 4.375], ["list session", 4.375], ["validate redraw", 4.357142857142858], ["fee matrix", 4.333333333333334], ["pcpal balance", 4.333333333333334], ["non-freeze pool", 4.32258064516129], ["pool cashflow", 4.32258064516129], ["mbs pool", 4.32258064516129], ["error ''", 4.26984126984127], ["update record", 4.25], ["arrears information", 4.25], ["overidden number", 4.25], ["toggle approval", 4.2425249169435215], ["dev work", 4.2], ["pend approval", 4.147286821705427], ["attachment field", 4.141791044776119], ["duplicate formula", 4.1375], ["mortgage number", 4.1192810457516345], ["execute sale", 4.111111111111111], ["calculate sale", 4.111111111111111], ["loan cashflow", 4.097560975609756], ["loan cf", 4.097560975609756], ["loan searchsets", 4.097560975609756], ["loan investor 100", 4.097560975609756], ["loan investor", 4.097560975609756], ["program loan", 4.097560975609756], ["instrument general", 4.066666666666666], ["description field", 4.04179104477612], ["step detail", 4.037037037037037], ["asset type", 4.036036036036036], ["single criterion", 4.0], ["rfr methodology", 4.0], ["insurance type", 4.0], ["enforce format", 4.0], ["deal management", 4.0], ["cp deal", 4.0], ["mockup reference", 4.0], ["system setup", 4.0], ["shift key", 4.0], ["rfr module", 4.0], ["max length 100", 4.0], ["max length 255", 4.0], ["newly construct", 4.0], ["owner occupy", 4.0], ["verify mortgageassetsasatdate", 4.0], ["loanstorecommitment table", 4.0], ["tooltips test", 4.0], ["intake amort", 4.0], ["variable instrument", 4.0], ["tool tip", 4.0], ["essential permission", 4.0], ["lacap tangerine", 4.0], ["insurance id", 4.0], ["string length", 4.0], ["dev investigation", 4.0], ["full ownership", 4.0], ["min_originalltv formula", 3.9375], ["min_currentltv formula", 3.9375], ["min_indexedauthorizedltv formula", 3.9375], ["max_indexedauthorizedltv formula", 3.9375], ["max_indexedcurrentltv formula", 3.9375], ["formula builder", 3.9375], ["populate number", 3.916666666666667], ["mortgage asset", 3.90531708178767], ["field exist", 3.8917910447761193], ["equipment asset", 3.845559845559846], ["approval request", 3.8139534883720927], ["validate user", 3.76890756302521], ["create file", 3.723809523809524], ["specific error", 3.7142857142857144], ["multiple criterion", 3.666666666666667], ["window populate", 3.666666666666667], ["city province", 3.666666666666667], ["field editable", 3.6417910447761193], ["field scale 5", 3.6417910447761193], ["success failure", 3.5], ["legal action", 3.5], ["disappear favorite", 3.5], ["workflow-alternate workflow", 3.5], ["2 category favorite", 3.5], ["mortgage term", 3.469281045751634], ["user account", 3.4117647058823533], ["field section", 3.3917910447761193], ["set default", 3.338888888888889], ["loanstore table", 3.333333333333333], ["2 decimal place", 3.333333333333333], ["initial 2824 create", 3.2], ["validation maximum", 2.666666666666667], ["template", 2.533333333333333], ["column", 2.4705882352941178], ["screen", 2.4], ["rate", 2.3846153846153846], ["date", 2.375], ["validate", 2.357142857142857], ["job", 2.347826086956522], ["process", 2.3333333333333335], ["definition", 2.2], ["filter", 2.2], ["sale", 2.111111111111111], ["loan", 2.097560975609756], ["loan 100", 2.097560975609756], ["detail", 2.037037037037037], ["arrears", 2.0], ["cmhc 2824", 2.0], ["trace", 2.0], ["audit", 2.0], ["show", 2.0], ["step", 2.0], ["formula", 1.9375], ["12 month", 1.875], ["month", 1.875], ["mortgage", 1.869281045751634], ["approval", 1.813953488372093], ["equipment", 1.8095238095238095], ["failure", 1.75], ["success", 1.75], ["section", 1.75], ["error", 1.7142857142857142], ["amount", 1.6666666666666667], ["province", 1.6666666666666667], ["populate", 1.6666666666666667], ["multiple", 1.6666666666666667], ["field", 1.6417910447761195], ["term", 1.6], ["favorite", 1.5], ["validation", 1.5], ["workflow", 1.5], ["action", 1.5], ["user", 1.411764705882353], ["loanstore", 1.3333333333333333], ["place", 1.3333333333333333], ["create", 1.2], ["mandatory", 1.2], ["maximum", 1.1666666666666667], ["default", 1.1388888888888888], ["default 0", 1.1388888888888888], ["3 digit", 1.0], ["add", 1.0], ["project", 1.0], ["unique", 1.0], ["selectable", 1.0], ["nullable", 1.0], ["blank", 1.0], ["primary", 1.0], ["minimum", 1.0], ["undo", 1.0], ["$999", 1.0], ["today", 1.0], ["22r1", 1.0], ["parameter", 1.0], ["datasource", 1.0], ["insurer", 1.0], ["green", 1.0], ["conformation", 1.0], ["confirmation", 1.0], ["reserve", 1.0], ["free", 1.0], ["form", 1.0], ["finalize", 1.0], ["market", 1.0], ["remain", 1.0], ["address", 1.0], ["final 2824", 1.0], ["entity", 1.0], ["low", 1.0], ["option", 1.0], ["pei", 1.0], ["face", 1.0], ["floor", 1.0], ["i_occupancytype", 1.0], ["partialownership", 1.0], ["0000000000", 0], ["999", 0], ["9999999999", 0], ["000000000000000", 0], ["999999999999999", 0], ["2147483647", 0], ["2147483648", 0], ["100", 0], ["500", 0], ["2834", 0]]}}}