{"task": "extract_topic_keywords", "client_id": "azure-taosolutions", "status": "Success", "result": {"topic_id": {"0": 55}, "topic_keywords": {"0": [["process manual journal", 9.0], ["accounting standard show", 9.0], ["validate originator nullable", 9.0], ["validate vendor nullable", 9.0], ["validate manufacturer nullable", 9.0], ["seller settlement section", 9.0], ["toggle button set", 9.0], ["toggle button status", 9.0], ["nha mbs construction", 9.0], ["validate description nullable", 8.666666666666666], ["date time type", 8.181818181818182], ["datum type long", 7.581818181818182], ["datum type", 4.581818181818182], ["datum present", 4.4], ["asset type", 4.181818181818182], ["description field", 4.166666666666666], ["accountingstandards table", 4.0], ["system setup", 4.0], ["search template", 4.0], ["mortgage asset", 4.0], ["equipment asset", 4.0], ["change discard", 4.0], ["report administration", 4.0], ["cmb cmb", 4.0], ["tooltips test", 4.0], ["validation maxmium", 4.0], ["string length", 4.0], ["click '", 4.0], ["sample attach", 4.0], ["max length 250", 4.0], ["asset browser", 4.0], ["asset viewer", 4.0], ["filter asset", 4.0], ["user account", 3.4], ["role user", 3.4], ["drop calendar", 3.333333333333333], ["field", 1.5], ["user", 1.4], ["drop", 1.3333333333333333], ["assign", 1.0], ["select", 1.0], [">= 0", 1.0], ["confirmation", 1.0], ["static", 1.0], ["pool", 1.0], ["form", 1.0], ["error", 1.0], ["255", 0]]}}}