{"task": "extract_topic_keywords", "client_id": "azure-taosolutions", "status": "Success", "result": {"topic_id": {"0": 8}, "topic_keywords": {"0": [["cds eligible change", 9.0], ["boc eligible change", 9.0], ["seller link un-link", 9.0], ["project remain term", 9.0], ["repurchase prior securitization", 9.0], ["nha mbs construction", 9.0], ["search result load", 8.9], ["search panel top", 8.9], ["pdf admin screen", 8.866666666666667], ["reload button functional", 8.846153846153847], ["settle button activate", 8.846153846153847], ["reasonable amount time", 8.818181818181818], ["nha mbs administration", 8.753846153846155], ["nha mba administration", 8.753846153846155], ["interest bearing instrument", 8.6], ["cusip certification date", 8.571428571428571], ["click red cross", 8.5625], ["exchange rate source", 8.5], ["engine rate source", 8.5], ["< project balance", 8.5], ["mincouponspread compliance template", 8.5], ["cusip original series", 8.5], ["associate search set", 8.471428571428572], ["edit recors change", 8.428571428571429], ["' search box", 8.356349206349206], ["column change position", 8.338983050847457], ["map deal disbursement", 8.333333333333334], ["record time grid", 8.333333333333334], ["tooltip describe issue", 8.333333333333334], ["main entry drill", 8.333333333333334], ["button ' mark", 8.324725274725274], ["administration holiday calendar", 8.253846153846155], ["engine process template", 8.24390243902439], ["engine process manager", 8.24390243902439], ["screen return normal", 8.2], ["mqcc loan property", 8.196721311475411], ["loan property owner-occupy", 8.196721311475411], ["mqcc loan borrower", 8.196721311475411], ["invalid address information", 8.166666666666666], ["bulk insurance cgreponse", 8.166666666666666], ["save search template", 8.15], ["update button disable", 8.14027149321267], ["administration job scheduler", 8.125274725274725], ["cht price tab", 8.11111111111111], ["upload poolfeeupload_ file", 8.1], ["save button disable", 8.096153846153847], ["email setup complete", 8.052631578947368], ["override box visible", 8.027777777777779], ["override box uncheck", 8.027777777777779], ["top corner screen", 8.00952380952381], ["essential cmls addition", 8.0], ["status issue date", 8.0], ["document custodian dropdown", 8.0], ["cutoffdate formula builder", 8.0], ["multiple search set", 7.9714285714285715], ["screen remains open", 7.961904761904762], ["additional field yield", 7.954545454545455], ["active mbs pool", 7.886792452830189], ["update properly click", 7.856617647058823], ["toggle button revert", 7.846153846153847], ["selection favourite criterion", 7.8], ["override box check", 7.777777777777778], ["' choose list", 7.761904761904763], ["session run successfully", 7.7407407407407405], ["compress editable add", 7.733333333333334], ["year system date", 7.692640692640692], ["status = current", 7.688311688311687], ["associate accounting entity", 7.681818181818182], ["refresh button enable", 7.67948717948718], ["ownership tab click", 7.673611111111111], ["pend approval entry", 7.666666666666666], ["file import management", 7.627659574468085], ["cmhc approve change", 7.619047619047619], ["mortgage viewer-mortgage history", 7.619047619047619], ["process job scheduler", 7.6153310104529615], ["closing current window", 7.545454545454545], ["cutoff date field", 7.525974025974026], ["pend approval entity", 7.515151515151515], ["current price field", 7.5], ["unsettle fee settle", 7.485294117647059], ["session add list", 7.483333333333334], ["update entity user1", 7.475935828877005], ["tranche pool belong", 7.45822102425876], ["mortgage term amount", 7.437229437229437], ["purge-new / edit", 7.428571428571429], ["loan estimate sale", 7.378539493293592], ["define fee screen", 7.351960784313725], ["inherit fee screen", 7.351960784313725], ["process manual journal", 7.34390243902439], ["grouping option grid", 7.333333333333334], ["mandatory editable show", 7.333333333333334], ["select ownership tab", 7.321637426900585], ["settle action click", 7.229166666666667], ["assetborrowers click update", 7.189950980392157], ["system setup setting", 7.173843700159489], ["grid filter column", 7.1723163841807915], ["user close screen", 7.163963963963964], ["run report loanstore", 7.140740740740741], ["entity additional field", 7.136363636363637], ["manual input fee", 7.0852941176470585], ["loan pool priority", 7.083513764305598], ["settlement date settle", 7.071428571428571], ["tranche fee expand", 7.056722689075631], ["fee amount =", 7.017761650114592], ["description editable time", 7.0], ["recon type field", 6.968058968058969], ["validation error detect", 6.942857142857143], ["list filter column", 6.9223163841807915], ["grid sort column", 6.9223163841807915], ["compliance pool validate", 6.886792452830189], ["loan sale status", 6.80711092186502], ["update tax user1", 6.794117647058823], ["bulk sale pool", 6.735277301315037], ["group select email", 6.710526315789474], ["unsettle fee select", 6.695820433436532], ["create compliance validate", 6.6923076923076925], ["list sort column", 6.6723163841807915], ["user open screen", 6.5925353925353924], ["' pool type", 6.57887739491513], ["secure subsequent pool", 6.553459119496855], ["mortgage pool ineligible", 6.505840071877808], ["user refresh screen", 6.4972972972972975], ["entity type ''", 6.3085392425015065], ["display administrator field", 6.287878787878787], ["user un-secure pool", 6.184089750127486], ["calculate fee number", 6.128151260504202], ["error '' error", 5.998921832884097], ["' attachment tab", 5.989682539682539], ["error '' pool", 5.942857142857143], ["list group column", 5.922316384180791], ["editable show fee", 5.818627450980393], ["pool secure process", 5.797361558521246], ["form select list", 5.668859649122807], ["interest bearing", 5.6], ["' button", 5.524725274725275], ["amount remains", 5.484848484848484], ["search set", 5.4714285714285715], ["job scheduler", 5.371428571428572], ["pend approval", 5.333333333333333], ["open screen", 5.295238095238095], ["party pool issuer", 5.263415829453566], ["bulk insurance", 5.166666666666666], ["manual journal", 5.1], ["/ open", 5.095238095238095], ["check editable", 5.083333333333334], ["' column", 5.0175544794188855], ["formula builder", 5.0], ["status current", 4.974025974025974], ["screen divide", 4.866666666666667], ["column filter", 4.838983050847458], ["focus box", 4.777777777777778], ["b_delete = 0", 4.714285714285714], ["loan source", 4.69672131147541], ["system date", 4.692640692640692], ["accounting entity", 4.681818181818182], ["invalid province", 4.666666666666666], ["'' multiple", 4.613207547169811], ["upload read", 4.6], ["column sort", 4.588983050847458], ["expect tranche", 4.571428571428571], ["enter date", 4.571428571428571], ["mark submit", 4.55], ["current remittance", 4.545454545454545], ["arrears information", 4.5], ["mincouponspread ct", 4.5], ["back original", 4.5], ["statistic enable", 4.5], ["poolfeeupload file", 4.5], ["detail job", 4.453781512605042], ["click pool", 4.449292452830189], ["cmhc number", 4.428571428571429], ["status blank", 4.428571428571429], ["process sale", 4.425720620842572], ["cmb administration", 4.420512820512821], ["internal report", 4.4], ["pool balance", 4.386792452830189], ["loan sale", 4.378539493293592], ["field add", 4.3545454545454545], ["deal type", 4.346846846846847], ["column read", 4.338983050847458], ["editable show", 4.333333333333334], ["return 01-jan-1900", 4.333333333333334], ["select ''", 4.323733862959285], ["edit pool", 4.315363881401617], ["fee amount", 4.303475935828877], ["add pool", 4.286792452830189], ["list loan", 4.280054644808743], ["process type", 4.2574159525379045], ["corner tab", 4.253968253968254], ["closing save", 4.25], ["process remittance", 4.2439024390243905], ["field sort", 4.204545454545455], ["loan cf", 4.19672131147541], ["loan cfs", 4.19672131147541], ["reserve loan", 4.19672131147541], ["sale reason", 4.181818181818182], ["insurer '", 4.178571428571429], ["system setup", 4.173843700159489], ["calculate action", 4.166666666666667], ["tab show", 4.111111111111111], ["general tab", 4.111111111111111], ["pool loan", 4.083513764305598], ["loan pool", 4.083513764305598], ["pool sale", 4.068610634648371], ["tranche fee", 4.056722689075631], ["error ''", 4.056064690026954], ["company setup", 4.052631578947368], ["cmhc 2824 submit", 4.035714285714286], ["pool number", 4.0296495956873315], ["pool management", 4.014452027298274], ["collateral type", 4.013513513513514], ["asset type", 4.013513513513514], ["type ready", 4.013513513513514], ["dev effort", 4.0], ["client account", 4.0], ["static datum", 4.0], ["combine gds", 4.0], ["combine tds", 4.0], ["access contact", 4.0], ["workflow-alternate workflow", 4.0], ["size read", 4.0], ["require show", 4.0], ["print delete", 4.0], ["print reset", 4.0], ["calc basis", 4.0], ["correct reprocess", 4.0], ["tooltips test", 4.0], ["single tier", 4.0], ["ctrl +", 4.0], ["rmbs program", 4.0], ["previous remittance", 4.0], ["sample attach", 4.0], ["bulkinsurancefee bulkinsurancefeehistory", 4.0], ["development effort", 4.0], ["run process", 3.984643179765131], ["cmhc 2824 create", 3.978021978021978], ["party pool", 3.9777015437392795], ["field maximum", 3.9545454545454546], ["field fill", 3.9545454545454546], ["modification field", 3.9545454545454546], ["delete field", 3.9545454545454546], ["error message", 3.942857142857143], ["save action", 3.916666666666667], ["pool type", 3.9003059663437023], ["pool prompt", 3.8867924528301887], ["replica pool", 3.8867924528301887], ["variable pool", 3.8867924528301887], ["corra pool", 3.8867924528301887], ["cdor pool", 3.8867924528301887], ["step detail", 3.8823529411764706], ["inside detail", 3.8823529411764706], ["contact detail", 3.8823529411764706], ["column group", 3.8389830508474576], ["date finalize", 3.7714285714285714], ["batch submit", 3.75], ["fee save", 3.735294117647059], ["user edit", 3.7258687258687258], ["form editable", 3.7083333333333335], ["secure owner", 3.666666666666667], ["mortgage asset", 3.619047619047619], ["pool action", 3.5534591194968552], ["secure pool", 3.5534591194968552], ["type method", 3.5135135135135136], ["user select", 3.5078236130867713], ["select user", 3.5078236130867713], ["mortgage pool", 3.5058400718778078], ["access group", 3.5], ["editable default", 3.5], ["mature pool", 3.486792452830189], ["fee definition", 3.485294117647059], ["pool 15m", 3.3867924528301887], ["download print", 3.333333333333333], ["user role", 3.2972972972972974], ["user start", 3.2972972972972974], ["user read", 3.2972972972972974], ["user remove", 3.2972972972972974], ["user retransmit 2824", 3.2972972972972974], ["minimum $999", 3.0], ["create user", 2.98960498960499], ["user create", 2.98960498960499], ["administration", 2.753846153846154], ["date", 2.5714285714285716], ["click", 2.5625], ["calendar", 2.5], ["file", 2.5], ["status", 2.4285714285714284], ["open", 2.4285714285714284], ["column", 2.3389830508474576], ["assetborrowers", 2.3333333333333335], ["approve", 2.3333333333333335], ["editable", 2.3333333333333335], ["tooltip", 2.3333333333333335], ["entry", 2.3333333333333335], ["grid", 2.3333333333333335], ["refresh", 2.3333333333333335], ["purge-new", 2.3333333333333335], ["update", 2.2941176470588234], ["save", 2.25], ["sort", 2.25], ["override", 2.25], ["process", 2.2439024390243905], ["select", 2.210526315789474], ["loan", 2.19672131147541], ["entity", 2.1818181818181817], ["tab", 2.111111111111111], ["list", 2.0833333333333335], ["setup", 2.0526315789473686], ["type", 2.0135135135135136], ["validate", 2.0], ["option", 2.0], ["essential", 2.0], ["toggle", 2.0], ["show", 2.0], ["closing", 2.0], ["validation", 2.0], ["custodian", 2.0], ["field", 1.9545454545454546], ["error", 1.9428571428571428], ["pool", 1.8867924528301887], ["detail", 1.8823529411764706], ["criterion", 1.8], ["submit", 1.75], ["run", 1.7407407407407407], ["create", 1.6923076923076923], ["secure", 1.6666666666666667], ["action", 1.6666666666666667], ["description", 1.6666666666666667], ["cmb", 1.6666666666666667], ["mortgage", 1.619047619047619], ["mature", 1.6], ["tax", 1.5], ["settlement", 1.5], ["group", 1.5], ["$999", 1.5], ["99 minimum", 1.5], ["method", 1.5], ["15m", 1.5], ["insurer", 1.5], ["fee", 1.4852941176470589], ["form", 1.375], ["display", 1.3333333333333333], ["download", 1.3333333333333333], ["user", 1.2972972972972974], ["user 2", 1.2972972972972974], ["issuer", 1.2857142857142858], ["attachment", 1.2], ["finalize", 1.2], ["default", 1.1666666666666667], ["low", 1.0], ["permission", 1.0], ["approver", 1.0], ["equipment", 1.0], ["qualify", 1.0], ["advice", 1.0], ["confirmation", 1.0], ["additionalfieldaddremovebuttons", 1.0], ["dirty", 1.0], ["side", 1.0], ["bps", 1.0], ["servicer", 1.0], ["unmark", 1.0], ["follow", 1.0], ["populate", 1.0], ["mmchmc_", 1.0], ["txt", 1.0], ["mmgmbs_", 1.0], ["icon", 1.0], ["dealing", 1.0], ["insure", 1.0], ["great 0", 1.0], ["derive", 1.0], ["month", 1.0], ["re-coupon", 1.0], ["minute", 1.0], ["backup", 1.0], ["purge", 1.0], ["funding", 1.0], ["rbc", 1.0], ["rbccm", 1.0], ["prime", 1.0], ["med", 1.0], ["999", 0], ["2824", 0], ["965", 0]]}}}