{"task": "topics_heirarchical_labels", "client_id": "azure-taosolutions", "status": "Success", "result": "{\"data\":[{\"hoverinfo\":\"text\",\"marker\":{\"color\":\"rgb(0,116,217)\"},\"mode\":\"lines\",\"text\":[\"notification_event_trigger_receive_inapp\",\"\",\"\",\"invoice_preferencesinvoice_preference_accountsaccount_cancellation\"],\"x\":[0.0,1.3798453126170427,1.3798453126170427,0.0],\"xaxis\":\"x\",\"y\":[-15.0,-15.0,-25.0,-25.0],\"yaxis\":\"y\",\"type\":\"scatter\"},{\"hoverinfo\":\"text\",\"marker\":{\"color\":\"rgb(0,116,217)\"},\"mode\":\"lines\",\"text\":[\"search_result_set_criterion_sort\",\"\",\"\",\"header_filter_certain_column_contain\"],\"x\":[0.0,1.2257062977815754,1.2257062977815754,0.0],\"xaxis\":\"x\",\"y\":[-35.0,-35.0,-45.0,-45.0],\"yaxis\":\"y\",\"type\":\"scatter\"},{\"hoverinfo\":\"text\",\"marker\":{\"color\":\"rgb(0,116,217)\"},\"mode\":\"lines\",\"text\":[\"notification_event_invoice_trigger_receive\",\"\",\"\",\"search_column_result_sort_set\"],\"x\":[1.3798453126170427,1.6093345727088375,1.6093345727088375,1.2257062977815754],\"xaxis\":\"x\",\"y\":[-20.0,-20.0,-40.0,-40.0],\"yaxis\":\"y\",\"type\":\"scatter\"},{\"hoverinfo\":\"text\",\"marker\":{\"color\":\"rgb(61,153,112)\"},\"mode\":\"lines\",\"text\":[\"matrix_esignature_configurationaccounting_accounting_package\",\"\",\"\",\"holderregion_settlementreport_tip_next_engine\"],\"x\":[0.0,0.9123200481437277,0.9123200481437277,0.0],\"xaxis\":\"x\",\"y\":[-55.0,-55.0,-65.0,-65.0],\"yaxis\":\"y\",\"type\":\"scatter\"},{\"hoverinfo\":\"text\",\"marker\":{\"color\":\"rgb(0,116,217)\"},\"mode\":\"lines\",\"text\":[\"gap_analysis_gl_account_holder\",\"\",\"\",\"matrix_esignature_configurationaccounting_accounting_account\"],\"x\":[0.0,1.0219257800431847,1.0219257800431847,0.0],\"xaxis\":\"x\",\"y\":[-85.0,-85.0,-95.0,-95.0],\"yaxis\":\"y\",\"type\":\"scatter\"},{\"hoverinfo\":\"text\",\"marker\":{\"color\":\"rgb(0,116,217)\"},\"mode\":\"lines\",\"text\":[\"statement_financial_child_instruction_sheet\",\"\",\"\",\"instruction_contactspayment_accountspayment_card_save\"],\"x\":[0.0,1.2333284602609826,1.2333284602609826,1.0219257800431847],\"xaxis\":\"x\",\"y\":[-75.0,-75.0,-90.0,-90.0],\"yaxis\":\"y\",\"type\":\"scatter\"},{\"hoverinfo\":\"text\",\"marker\":{\"color\":\"rgb(255,65,54)\"},\"mode\":\"lines\",\"text\":[\"contactscontact_verify_dropdown_accountsaccount_vendorsvendor\",\"\",\"\",\"statement_instruction_financial_contactspayment_accountspayment\"],\"x\":[0.0,0.956139287170295,0.956139287170295,0.0],\"xaxis\":\"x\",\"y\":[-105.0,-105.0,-115.0,-115.0],\"yaxis\":\"y\",\"type\":\"scatter\"},{\"hoverinfo\":\"text\",\"marker\":{\"color\":\"rgb(0,116,217)\"},\"mode\":\"lines\",\"text\":[\"statement_verify_instruction_financial_enter\",\"\",\"\",\"issuance_statistic_effective_price_cht\"],\"x\":[1.2333284602609826,1.4036057119728669,1.4036057119728669,0.956139287170295],\"xaxis\":\"x\",\"y\":[-82.5,-82.5,-110.0,-110.0],\"yaxis\":\"y\",\"type\":\"scatter\"},{\"hoverinfo\":\"text\",\"marker\":{\"color\":\"rgb(0,116,217)\"},\"mode\":\"lines\",\"text\":[\"credit_deal_dealsdeal_condition_document\",\"\",\"\",\"statement_verify_instruction_financial_enter\"],\"x\":[0.9123200481437277,1.5852518696342135,1.5852518696342135,1.4036057119728669],\"xaxis\":\"x\",\"y\":[-60.0,-60.0,-96.25,-96.25],\"yaxis\":\"y\",\"type\":\"scatter\"},{\"hoverinfo\":\"text\",\"marker\":{\"color\":\"rgb(0,116,217)\"},\"mode\":\"lines\",\"text\":[\"riskfreerates_pricing_country_policy_provide\",\"\",\"\",\"risk_rating_template_facility_pal\"],\"x\":[0.0,1.2641436938909354,1.2641436938909354,0.0],\"xaxis\":\"x\",\"y\":[-125.0,-125.0,-135.0,-135.0],\"yaxis\":\"y\",\"type\":\"scatter\"},{\"hoverinfo\":\"text\",\"marker\":{\"color\":\"rgb(0,116,217)\"},\"mode\":\"lines\",\"text\":[\"verify_credit_statement_save_enter\",\"\",\"\",\"risk_rating_template_facility_pal\"],\"x\":[0.0,1.1736945283377946,1.1736945283377946,0.0],\"xaxis\":\"x\",\"y\":[-145.0,-145.0,-155.0,-155.0],\"yaxis\":\"y\",\"type\":\"scatter\"},{\"hoverinfo\":\"text\",\"marker\":{\"color\":\"rgb(0,116,217)\"},\"mode\":\"lines\",\"text\":[\"matrix_account_esignature_gl_gap\",\"\",\"\",\"verify_credit_statement_save_enter\"],\"x\":[0.0,1.031068947739674,1.031068947739674,0.0],\"xaxis\":\"x\",\"y\":[-165.0,-165.0,-175.0,-175.0],\"yaxis\":\"y\",\"type\":\"scatter\"},{\"hoverinfo\":\"text\",\"marker\":{\"color\":\"rgb(0,116,217)\"},\"mode\":\"lines\",\"text\":[\"transaction_payment_payout_funding_scenario\",\"\",\"\",\"quotespricing_payment_applicationsapplication_verify_enter\"],\"x\":[1.031068947739674,1.2938708579544165,1.2938708579544165,0.0],\"xaxis\":\"x\",\"y\":[-170.0,-170.0,-185.0,-185.0],\"yaxis\":\"y\",\"type\":\"scatter\"},{\"hoverinfo\":\"text\",\"marker\":{\"color\":\"rgb(0,116,217)\"},\"mode\":\"lines\",\"text\":[\"broker_insurance_brokersbroker_industry_portal\",\"\",\"\",\"collateral_dealscollateral_visibility_share_verify\"],\"x\":[1.1736945283377946,1.3609819272617971,1.3609819272617971,1.2938708579544165],\"xaxis\":\"x\",\"y\":[-150.0,-150.0,-177.5,-177.5],\"yaxis\":\"y\",\"type\":\"scatter\"},{\"hoverinfo\":\"text\",\"marker\":{\"color\":\"rgb(0,116,217)\"},\"mode\":\"lines\",\"text\":[\"payment_quotespricing_transaction_payout_verify\",\"\",\"\",\"collateral_dealscollateral_visibility_share_verify\"],\"x\":[1.2641436938909354,1.426720328042918,1.426720328042918,1.3609819272617971],\"xaxis\":\"x\",\"y\":[-130.0,-130.0,-163.75,-163.75],\"yaxis\":\"y\",\"type\":\"scatter\"},{\"hoverinfo\":\"text\",\"marker\":{\"color\":\"rgb(0,116,217)\"},\"mode\":\"lines\",\"text\":[\"verify_credit_save_statement_field\",\"\",\"\",\"payment_quotespricing_verify_collateral_dealscollateral\"],\"x\":[1.5852518696342135,1.7953976037764683,1.7953976037764683,1.426720328042918],\"xaxis\":\"x\",\"y\":[-78.125,-78.125,-146.875,-146.875],\"yaxis\":\"y\",\"type\":\"scatter\"},{\"hoverinfo\":\"text\",\"marker\":{\"color\":\"rgb(0,116,217)\"},\"mode\":\"lines\",\"text\":[\"search_notification_event_column_filter\",\"\",\"\",\"verify_payment_enter_dropdown_save\"],\"x\":[1.6093345727088375,1.9065774458096991,1.9065774458096991,1.7953976037764683],\"xaxis\":\"x\",\"y\":[-30.0,-30.0,-112.5,-112.5],\"yaxis\":\"y\",\"type\":\"scatter\"},{\"hoverinfo\":\"text\",\"marker\":{\"color\":\"rgb(0,116,217)\"},\"mode\":\"lines\",\"text\":[\"depreciation_schedulesdepreciation_schedule_code_2822\",\"\",\"\",\"configurationcca_depreciation_year_99999999999999_999\"],\"x\":[0.0,2.2900029709316954,2.2900029709316954,1.9065774458096991],\"xaxis\":\"x\",\"y\":[-5.0,-5.0,-71.25,-71.25],\"yaxis\":\"y\",\"type\":\"scatter\"},{\"hoverinfo\":\"text\",\"marker\":{\"color\":\"rgb(35,205,205)\"},\"mode\":\"lines\",\"text\":[\"verify_dropdown_payment_enter_save\",\"\",\"\",\"depreciation_configurationcca_schedulesdepreciation_schedule_year\"],\"x\":[0.0,0.9965191720551283,0.9965191720551283,0.0],\"xaxis\":\"x\",\"y\":[-195.0,-195.0,-205.0,-205.0],\"yaxis\":\"y\",\"type\":\"scatter\"},{\"hoverinfo\":\"text\",\"marker\":{\"color\":\"rgb(133,20,75)\"},\"mode\":\"lines\",\"text\":[\"task_2812_form_workflow_pass\",\"\",\"\",\"legal_action_liquidate_remittance_fieldfield\"],\"x\":[0.0,0.8617811342957433,0.8617811342957433,0.0],\"xaxis\":\"x\",\"y\":[-215.0,-215.0,-225.0,-225.0],\"yaxis\":\"y\",\"type\":\"scatter\"},{\"hoverinfo\":\"text\",\"marker\":{\"color\":\"rgb(0,116,217)\"},\"mode\":\"lines\",\"text\":[\"pool_collapse_third_party_remittance\",\"\",\"\",\"remittance_bulk_pool_reference_tranche\"],\"x\":[0.9965191720551283,1.1010688248454248,1.1010688248454248,0.8617811342957433],\"xaxis\":\"x\",\"y\":[-200.0,-200.0,-220.0,-220.0],\"yaxis\":\"y\",\"type\":\"scatter\"},{\"hoverinfo\":\"text\",\"marker\":{\"color\":\"rgb(255,220,0)\"},\"mode\":\"lines\",\"text\":[\"sale_browser_sales_pdf_search\",\"\",\"\",\"bulk_sale_pool_form_management\"],\"x\":[0.0,0.9776304277534296,0.9776304277534296,0.0],\"xaxis\":\"x\",\"y\":[-245.0,-245.0,-255.0,-255.0],\"yaxis\":\"y\",\"type\":\"scatter\"},{\"hoverinfo\":\"text\",\"marker\":{\"color\":\"rgb(0,116,217)\"},\"mode\":\"lines\",\"text\":[\"report_tape_rmbs_op_sales\",\"\",\"\",\"sale_bulk_pool_form_management\"],\"x\":[0.9776304277534296,1.0532321769002773,1.0532321769002773,0.0],\"xaxis\":\"x\",\"y\":[-250.0,-250.0,-265.0,-265.0],\"yaxis\":\"y\",\"type\":\"scatter\"},{\"hoverinfo\":\"text\",\"marker\":{\"color\":\"rgb(0,116,217)\"},\"mode\":\"lines\",\"text\":[\"sale_bulk_pool_form_management\",\"\",\"\",\"cover_bond_program_period_current\"],\"x\":[0.0,1.2722518341956848,1.2722518341956848,1.0532321769002773],\"xaxis\":\"x\",\"y\":[-235.0,-235.0,-257.5,-257.5],\"yaxis\":\"y\",\"type\":\"scatter\"},{\"hoverinfo\":\"text\",\"marker\":{\"color\":\"rgb(0,116,217)\"},\"mode\":\"lines\",\"text\":[\"fee_result_include_pool_amt\",\"\",\"\",\"mbs_nha_pool_construction_management\"],\"x\":[0.0,1.0918784185717576,1.0918784185717576,0.0],\"xaxis\":\"x\",\"y\":[-285.0,-285.0,-295.0,-295.0],\"yaxis\":\"y\",\"type\":\"scatter\"},{\"hoverinfo\":\"text\",\"marker\":{\"color\":\"rgb(0,116,217)\"},\"mode\":\"lines\",\"text\":[\"mbs_nha_pool_construction_fee\",\"\",\"\",\"amortization_model_bank_beneficiary_pool\"],\"x\":[0.0,1.1663748646515175,1.1663748646515175,1.0918784185717576],\"xaxis\":\"x\",\"y\":[-275.0,-275.0,-290.0,-290.0],\"yaxis\":\"y\",\"type\":\"scatter\"},{\"hoverinfo\":\"text\",\"marker\":{\"color\":\"rgb(40,35,35)\"},\"mode\":\"lines\",\"text\":[\"mbs_pool_nha_construction_fee\",\"\",\"\",\"english_grammatical_pagination_sample_type\"],\"x\":[0.0,0.9699675610290804,0.9699675610290804,0.0],\"xaxis\":\"x\",\"y\":[-305.0,-305.0,-315.0,-315.0],\"yaxis\":\"y\",\"type\":\"scatter\"},{\"hoverinfo\":\"text\",\"marker\":{\"color\":\"rgb(0,116,217)\"},\"mode\":\"lines\",\"text\":[\"sale_bulk_pool_form_management\",\"\",\"\",\"mbs_pool_nha_construction_fee\"],\"x\":[0.0,1.069023170607863,1.069023170607863,0.0],\"xaxis\":\"x\",\"y\":[-325.0,-325.0,-335.0,-335.0],\"yaxis\":\"y\",\"type\":\"scatter\"},{\"hoverinfo\":\"text\",\"marker\":{\"color\":\"rgb(0,116,217)\"},\"mode\":\"lines\",\"text\":[\"pool_mbs_sale_management_nha\",\"\",\"\",\"qa_pdf_active_estimate_report\"],\"x\":[0.9699675610290804,1.2136274158970024,1.2136274158970024,1.069023170607863],\"xaxis\":\"x\",\"y\":[-310.0,-310.0,-330.0,-330.0],\"yaxis\":\"y\",\"type\":\"scatter\"},{\"hoverinfo\":\"text\",\"marker\":{\"color\":\"rgb(0,116,217)\"},\"mode\":\"lines\",\"text\":[\"pool_remittance_bulk_process_collapse\",\"\",\"\",\"pool_sale_mbs_management_nha\"],\"x\":[1.1663748646515175,1.3393432454887158,1.3393432454887158,1.2136274158970024],\"xaxis\":\"x\",\"y\":[-282.5,-282.5,-320.0,-320.0],\"yaxis\":\"y\",\"type\":\"scatter\"},{\"hoverinfo\":\"text\",\"marker\":{\"color\":\"rgb(61,153,112)\"},\"mode\":\"lines\",\"text\":[\"task_2812_form_workflow_require\",\"\",\"\",\"pool_sale_mbs_bulk_management\"],\"x\":[0.0,0.9715508237306509,0.9715508237306509,0.0],\"xaxis\":\"x\",\"y\":[-345.0,-345.0,-355.0,-355.0],\"yaxis\":\"y\",\"type\":\"scatter\"},{\"hoverinfo\":\"text\",\"marker\":{\"color\":\"rgb(0,116,217)\"},\"mode\":\"lines\",\"text\":[\"cmhc_work_format_dialog_verification\",\"\",\"\",\"journal_manual_process_template_new\"],\"x\":[0.0,1.0330376807765393,1.0330376807765393,0.0],\"xaxis\":\"x\",\"y\":[-365.0,-365.0,-375.0,-375.0],\"yaxis\":\"y\",\"type\":\"scatter\"},{\"hoverinfo\":\"text\",\"marker\":{\"color\":\"rgb(0,116,217)\"},\"mode\":\"lines\",\"text\":[\"journal_manual_process_template_new\",\"\",\"\",\"margin_definition_asset_adjustment_export\"],\"x\":[1.0330376807765393,1.1958657275160423,1.1958657275160423,0.0],\"xaxis\":\"x\",\"y\":[-370.0,-370.0,-385.0,-385.0],\"yaxis\":\"y\",\"type\":\"scatter\"},{\"hoverinfo\":\"text\",\"marker\":{\"color\":\"rgb(0,116,217)\"},\"mode\":\"lines\",\"text\":[\"closing_marker_without_mhub_process\",\"\",\"\",\"journal_manual_process_asset_template\"],\"x\":[0.9715508237306509,1.2522596515776743,1.2522596515776743,1.1958657275160423],\"xaxis\":\"x\",\"y\":[-350.0,-350.0,-377.5,-377.5],\"yaxis\":\"y\",\"type\":\"scatter\"},{\"hoverinfo\":\"text\",\"marker\":{\"color\":\"rgb(0,116,217)\"},\"mode\":\"lines\",\"text\":[\"journal_process_manual_template_new\",\"\",\"\",\"additional_rule_task_bowneroccupied_gst\"],\"x\":[0.0,1.103445582509815,1.103445582509815,0.0],\"xaxis\":\"x\",\"y\":[-395.0,-395.0,-405.0,-405.0],\"yaxis\":\"y\",\"type\":\"scatter\"},{\"hoverinfo\":\"text\",\"marker\":{\"color\":\"rgb(0,116,217)\"},\"mode\":\"lines\",\"text\":[\"deny_permission_pend_approval_user\",\"\",\"\",\"role_password_login_user_audit\"],\"x\":[1.2522596515776743,1.5563641276430253,1.5563641276430253,1.103445582509815],\"xaxis\":\"x\",\"y\":[-363.75,-363.75,-400.0,-400.0],\"yaxis\":\"y\",\"type\":\"scatter\"},{\"hoverinfo\":\"text\",\"marker\":{\"color\":\"rgb(0,116,217)\"},\"mode\":\"lines\",\"text\":[\"journal_process_manual_template_new\",\"\",\"\",\"role_user_password_login_permission\"],\"x\":[1.3393432454887158,1.6506847623669338,1.6506847623669338,1.5563641276430253],\"xaxis\":\"x\",\"y\":[-301.25,-301.25,-381.875,-381.875],\"yaxis\":\"y\",\"type\":\"scatter\"},{\"hoverinfo\":\"text\",\"marker\":{\"color\":\"rgb(0,116,217)\"},\"mode\":\"lines\",\"text\":[\"policy_enforce_security_setting_expect\",\"\",\"\",\"purchase_owner_policy_funding_instruction\"],\"x\":[1.2722518341956848,1.760455032987057,1.760455032987057,1.6506847623669338],\"xaxis\":\"x\",\"y\":[-246.25,-246.25,-341.5625,-341.5625],\"yaxis\":\"y\",\"type\":\"scatter\"},{\"hoverinfo\":\"text\",\"marker\":{\"color\":\"rgb(255,65,54)\"},\"mode\":\"lines\",\"text\":[\"role_user_journal_process_password\",\"\",\"\",\"policy_security_enforce_setting_password\"],\"x\":[0.0,0.9489709051842709,0.9489709051842709,0.0],\"xaxis\":\"x\",\"y\":[-415.0,-415.0,-425.0,-425.0],\"yaxis\":\"y\",\"type\":\"scatter\"},{\"hoverinfo\":\"text\",\"marker\":{\"color\":\"rgb(0,116,217)\"},\"mode\":\"lines\",\"text\":[\"pool_sale_mbs_bulk_management\",\"\",\"\",\"role_user_journal_security_process\"],\"x\":[0.0,1.0819417264850246,1.0819417264850246,0.0],\"xaxis\":\"x\",\"y\":[-435.0,-435.0,-445.0,-445.0],\"yaxis\":\"y\",\"type\":\"scatter\"},{\"hoverinfo\":\"text\",\"marker\":{\"color\":\"rgb(35,205,205)\"},\"mode\":\"lines\",\"text\":[\"asset_mortgage_viewer_formula_engine\",\"\",\"\",\"asset_tab_borrower_validate_viewer\"],\"x\":[0.0,0.9462900476668593,0.9462900476668593,0.0],\"xaxis\":\"x\",\"y\":[-455.0,-455.0,-465.0,-465.0],\"yaxis\":\"y\",\"type\":\"scatter\"},{\"hoverinfo\":\"text\",\"marker\":{\"color\":\"rgb(0,116,217)\"},\"mode\":\"lines\",\"text\":[\"asset_viewer_mortgage_tab_validate\",\"\",\"\",\"tds_asset_settlement_dev_tab\"],\"x\":[0.9462900476668593,1.346649938240773,1.346649938240773,0.0],\"xaxis\":\"x\",\"y\":[-460.0,-460.0,-475.0,-475.0],\"yaxis\":\"y\",\"type\":\"scatter\"},{\"hoverinfo\":\"text\",\"marker\":{\"color\":\"rgb(0,116,217)\"},\"mode\":\"lines\",\"text\":[\"path_automation_exceed_tab_ui\",\"\",\"\",\"asset_viewer_mortgage_tab_borrower\"],\"x\":[1.0819417264850246,1.3955116800188632,1.3955116800188632,1.346649938240773],\"xaxis\":\"x\",\"y\":[-440.0,-440.0,-467.5,-467.5],\"yaxis\":\"y\",\"type\":\"scatter\"},{\"hoverinfo\":\"text\",\"marker\":{\"color\":\"rgb(0,116,217)\"},\"mode\":\"lines\",\"text\":[\"behavior_mortgage_loan_history_validation\",\"\",\"\",\"tile_history_mortgage_viewer_export\"],\"x\":[0.9489709051842709,1.4171193465578498,1.4171193465578498,1.3955116800188632],\"xaxis\":\"x\",\"y\":[-420.0,-420.0,-453.75,-453.75],\"yaxis\":\"y\",\"type\":\"scatter\"},{\"hoverinfo\":\"text\",\"marker\":{\"color\":\"rgb(0,116,217)\"},\"mode\":\"lines\",\"text\":[\"asset_viewer_mortgage_tab_borrower\",\"\",\"\",\"tile_history_mortgage_viewer_grid\"],\"x\":[1.760455032987057,1.9328037163952565,1.9328037163952565,1.4171193465578498],\"xaxis\":\"x\",\"y\":[-293.90625,-293.90625,-436.875,-436.875],\"yaxis\":\"y\",\"type\":\"scatter\"},{\"hoverinfo\":\"text\",\"marker\":{\"color\":\"rgb(0,116,217)\"},\"mode\":\"lines\",\"text\":[\"pool_sale_mbs_management_bulk\",\"\",\"\",\"asset_mortgage_viewer_tab_borrower\"],\"x\":[1.1010688248454248,2.1238104198124277,2.1238104198124277,1.9328037163952565],\"xaxis\":\"x\",\"y\":[-210.0,-210.0,-365.390625,-365.390625],\"yaxis\":\"y\",\"type\":\"scatter\"},{\"hoverinfo\":\"text\",\"marker\":{\"color\":\"rgb(61,153,112)\"},\"mode\":\"lines\",\"text\":[\"analytics_report_job_scheduler_folder\",\"\",\"\",\"constructionformsform_job_cmb_managementnha_recipient\"],\"x\":[0.0,0.8320506001564966,0.8320506001564966,0.0],\"xaxis\":\"x\",\"y\":[-495.0,-495.0,-505.0,-505.0],\"yaxis\":\"y\",\"type\":\"scatter\"},{\"hoverinfo\":\"text\",\"marker\":{\"color\":\"rgb(61,153,112)\"},\"mode\":\"lines\",\"text\":[\"cmb_exchangerates_reinvestment_exchange_notificationsnotification\",\"\",\"\",\"cmb_nha_reinvestment_mbs_user1\"],\"x\":[0.0,0.9791501042072218,0.9791501042072218,0.8320506001564966],\"xaxis\":\"x\",\"y\":[-485.0,-485.0,-500.0,-500.0],\"yaxis\":\"y\",\"type\":\"scatter\"},{\"hoverinfo\":\"text\",\"marker\":{\"color\":\"rgb(255,65,54)\"},\"mode\":\"lines\",\"text\":[\"cmb_reinvestment_exchangerates_exchange_notificationsnotification\",\"\",\"\",\"impp2020_cmb_advice_transfer_address\"],\"x\":[0.0,0.8256216354428434,0.8256216354428434,0.0],\"xaxis\":\"x\",\"y\":[-515.0,-515.0,-525.0,-525.0],\"yaxis\":\"y\",\"type\":\"scatter\"},{\"hoverinfo\":\"text\",\"marker\":{\"color\":\"rgb(35,205,205)\"},\"mode\":\"lines\",\"text\":[\"analytics_job_report_scheduler_formula\",\"\",\"\",\"cmb_impp2020_reinvestment_exchangerates_exchange\"],\"x\":[0.0,0.917395781761665,0.917395781761665,0.0],\"xaxis\":\"x\",\"y\":[-535.0,-535.0,-545.0,-545.0],\"yaxis\":\"y\",\"type\":\"scatter\"},{\"hoverinfo\":\"text\",\"marker\":{\"color\":\"rgb(0,116,217)\"},\"mode\":\"lines\",\"text\":[\"datum_feed_file_import_interface\",\"\",\"\",\"file_report_upload_loan_amp\"],\"x\":[0.8256216354428434,1.0556637225412941,1.0556637225412941,0.917395781761665],\"xaxis\":\"x\",\"y\":[-520.0,-520.0,-540.0,-540.0],\"yaxis\":\"y\",\"type\":\"scatter\"},{\"hoverinfo\":\"text\",\"marker\":{\"color\":\"rgb(0,116,217)\"},\"mode\":\"lines\",\"text\":[\"test_instrument_system_login_card\",\"\",\"\",\"cp_trade_tdsi_review_deal\"],\"x\":[0.9791501042072218,1.2376252013553026,1.2376252013553026,1.0556637225412941],\"xaxis\":\"x\",\"y\":[-492.5,-492.5,-530.0,-530.0],\"yaxis\":\"y\",\"type\":\"scatter\"},{\"hoverinfo\":\"text\",\"marker\":{\"color\":\"rgb(0,116,217)\"},\"mode\":\"lines\",\"text\":[\"cp_trade_tdsi_review_deal\",\"\",\"\",\"exchange_configurationexchange_rate_source_currency\"],\"x\":[0.0,1.0259218658960303,1.0259218658960303,0.0],\"xaxis\":\"x\",\"y\":[-565.0,-565.0,-575.0,-575.0],\"yaxis\":\"y\",\"type\":\"scatter\"},{\"hoverinfo\":\"text\",\"marker\":{\"color\":\"rgb(0,116,217)\"},\"mode\":\"lines\",\"text\":[\"file_datum_upload_report_loan\",\"\",\"\",\"cp_trade_tdsi_review_deal\"],\"x\":[0.0,1.095343034169656,1.095343034169656,1.0259218658960303],\"xaxis\":\"x\",\"y\":[-555.0,-555.0,-570.0,-570.0],\"yaxis\":\"y\",\"type\":\"scatter\"},{\"hoverinfo\":\"text\",\"marker\":{\"color\":\"rgb(0,116,217)\"},\"mode\":\"lines\",\"text\":[\"marketdata_v2_id_apiv2_request\",\"\",\"\",\"api_id_cptrades_holiday_calendar\"],\"x\":[0.0,1.0028697543142986,1.0028697543142986,0.0],\"xaxis\":\"x\",\"y\":[-585.0,-585.0,-595.0,-595.0],\"yaxis\":\"y\",\"type\":\"scatter\"},{\"hoverinfo\":\"text\",\"marker\":{\"color\":\"rgb(0,116,217)\"},\"mode\":\"lines\",\"text\":[\"file_datum_cp_report_upload\",\"\",\"\",\"id_api_v2_cptrades_apiv2\"],\"x\":[1.0028697543142986,1.0631864289180135,1.0631864289180135,0.0],\"xaxis\":\"x\",\"y\":[-590.0,-590.0,-605.0,-605.0],\"yaxis\":\"y\",\"type\":\"scatter\"},{\"hoverinfo\":\"text\",\"marker\":{\"color\":\"rgb(0,116,217)\"},\"mode\":\"lines\",\"text\":[\"analytics_job_cmb_report_scheduler\",\"\",\"\",\"file_cp_datum_report_upload\"],\"x\":[1.095343034169656,1.2280993869794412,1.2280993869794412,1.0631864289180135],\"xaxis\":\"x\",\"y\":[-562.5,-562.5,-597.5,-597.5],\"yaxis\":\"y\",\"type\":\"scatter\"},{\"hoverinfo\":\"text\",\"marker\":{\"color\":\"rgb(0,116,217)\"},\"mode\":\"lines\",\"text\":[\"pool_asset_sale_mbs_tab\",\"\",\"\",\"report_file_cp_datum_job\"],\"x\":[1.2376252013553026,1.4479848789743628,1.4479848789743628,1.2280993869794412],\"xaxis\":\"x\",\"y\":[-511.25,-511.25,-580.0,-580.0],\"yaxis\":\"y\",\"type\":\"scatter\"},{\"hoverinfo\":\"text\",\"marker\":{\"color\":\"rgb(133,20,75)\"},\"mode\":\"lines\",\"text\":[\"tooltips_test_mandatory_tooltip_general\",\"\",\"\",\"tooltips_criterion_test_maximum_avg\"],\"x\":[0.0,0.7117430948382312,0.7117430948382312,0.0],\"xaxis\":\"x\",\"y\":[-615.0,-615.0,-625.0,-625.0],\"yaxis\":\"y\",\"type\":\"scatter\"},{\"hoverinfo\":\"text\",\"marker\":{\"color\":\"rgb(133,20,75)\"},\"mode\":\"lines\",\"text\":[\"tooltips_test_tooltip_mandatory_field\",\"\",\"\",\"test_estimate_replica_process_statistic\"],\"x\":[0.7117430948382312,0.9170616038277445,0.9170616038277445,0.0],\"xaxis\":\"x\",\"y\":[-620.0,-620.0,-635.0,-635.0],\"yaxis\":\"y\",\"type\":\"scatter\"},{\"hoverinfo\":\"text\",\"marker\":{\"color\":\"rgb(0,116,217)\"},\"mode\":\"lines\",\"text\":[\"tooltips_test_tooltip_mandatory_replica\",\"\",\"\",\"dev_estimate_design_task_121430\"],\"x\":[1.4479848789743628,1.749824269219697,1.749824269219697,0.9170616038277445],\"xaxis\":\"x\",\"y\":[-545.625,-545.625,-627.5,-627.5],\"yaxis\":\"y\",\"type\":\"scatter\"},{\"hoverinfo\":\"text\",\"marker\":{\"color\":\"rgb(0,116,217)\"},\"mode\":\"lines\",\"text\":[\"pool_report_file_process_asset\",\"\",\"\",\"estimate_dev_tooltips_test_tooltip\"],\"x\":[2.1238104198124277,2.6444898090414437,2.6444898090414437,1.749824269219697],\"xaxis\":\"x\",\"y\":[-287.6953125,-287.6953125,-586.5625,-586.5625],\"yaxis\":\"y\",\"type\":\"scatter\"},{\"hoverinfo\":\"text\",\"marker\":{\"color\":\"rgb(0,116,217)\"},\"mode\":\"lines\",\"text\":[\"verify_dropdown_enter_payment_save\",\"\",\"\",\"pool_report_file_process_management\"],\"x\":[2.2900029709316954,4.237958141179296,4.237958141179296,2.6444898090414437],\"xaxis\":\"x\",\"y\":[-38.125,-38.125,-437.12890625,-437.12890625],\"yaxis\":\"y\",\"type\":\"scatter\"},{\"hoverinfo\":\"text\",\"hovertext\":[\"notification_event_invoice_trigger_receive\",\"statement_verify_instruction_financial_enter\",\"credit_deal_dealsdeal_condition_document\",\"transaction_payment_payout_funding_scenario\",\"broker_insurance_brokersbroker_industry_portal\",\"payment_quotespricing_transaction_payout_verify\",\"verify_credit_save_statement_field\",\"search_notification_event_column_filter\",\"pool_collapse_third_party_remittance\",\"report_tape_rmbs_op_sales\",\"pool_mbs_sale_management_nha\",\"pool_remittance_bulk_process_collapse\",\"journal_manual_process_template_new\",\"closing_marker_without_mhub_process\",\"deny_permission_pend_approval_user\",\"journal_process_manual_template_new\",\"policy_enforce_security_setting_expect\",\"asset_viewer_mortgage_tab_validate\",\"path_automation_exceed_tab_ui\",\"behavior_mortgage_loan_history_validation\",\"asset_viewer_mortgage_tab_borrower\",\"pool_sale_mbs_management_bulk\",\"datum_feed_file_import_interface\",\"test_instrument_system_login_card\",\"file_datum_cp_report_upload\",\"analytics_job_cmb_report_scheduler\",\"pool_asset_sale_mbs_tab\",\"tooltips_test_tooltip_mandatory_field\",\"tooltips_test_tooltip_mandatory_replica\",\"pool_report_file_process_asset\",\"verify_dropdown_enter_payment_save\"],\"marker\":{\"color\":\"black\"},\"mode\":\"markers\",\"showlegend\":false,\"x\":[1.3798453126170427,1.2333284602609826,0.9123200481437277,1.031068947739674,1.1736945283377946,1.2641436938909354,1.5852518696342135,1.6093345727088375,0.9965191720551283,0.9776304277534296,0.9699675610290804,1.1663748646515175,1.0330376807765393,0.9715508237306509,1.2522596515776743,1.3393432454887158,1.2722518341956848,0.9462900476668593,1.0819417264850246,0.9489709051842709,1.760455032987057,1.1010688248454248,0.8256216354428434,0.9791501042072218,1.0028697543142986,1.095343034169656,1.2376252013553026,0.7117430948382312,1.4479848789743628,2.1238104198124277,2.2900029709316954],\"y\":[-20.0,-82.5,-60.0,-170.0,-150.0,-130.0,-78.125,-30.0,-200.0,-250.0,-310.0,-282.5,-370.0,-350.0,-363.75,-301.25,-246.25,-460.0,-440.0,-420.0,-293.90625,-210.0,-520.0,-492.5,-590.0,-562.5,-511.25,-620.0,-545.625,-287.6953125,-38.125],\"type\":\"scatter\"},{\"hoverinfo\":\"text\",\"hovertext\":[\"search_column_result_sort_set\",\"instruction_contactspayment_accountspayment_card_save\",\"issuance_statistic_effective_price_cht\",\"statement_verify_instruction_financial_enter\",\"collateral_dealscollateral_visibility_share_verify\",\"collateral_dealscollateral_visibility_share_verify\",\"payment_quotespricing_verify_collateral_dealscollateral\",\"verify_payment_enter_dropdown_save\",\"configurationcca_depreciation_year_99999999999999_999\",\"remittance_bulk_pool_reference_tranche\",\"cover_bond_program_period_current\",\"amortization_model_bank_beneficiary_pool\",\"qa_pdf_active_estimate_report\",\"pool_sale_mbs_management_nha\",\"journal_manual_process_asset_template\",\"role_password_login_user_audit\",\"role_user_password_login_permission\",\"purchase_owner_policy_funding_instruction\",\"asset_viewer_mortgage_tab_borrower\",\"tile_history_mortgage_viewer_export\",\"tile_history_mortgage_viewer_grid\",\"asset_mortgage_viewer_tab_borrower\",\"cmb_nha_reinvestment_mbs_user1\",\"file_report_upload_loan_amp\",\"cp_trade_tdsi_review_deal\",\"cp_trade_tdsi_review_deal\",\"file_cp_datum_report_upload\",\"report_file_cp_datum_job\",\"dev_estimate_design_task_121430\",\"estimate_dev_tooltips_test_tooltip\",\"pool_report_file_process_management\"],\"marker\":{\"color\":\"black\"},\"mode\":\"markers\",\"showlegend\":false,\"x\":[1.2257062977815754,1.0219257800431847,0.956139287170295,1.4036057119728669,1.2938708579544165,1.3609819272617971,1.426720328042918,1.7953976037764683,1.9065774458096991,0.8617811342957433,1.0532321769002773,1.0918784185717576,1.069023170607863,1.2136274158970024,1.1958657275160423,1.103445582509815,1.5563641276430253,1.6506847623669338,1.346649938240773,1.3955116800188632,1.4171193465578498,1.9328037163952565,0.8320506001564966,0.917395781761665,1.0556637225412941,1.0259218658960303,1.0631864289180135,1.2280993869794412,0.9170616038277445,1.749824269219697,2.6444898090414437],\"y\":[-40.0,-90.0,-110.0,-96.25,-177.5,-163.75,-146.875,-112.5,-71.25,-220.0,-257.5,-290.0,-330.0,-320.0,-377.5,-400.0,-381.875,-341.5625,-467.5,-453.75,-436.875,-365.390625,-500.0,-540.0,-530.0,-570.0,-597.5,-580.0,-627.5,-586.5625,-437.12890625],\"type\":\"scatter\"}],\"layout\":{\"autosize\":false,\"height\":1160,\"hovermode\":\"closest\",\"showlegend\":false,\"width\":1000,\"xaxis\":{\"mirror\":\"allticks\",\"rangemode\":\"tozero\",\"showgrid\":false,\"showline\":true,\"showticklabels\":true,\"ticks\":\"outside\",\"type\":\"linear\",\"zeroline\":false},\"yaxis\":{\"mirror\":\"allticks\",\"rangemode\":\"tozero\",\"showgrid\":false,\"showline\":true,\"showticklabels\":true,\"tickmode\":\"array\",\"ticks\":\"outside\",\"ticktext\":[\"29_dev_estimate_design\",\"56_tooltips_test_mandatory\",\"22_risk_rating_template\",\"63_legal_action_liquidate\",\"37_task_2812_form\",\"44_configurationcca_depreci...\",\"41_depreciation_schedulesde...\",\"34_gap_analysis_gl\",\"9_collateral_dealscollatera...\",\"17_broker_insurance_brokers...\",\"4_quotespricing_payment_app...\",\"3_transaction_payment_payout\",\"32_invoice_preferencesinvoi...\",\"23_notification_event_trigger\",\"24_matrix_esignature_config...\",\"62_holderregion_settlementr...\",\"7_analytics_report_job\",\"1_cp_trade_tdsi\",\"19_api_id_cptrades\",\"2_credit_deal_dealsdeal\",\"5_contactscontact_verify_dr...\",\"16_instruction_contactspaym...\",\"6_statement_financial_child\",\"57_impp2020_cmb_advice\",\"25_cmb_exchangerates_reinve...\",\"60_cmb_nha_reinvestment\",\"42_constructionformsform_jo...\",\"51_purchase_owner_policy\",\"53_test_estimate_replica\",\"33_test_instrument_system\",\"36_tooltips_criterion_test\",\"28_issuance_statistic_effec...\",\"27_marketdata_v2_id\",\"26_riskfreerates_pricing_co...\",\"15_datum_feed_file\",\"0_file_report_upload\",\"52_closing_marker_without\",\"48_report_tape_rmbs\",\"35_exchange_configurationex...\",\"18_role_password_login\",\"46_policy_enforce_security\",\"13_search_result_set\",\"21_header_filter_certain\",\"47_tile_history_mortgage\",\"45_behavior_mortgage_loan\",\"14_asset_mortgage_viewer\",\"61_tds_asset_settlement\",\"59_qa_pdf_active\",\"40_pool_collapse_third\",\"43_remittance_bulk_pool\",\"12_bulk_sale_pool\",\"39_amortization_model_bank\",\"8_mbs_nha_pool\",\"50_fee_result_include\",\"54_cover_bond_program\",\"55_english_grammatical_pagi...\",\"38_margin_definition_asset\",\"58_path_automation_exceed\",\"30_deny_permission_pend\",\"31_cmhc_work_format\",\"49_additional_rule_task\",\"11_sale_browser_sales\",\"20_journal_manual_process\",\"10_asset_tab_borrower\"],\"tickvals\":[-5.0,-15.0,-25.0,-35.0,-45.0,-55.0,-65.0,-75.0,-85.0,-95.0,-105.0,-115.0,-125.0,-135.0,-145.0,-155.0,-165.0,-175.0,-185.0,-195.0,-205.0,-215.0,-225.0,-235.0,-245.0,-255.0,-265.0,-275.0,-285.0,-295.0,-305.0,-315.0,-325.0,-335.0,-345.0,-355.0,-365.0,-375.0,-385.0,-395.0,-405.0,-415.0,-425.0,-435.0,-445.0,-455.0,-465.0,-475.0,-485.0,-495.0,-505.0,-515.0,-525.0,-535.0,-545.0,-555.0,-565.0,-575.0,-585.0,-595.0,-605.0,-615.0,-625.0,-635.0],\"type\":\"linear\",\"zeroline\":false,\"range\":[-640.0,0.0]},\"template\":{\"data\":{\"barpolar\":[{\"marker\":{\"line\":{\"color\":\"white\",\"width\":0.5},\"pattern\":{\"fillmode\":\"overlay\",\"size\":10,\"solidity\":0.2}},\"type\":\"barpolar\"}],\"bar\":[{\"error_x\":{\"color\":\"#2a3f5f\"},\"error_y\":{\"color\":\"#2a3f5f\"},\"marker\":{\"line\":{\"color\":\"white\",\"width\":0.5},\"pattern\":{\"fillmode\":\"overlay\",\"size\":10,\"solidity\":0.2}},\"type\":\"bar\"}],\"carpet\":[{\"aaxis\":{\"endlinecolor\":\"#2a3f5f\",\"gridcolor\":\"#C8D4E3\",\"linecolor\":\"#C8D4E3\",\"minorgridcolor\":\"#C8D4E3\",\"startlinecolor\":\"#2a3f5f\"},\"baxis\":{\"endlinecolor\":\"#2a3f5f\",\"gridcolor\":\"#C8D4E3\",\"linecolor\":\"#C8D4E3\",\"minorgridcolor\":\"#C8D4E3\",\"startlinecolor\":\"#2a3f5f\"},\"type\":\"carpet\"}],\"choropleth\":[{\"colorbar\":{\"outlinewidth\":0,\"ticks\":\"\"},\"type\":\"choropleth\"}],\"contourcarpet\":[{\"colorbar\":{\"outlinewidth\":0,\"ticks\":\"\"},\"type\":\"contourcarpet\"}],\"contour\":[{\"colorbar\":{\"outlinewidth\":0,\"ticks\":\"\"},\"colorscale\":[[0.0,\"#0d0887\"],[0.1111111111111111,\"#46039f\"],[0.2222222222222222,\"#7201a8\"],[0.3333333333333333,\"#9c179e\"],[0.4444444444444444,\"#bd3786\"],[0.5555555555555556,\"#d8576b\"],[0.6666666666666666,\"#ed7953\"],[0.7777777777777778,\"#fb9f3a\"],[0.8888888888888888,\"#fdca26\"],[1.0,\"#f0f921\"]],\"type\":\"contour\"}],\"heatmapgl\":[{\"colorbar\":{\"outlinewidth\":0,\"ticks\":\"\"},\"colorscale\":[[0.0,\"#0d0887\"],[0.1111111111111111,\"#46039f\"],[0.2222222222222222,\"#7201a8\"],[0.3333333333333333,\"#9c179e\"],[0.4444444444444444,\"#bd3786\"],[0.5555555555555556,\"#d8576b\"],[0.6666666666666666,\"#ed7953\"],[0.7777777777777778,\"#fb9f3a\"],[0.8888888888888888,\"#fdca26\"],[1.0,\"#f0f921\"]],\"type\":\"heatmapgl\"}],\"heatmap\":[{\"colorbar\":{\"outlinewidth\":0,\"ticks\":\"\"},\"colorscale\":[[0.0,\"#0d0887\"],[0.1111111111111111,\"#46039f\"],[0.2222222222222222,\"#7201a8\"],[0.3333333333333333,\"#9c179e\"],[0.4444444444444444,\"#bd3786\"],[0.5555555555555556,\"#d8576b\"],[0.6666666666666666,\"#ed7953\"],[0.7777777777777778,\"#fb9f3a\"],[0.8888888888888888,\"#fdca26\"],[1.0,\"#f0f921\"]],\"type\":\"heatmap\"}],\"histogram2dcontour\":[{\"colorbar\":{\"outlinewidth\":0,\"ticks\":\"\"},\"colorscale\":[[0.0,\"#0d0887\"],[0.1111111111111111,\"#46039f\"],[0.2222222222222222,\"#7201a8\"],[0.3333333333333333,\"#9c179e\"],[0.4444444444444444,\"#bd3786\"],[0.5555555555555556,\"#d8576b\"],[0.6666666666666666,\"#ed7953\"],[0.7777777777777778,\"#fb9f3a\"],[0.8888888888888888,\"#fdca26\"],[1.0,\"#f0f921\"]],\"type\":\"histogram2dcontour\"}],\"histogram2d\":[{\"colorbar\":{\"outlinewidth\":0,\"ticks\":\"\"},\"colorscale\":[[0.0,\"#0d0887\"],[0.1111111111111111,\"#46039f\"],[0.2222222222222222,\"#7201a8\"],[0.3333333333333333,\"#9c179e\"],[0.4444444444444444,\"#bd3786\"],[0.5555555555555556,\"#d8576b\"],[0.6666666666666666,\"#ed7953\"],[0.7777777777777778,\"#fb9f3a\"],[0.8888888888888888,\"#fdca26\"],[1.0,\"#f0f921\"]],\"type\":\"histogram2d\"}],\"histogram\":[{\"marker\":{\"pattern\":{\"fillmode\":\"overlay\",\"size\":10,\"solidity\":0.2}},\"type\":\"histogram\"}],\"mesh3d\":[{\"colorbar\":{\"outlinewidth\":0,\"ticks\":\"\"},\"type\":\"mesh3d\"}],\"parcoords\":[{\"line\":{\"colorbar\":{\"outlinewidth\":0,\"ticks\":\"\"}},\"type\":\"parcoords\"}],\"pie\":[{\"automargin\":true,\"type\":\"pie\"}],\"scatter3d\":[{\"line\":{\"colorbar\":{\"outlinewidth\":0,\"ticks\":\"\"}},\"marker\":{\"colorbar\":{\"outlinewidth\":0,\"ticks\":\"\"}},\"type\":\"scatter3d\"}],\"scattercarpet\":[{\"marker\":{\"colorbar\":{\"outlinewidth\":0,\"ticks\":\"\"}},\"type\":\"scattercarpet\"}],\"scattergeo\":[{\"marker\":{\"colorbar\":{\"outlinewidth\":0,\"ticks\":\"\"}},\"type\":\"scattergeo\"}],\"scattergl\":[{\"marker\":{\"colorbar\":{\"outlinewidth\":0,\"ticks\":\"\"}},\"type\":\"scattergl\"}],\"scattermapbox\":[{\"marker\":{\"colorbar\":{\"outlinewidth\":0,\"ticks\":\"\"}},\"type\":\"scattermapbox\"}],\"scatterpolargl\":[{\"marker\":{\"colorbar\":{\"outlinewidth\":0,\"ticks\":\"\"}},\"type\":\"scatterpolargl\"}],\"scatterpolar\":[{\"marker\":{\"colorbar\":{\"outlinewidth\":0,\"ticks\":\"\"}},\"type\":\"scatterpolar\"}],\"scatter\":[{\"marker\":{\"colorbar\":{\"outlinewidth\":0,\"ticks\":\"\"}},\"type\":\"scatter\"}],\"scatterternary\":[{\"marker\":{\"colorbar\":{\"outlinewidth\":0,\"ticks\":\"\"}},\"type\":\"scatterternary\"}],\"surface\":[{\"colorbar\":{\"outlinewidth\":0,\"ticks\":\"\"},\"colorscale\":[[0.0,\"#0d0887\"],[0.1111111111111111,\"#46039f\"],[0.2222222222222222,\"#7201a8\"],[0.3333333333333333,\"#9c179e\"],[0.4444444444444444,\"#bd3786\"],[0.5555555555555556,\"#d8576b\"],[0.6666666666666666,\"#ed7953\"],[0.7777777777777778,\"#fb9f3a\"],[0.8888888888888888,\"#fdca26\"],[1.0,\"#f0f921\"]],\"type\":\"surface\"}],\"table\":[{\"cells\":{\"fill\":{\"color\":\"#EBF0F8\"},\"line\":{\"color\":\"white\"}},\"header\":{\"fill\":{\"color\":\"#C8D4E3\"},\"line\":{\"color\":\"white\"}},\"type\":\"table\"}]},\"layout\":{\"annotationdefaults\":{\"arrowcolor\":\"#2a3f5f\",\"arrowhead\":0,\"arrowwidth\":1},\"autotypenumbers\":\"strict\",\"coloraxis\":{\"colorbar\":{\"outlinewidth\":0,\"ticks\":\"\"}},\"colorscale\":{\"diverging\":[[0,\"#8e0152\"],[0.1,\"#c51b7d\"],[0.2,\"#de77ae\"],[0.3,\"#f1b6da\"],[0.4,\"#fde0ef\"],[0.5,\"#f7f7f7\"],[0.6,\"#e6f5d0\"],[0.7,\"#b8e186\"],[0.8,\"#7fbc41\"],[0.9,\"#4d9221\"],[1,\"#276419\"]],\"sequential\":[[0.0,\"#0d0887\"],[0.1111111111111111,\"#46039f\"],[0.2222222222222222,\"#7201a8\"],[0.3333333333333333,\"#9c179e\"],[0.4444444444444444,\"#bd3786\"],[0.5555555555555556,\"#d8576b\"],[0.6666666666666666,\"#ed7953\"],[0.7777777777777778,\"#fb9f3a\"],[0.8888888888888888,\"#fdca26\"],[1.0,\"#f0f921\"]],\"sequentialminus\":[[0.0,\"#0d0887\"],[0.1111111111111111,\"#46039f\"],[0.2222222222222222,\"#7201a8\"],[0.3333333333333333,\"#9c179e\"],[0.4444444444444444,\"#bd3786\"],[0.5555555555555556,\"#d8576b\"],[0.6666666666666666,\"#ed7953\"],[0.7777777777777778,\"#fb9f3a\"],[0.8888888888888888,\"#fdca26\"],[1.0,\"#f0f921\"]]},\"colorway\":[\"#636efa\",\"#EF553B\",\"#00cc96\",\"#ab63fa\",\"#FFA15A\",\"#19d3f3\",\"#FF6692\",\"#B6E880\",\"#FF97FF\",\"#FECB52\"],\"font\":{\"color\":\"#2a3f5f\"},\"geo\":{\"bgcolor\":\"white\",\"lakecolor\":\"white\",\"landcolor\":\"white\",\"showlakes\":true,\"showland\":true,\"subunitcolor\":\"#C8D4E3\"},\"hoverlabel\":{\"align\":\"left\"},\"hovermode\":\"closest\",\"mapbox\":{\"style\":\"light\"},\"paper_bgcolor\":\"white\",\"plot_bgcolor\":\"white\",\"polar\":{\"angularaxis\":{\"gridcolor\":\"#EBF0F8\",\"linecolor\":\"#EBF0F8\",\"ticks\":\"\"},\"bgcolor\":\"white\",\"radialaxis\":{\"gridcolor\":\"#EBF0F8\",\"linecolor\":\"#EBF0F8\",\"ticks\":\"\"}},\"scene\":{\"xaxis\":{\"backgroundcolor\":\"white\",\"gridcolor\":\"#DFE8F3\",\"gridwidth\":2,\"linecolor\":\"#EBF0F8\",\"showbackground\":true,\"ticks\":\"\",\"zerolinecolor\":\"#EBF0F8\"},\"yaxis\":{\"backgroundcolor\":\"white\",\"gridcolor\":\"#DFE8F3\",\"gridwidth\":2,\"linecolor\":\"#EBF0F8\",\"showbackground\":true,\"ticks\":\"\",\"zerolinecolor\":\"#EBF0F8\"},\"zaxis\":{\"backgroundcolor\":\"white\",\"gridcolor\":\"#DFE8F3\",\"gridwidth\":2,\"linecolor\":\"#EBF0F8\",\"showbackground\":true,\"ticks\":\"\",\"zerolinecolor\":\"#EBF0F8\"}},\"shapedefaults\":{\"line\":{\"color\":\"#2a3f5f\"}},\"ternary\":{\"aaxis\":{\"gridcolor\":\"#DFE8F3\",\"linecolor\":\"#A2B1C6\",\"ticks\":\"\"},\"baxis\":{\"gridcolor\":\"#DFE8F3\",\"linecolor\":\"#A2B1C6\",\"ticks\":\"\"},\"bgcolor\":\"white\",\"caxis\":{\"gridcolor\":\"#DFE8F3\",\"linecolor\":\"#A2B1C6\",\"ticks\":\"\"}},\"title\":{\"x\":0.05},\"xaxis\":{\"automargin\":true,\"gridcolor\":\"#EBF0F8\",\"linecolor\":\"#EBF0F8\",\"ticks\":\"\",\"title\":{\"standoff\":15},\"zerolinecolor\":\"#EBF0F8\",\"zerolinewidth\":2},\"yaxis\":{\"automargin\":true,\"gridcolor\":\"#EBF0F8\",\"linecolor\":\"#EBF0F8\",\"ticks\":\"\",\"title\":{\"standoff\":15},\"zerolinecolor\":\"#EBF0F8\",\"zerolinewidth\":2}}},\"title\":{\"font\":{\"size\":22,\"color\":\"Black\"},\"text\":\"<b>Hierarchical Clustering\",\"x\":0.5,\"xanchor\":\"center\",\"yanchor\":\"top\"},\"hoverlabel\":{\"font\":{\"size\":16,\"family\":\"Rockwell\"},\"bgcolor\":\"white\"},\"plot_bgcolor\":\"#ECEFF1\"}}"}