{"task": "extract_topic_keywords", "client_id": "azure-taosolutions", "status": "Success", "result": {"topic_id": {"0": 12}, "topic_keywords": {"0": [["approve tpp approver", 9.0], ["job definition scheduler", 9.0], ["pdf admin screen", 9.0], ["m_arrears populate delinquency", 9.0], ["i_arrearcount populate delinquency", 9.0], ["s_city + loanproperty", 9.0], ["seller dropdown populate", 9.0], ["administration job scheduler", 8.76923076923077], ["' require '", 8.75], ["delete exchange rate", 8.736842105263158], ["delete yield curve", 8.736842105263158], ["grouping option grid", 8.666666666666666], ["viewer option refresh", 8.666666666666666], ["enable unsaved work", 8.6], ["reflect main form", 8.444444444444445], ["pool cash flow", 8.361290322580645], ["run report loanstore", 8.352941176470589], ["run report loanproperty", 8.352941176470589], ["run report loantxstore", 8.352941176470589], ["mail address box", 8.333333333333334], ["active sale pool", 8.273055028462998], ["email verification setup", 8.25], ["click red cross", 8.25], ["bulk sale pool", 8.23459349000146], ["exit search set", 8.203478260869566], ["run search set", 8.203478260869566], ["test loan loan", 8.04], ["asset viewer >>", 8.029411764705882], ["bulk sale type", 8.019136500754149], ["schedule enable set", 8.01], ["screen remains open", 8.0], ["daily corra rate", 8.0], ["field flag favourite", 7.980392156862745], ["' display expect", 7.965909090909091], ["cmbs pool income", 7.961290322580645], ["object reference error", 7.9411764705882355], ["error message upload", 7.9411764705882355], ["delete search set", 7.940320366132724], ["search set delete", 7.940320366132724], ["process placeholder fetch", 7.933333333333334], ["process job scheduler", 7.933333333333334], ["create ' populate", 7.915], ["party pool ''", 7.9089093701996935], ["column change position", 7.895833333333334], ["cusip show '", 7.875], ["existent active pool", 7.861290322580645], ["main entry drill", 7.857142857142858], ["refer detail step", 7.800000000000001], ["/ mbs pool", 7.699751861042183], ["history export file", 7.685714285714286], ["file export history", 7.685714285714285], ["pool reserve loan", 7.667004608294931], ["reserve loan pool", 7.667004608294931], ["refer link pbi", 7.666666666666667], ["file import management-history", 7.619047619047619], ["section regular form", 7.611111111111111], ["complete sale pool", 7.6063883617963315], ["return record dbo", 7.583333333333334], ["change exist datum", 7.583333333333334], ["save search set", 7.536811594202899], ["app pool remove", 7.527956989247311], ["pool sale approval", 7.5230550284629985], ["reserve loan buyback", 7.5200000000000005], ["external datum management", 7.516666666666667], ["pool type revolve", 7.507123655913979], ["pool type reuse", 7.507123655913979], ["sub-pool class show", 7.4523809523809526], ["history delete file", 7.4225563909774435], ["settlement date term", 7.421568627450981], ["'' '' field", 7.408963585434174], ["sort search result", 7.393478260869566], ["select add report", 7.322638146167558], ["start time select", 7.303030303030303], ["file extract task", 7.285714285714286], ["delete pool display", 7.1890415187528935], ["filter search result", 7.143478260869566], ["securehub system date", 7.135854341736694], ["hot fix 22r1", 7.1], ["user double click", 7.0696721311475414], ["mbs pool type", 7.0455851943755174], ["reload tab create", 7.04], ["party pool user", 7.014295787061521], ["user delete form", 7.000958680855144], ["user zoom /", 6.953005464480874], ["user enter totally", 6.8196721311475414], ["cmhc report change", 6.757703081232494], ["description download field", 6.688725490196079], ["user download form", 6.639116575591986], ["create buyback pool", 6.61557603686636], ["exist pool update", 6.611290322580645], ["file import error", 6.560224089635854], ["list delete file", 6.522556390977443], ["user print form", 6.514116575591986], ["rmbs program buyback", 6.487012987012988], ["datum source create", 6.29], ["user edit pool", 6.038105310871043], ["bulk sale", 5.873303167420815], ["loan reserve", 5.305714285714286], ["complete sale", 5.245098039215686], ["search set", 5.2034782608695656], ["party pool", 5.194623655913979], ["report administration", 5.122171945701357], ["zoom option", 5.0], ["delete record", 4.9868421052631575], ["print delete", 4.9868421052631575], ["start select", 4.96969696969697], ["schedule section", 4.916666666666666], ["mbs pool", 4.8997518610421835], ["field '", 4.855392156862745], ["exist dbo", 4.833333333333334], ["reserve asset", 4.815126050420168], ["step detail", 4.8], ["view /", 4.8], ["loan management", 4.786666666666667], ["sub-pool class", 4.785714285714286], ["delete pt", 4.7368421052631575], ["read ''", 4.714285714285714], ["file history", 4.685714285714285], ["import start", 4.666666666666667], ["show field", 4.647058823529411], ["pool class", 4.647004608294931], ["pool management", 4.627956989247312], ["download print", 4.625], ["click pool", 4.611290322580645], ["delete entry", 4.593984962406015], ["buyback pool", 4.57557603686636], ["search template", 4.543478260869565], ["loan source", 4.52], ["loan browser", 4.52], ["pool type", 4.507123655913979], ["pool type 881", 4.507123655913979], ["exist journal", 4.5], ["existent journal", 4.5], ["option user", 4.4863387978142075], ["form purple", 4.444444444444445], ["form task", 4.444444444444445], ["settlement date", 4.421568627450981], ["pool create", 4.401290322580645], ["system report", 4.400560224089636], ["file date", 4.373949579831933], ["pool orange", 4.361290322580645], ["pool task", 4.361290322580645], ["pool balance", 4.361290322580645], ["enter pool", 4.361290322580645], ["internal report", 4.352941176470589], ["address book", 4.333333333333334], ["import end", 4.333333333333334], ["add comma", 4.333333333333334], ["field add", 4.313725490196079], ["column sort", 4.3125], ["system setup", 4.2976190476190474], ["status change", 4.287878787878788], ["file green", 4.285714285714286], ["complete error", 4.2745098039215685], ["rmbs program", 4.272727272727273], ["pend approval", 4.25], ["total record", 4.25], ["static datum", 4.25], ["datum source", 4.25], ["edit pool", 4.218433179723503], ["asset type", 4.175245098039216], ["remove poolassets", 4.166666666666666], ["list show", 4.166666666666666], ["user zoom", 4.1530054644808745], ["field section", 4.147058823529411], ["product type", 4.145833333333334], ["system date", 4.135854341736694], ["date create", 4.128235294117648], ["information display", 4.090909090909091], ["issue date", 4.088235294117647], ["date source", 4.088235294117647], ["cutoff date", 4.088235294117647], ["projection date", 4.088235294117647], ["paid-to date", 4.088235294117647], ["column filter", 4.0625], ["mortgage asset", 4.029411764705882], ["equipment asset", 4.029411764705882], ["issue found", 4.0], ["single criterion", 4.0], ["multiple criterion", 4.0], ["confirmation window", 4.0], ["insurance information", 4.0], ["popup window", 4.0], ["b_delete = 0", 4.0], ["summary task", 4.0], ["workflow-grid view", 4.0], ["workflow-task overview", 4.0], ["empty ui", 4.0], ["principal cap", 4.0], ["project balance", 4.0], ["valuation method", 4.0], ["save action", 4.0], ["rbc op", 4.0], ["mortgagehub source", 4.0], ["corra index", 4.0], ["account filter", 4.0], ["chanakyudu ravuri", 4.0], ["user remove", 3.9863387978142075], ["field fill", 3.980392156862745], ["nullable field", 3.980392156862745], ["modification field", 3.980392156862745], ["drop-down field", 3.980392156862745], ["form editable", 3.9444444444444446], ["common error", 3.9411764705882355], ["error tab", 3.9411764705882355], ["error throw", 3.9411764705882355], ["cmhc report", 3.92436974789916], ["print reset", 3.916666666666667], ["click reset", 3.916666666666667], ["workflow-ready secure", 3.9], ["modification entry", 3.857142857142857], ["button prompt", 3.833333333333333], ["user account", 3.819672131147541], ["user navigate", 3.819672131147541], ["validate user", 3.819672131147541], ["editable section", 3.6666666666666665], ["update button", 3.583333333333333], ["date finalize", 3.338235294117647], ["total amount", 3.333333333333333], ["status synchronize", 2.7402597402597406], ["result", 2.6], ["enable", 2.6], ["cmbs", 2.6], ["form", 2.4444444444444446], ["history", 2.4], ["download", 2.375], ["pool", 2.361290322580645], ["report", 2.3529411764705883], ["time", 2.3333333333333335], ["cusip", 2.3333333333333335], ["description", 2.3333333333333335], ["save", 2.3333333333333335], ["file", 2.2857142857142856], ["click", 2.25], ["datum", 2.25], ["buyback", 2.2142857142857144], ["display", 2.090909090909091], ["column", 2.0625], ["create", 2.04], ["tab", 2.0], ["open", 2.0], ["task", 2.0], ["source", 2.0], ["enter", 2.0], ["filter", 2.0], ["corra", 2.0], ["rmbs", 2.0], ["field", 1.9803921568627452], ["field 0", 1.9803921568627452], ["error", 1.9411764705882353], ["process", 1.9333333333333333], ["secure", 1.9], ["edit", 1.8571428571428572], ["entry", 1.8571428571428572], ["button", 1.8333333333333333], ["user", 1.819672131147541], ["update", 1.75], ["link", 1.6666666666666667], ["action", 1.6666666666666667], ["reset", 1.6666666666666667], ["cmhc", 1.5714285714285714], ["editable", 1.5], ["list", 1.5], ["status", 1.4545454545454546], ["amount", 1.3333333333333333], ["synchronize", 1.2857142857142858], ["finalize", 1.25], ["fix", 1.1], ["home", 1.0], ["20r3", 1.0], ["investigation", 1.0], ["nbc", 1.0], ["unadd", 1.0], ["$999", 1.0], ["99 minimum", 1.0], ["issuer", 1.0], ["outdate", 1.0], ["calculate", 1.0], ["essential", 1.0], ["workflow", 1.0], ["category", 1.0], ["un-secure", 1.0], ["reject", 1.0], ["insert", 1.0], ["warning", 1.0], ["ignore", 1.0], ["advance", 1.0], ["month", 1.0], ["clear", 1.0], ["icon", 1.0], ["side", 1.0], ["market", 1.0], ["minimize", 1.0], ["corner", 1.0], ["specific", 1.0], ["number", 1.0], ["percentage", 1.0], ["scroll", 1.0], ["current", 1.0], ["original", 1.0], ["opti-pool", 1.0], ["day", 1.0], ["s_province", 1.0], ["d_arrearsdate", 1.0], ["default", 1.0], ["indexrates", 1.0], ["d_recorddate", 1.0], ["comment", 1.0], ["core", 1.0], ["equal", 1.0], ["verify", 1.0], ["999", 0], ["886", 0], ["981", 0], ["986", 0]]}}}