{"task": "extract_topic_keywords", "client_id": "azure-taosolutions", "status": "Success", "result": {"topic_id": {"0": 1}, "topic_keywords": {"0": [["cpprogram parent cpdeal", 9.0], ["psgl extract lead", 9.0], ["bvd uat r11", 9.0], ["aqua payment direction", 9.0], ["lowercase uppercase combination", 9.0], ["symbol comma separate", 9.0], ["jpy japanese yen", 9.0], ["ore morecollaterals partition", 9.0], ["edit cash flow", 8.88888888888889], ["closing amortize balance", 8.84659090909091], ["pool fund prorata", 8.803322259136213], ["develop miss pes", 8.777777777777779], ["description trigger category", 8.75], ["decline principal balance", 8.715277777777779], ["test feedback implementation", 8.710526315789474], ["loanstore interface upload", 8.666666666666666], ["end preprocess stage", 8.666666666666666], ["pro rata cof", 8.659574468085106], ["non-cumulative compound rate", 8.643835616438356], ["risk free rate", 8.643835616438356], ["daily cof measurement", 8.620358781810596], ["ann ' ytm", 8.617283950617285], ["cht ' fault", 8.617283950617285], ["closing unamortize balance", 8.604166666666666], ["miss cross reference", 8.577777777777778], ["tab popup control", 8.576923076923077], ["cash flow tab", 8.576923076923077], ["federal tax number", 8.571428571428571], ["test effort bug-115973", 8.550526315789474], ["test effort bug-121219", 8.550526315789474], ["test effort pbi-121627", 8.550526315789474], ["test effort bug-134468", 8.550526315789474], ["test effort bug-134490", 8.550526315789474], ["test effort bug-134495", 8.550526315789474], ["test effort pbi-134534", 8.550526315789474], ["test effort bug-134668", 8.550526315789474], ["test effort bug-134809", 8.550526315789474], ["test effort bug-139582", 8.550526315789474], ["test effort pbi-140513", 8.550526315789474], ["intra period modification", 8.514285714285714], ["parent ancestor rank", 8.5], ["inception date define", 8.5], ["end date exclude", 8.5], ["issuer certification box", 8.5], ["coupon comparison selector", 8.454545454545455], ["prepayment analysis report", 8.453846153846154], ["ad hoc report", 8.453846153846154], ["implamaned synonym change", 8.451612903225806], ["db edmx change", 8.451612903225806], ["test holiday weekend", 8.424812030075188], ["daily cash report", 8.414630467571644], ["standard settlement instruction", 8.414285714285715], ["edit manual bankflows", 8.412698412698413], ["development effort bug-121219", 8.4025], ["development effort bug-134668", 8.4025], ["development effort pbi-134753", 8.4025], ["development effort bug-134809", 8.4025], ["development effort pbi-140004", 8.4025], ["development effort bug-139877", 8.4025], ["development effort pbi-144196", 8.4025], ["conversion script skeleton", 8.4], ["qa conversion script", 8.4], ["investment interest income", 8.391256830601094], ["cp payable balance", 8.361637931034483], ["open unamortize balance", 8.354166666666666], ["loan management-search set", 8.335416666666667], ["cash flow projection", 8.333333333333334], ["auto reconciliation matrix", 8.327272727272726], ["original principal display", 8.314814814814815], ["billing detail set", 8.304166666666667], ["rate agency fee", 8.290894439967767], ["\u2019 flag set", 8.283333333333333], ["amount amortize period", 8.282467532467532], ["balance left amortizationdetails", 8.270833333333334], ["cumulative compound rfri", 8.26086956521739], ["allocation behaviour inconsistency", 8.25], ["yieldcurve function engine", 8.244444444444444], ["' email '", 8.234567901234568], ["cp accrue commission", 8.224137931034484], ["daily corra rate", 8.220004545548461], ["reflect benchmark rate", 8.215264187866927], ["commercial paper issuer", 8.215073529411764], ["shub-335 / shub-336", 8.214285714285715], ["period end date", 8.214285714285715], ["upload journalization fixe", 8.205128205128204], ["tranche pool fund", 8.203322259136213], ["fee screen accessible", 8.202614379084967], ["cp principal paydowns", 8.20191570881226], ["cpfundingdefinition parent cpdeal", 8.2], ["click cancel quit", 8.2], ["accrue interest amount", 8.183681073025337], ["exclude maturity date", 8.166666666666666], ["test prepayment report", 8.164372469635628], ["rename column header", 8.162790697674419], ["visible column chooser", 8.162790697674419], ["bmo harry schema", 8.155545112781954], ["move configuration history", 8.152173913043478], ["verify compound factor", 8.140350877192983], ["null reference exception", 8.133333333333333], ["cpdealrfrinterestdetails correctly calculate", 8.125], ["update sp fileimportloanmovement", 8.121951219512194], ["conduit abcp spread", 8.11111111111111], ["hotfixes ntier invoice", 8.103092783505154], ["db generation invoice", 8.103092783505154], ["option b_acceptsnone flag", 8.102941176470589], ["modify cptrades query", 8.1], ["coupon rate override", 8.09838107098381], ["miss journal vnext", 8.084595959595958], ["daily maturity report", 8.08129713423831], ["= match fund", 8.076190476190476], ["lender portfolio field", 8.06232364127101], ["pivot cashflow report", 8.053846153846154], ["cof accrual exclude", 8.0535138620245], ["cof accrual reversal", 8.0535138620245], ["implementation pre-validation error", 8.044776119402986], ["edit manual cashflows", 8.037698412698413], ["' commission '", 8.034567901234567], ["code commit svn", 8.027777777777779], ["original day maturity", 8.008130081300813], ["bug found test", 8.004643962848297], ["issue found test", 8.000848896434636], ["approve reject approver", 8.0], ["fix reference codebase", 8.0], ["utilize program amount", 7.996753246753246], ["average program amount", 7.996753246753246], ["cof difference frn", 7.99290780141844], ["miss step exp", 7.992063492063492], ["' description '", 7.984567901234568], ["search set id", 7.977777777777778], ["accrual period pool", 7.9686902245041775], ["day amortize period", 7.964840038010769], ["cp accrue interest", 7.94872809496891], ["cp interest paydowns", 7.948728094968909], ["transaction reflect ui", 7.944444444444445], ["effective date transaction", 7.944444444444445], ["portfolio datum template", 7.9288822084806565], ["field '' portfolio", 7.927188506135876], ["saml deal test", 7.922064777327936], ["kind datum screen", 7.917940876656473], ["date determination configuration", 7.916879795396419], ["determination date configuration", 7.916879795396419], ["miss i_instrumenttype table", 7.916666666666666], ["loan income tab", 7.912339743589744], ["eir pool cashflow", 7.904909560723514], ["cumulative compound rate", 7.904705181655746], ["ipa settlement report", 7.868131868131869], ["collection date range", 7.863636363636363], ["cof reversal fix", 7.859574468085106], ["benchmark rate rate", 7.859099804305284], ["amount format money", 7.859090909090909], ["field daily cof", 7.858121019572835], ["program cof pool", 7.857701922026514], ["'' '' post", 7.85472972972973], ["day remain amortize", 7.8505543237250555], ["previous cu merge", 7.833333333333334], ["bug fixe stabilization", 7.832579185520362], ["holiday calendar '", 7.831569664902998], ["proper loan datum", 7.831135321100918], ["parent funding definition", 7.821570319240724], ["cof amount produce", 7.818665377176016], ["expense side accrual", 7.814992025518341], ["display correct amount", 7.796127946127947], ["daily funding report", 7.793577835992696], ["upfront fee type", 7.791986359761296], ["n_rate miss cptradeinterestdetails", 7.777777777777778], ["fileimportcptrades generate journal", 7.773484848484848], ["corra rate date", 7.7592202318229715], ["add utilize amount", 7.756651884700665], ["error found test", 7.755302435192458], ["day amortize date", 7.750554323725055], ["bank change configuration", 7.746643959126427], ["verify daily rate", 7.744970807356829], ["rfr rate set", 7.738572458543619], ["base rate issuance", 7.735672351132234], ["refactor cpdeals controller", 7.733333333333333], ["engine process manager", 7.728737638161721], ["edit program inherit", 7.726551226551226], ["corra + spread", 7.726495726495726], ["benchmark rate source", 7.715264187866928], ["present compound period", 7.714285714285714], ["bank rec summary", 7.701680672268907], ["daily yield index", 7.675070028011205], ["'' field mandatory", 7.6740556740556745], ["rmbs settlement engine", 7.66984126984127], ["date maturity date", 7.666666666666666], ["approver approve request", 7.666666666666666], ["approver reject request", 7.666666666666666], ["formula- > filter", 7.663865546218488], ["instrumentcouponaccrualdetails column instrumenttype", 7.662790697674419], ["instrumentcouponaccrualownerdetails column instrumenttype", 7.662790697674419], ["instrumentsaledeferredamountsources column instrumenttype", 7.662790697674419], ["instrumentsaledeferredamounts column instrumenttype", 7.662790697674419], ["instrumentsaledeferredamountsaletransfers column instrumenttype", 7.662790697674419], ["instrumentsaleamortizationdetails column instrumenttype", 7.662790697674419], ["investorincomeconfiguration column instrumenttype", 7.662790697674419], ["instrumentamountamortizationprocessinfo column instrumenttype", 7.662790697674419], ["' field match", 7.655046188379521], ["pbi-143794 cp trade", 7.654226426609704], ["cp trade load", 7.6542264266097035], ["cp trade callable", 7.6542264266097035], ["file issue onespan", 7.653958944281525], ["actual cp outstand", 7.647214854111406], ["multi-level cp deal", 7.635676392572945], ["renew cp deal", 7.635676392572945], ["respective cp deal", 7.635676392572945], ["portfolio datum definition", 7.629569675429361], ["post gl stall", 7.625], ["issue pass null", 7.623655913978496], ["add manual journal-currency", 7.62137049941928], ["add manual journal-amount", 7.62137049941928], ["add manual journal-deal", 7.62137049941928], ["add manual journal-lender", 7.62137049941928], ["add manual journal-portfolio", 7.62137049941928], ["daily cash administration", 7.610784313725491], ["change archive configuration", 7.6037868162692845], ["invoice start date", 7.603092783505154], ["cumulative over30 day", 7.602332979851537], ["option select role", 7.598555211558308], ["bmo harris 2e", 7.589473684210526], ["bmo harris 2b", 7.589473684210526], ["bmo harris 2d", 7.589473684210526], ["bmo harris 2a", 7.589473684210526], ["bmo harris 2f", 7.589473684210526], ["bmo harris 2c", 7.589473684210526], ["bmo harris 2g", 7.589473684210526], ["bmo harris shub-301", 7.589473684210526], ["create match bankflows", 7.583333333333333], ["interest rate swap", 7.577516689463692], ["prepayment report update", 7.575797373358349], ["day configure holiday", 7.555749128919861], ["cof accrual duplication", 7.5535138620245], ["commercial paper program", 7.552735867074102], ["error activate iyieldcurvesservice", 7.544776119402985], ["test bug fixe", 7.543105501309835], ["table display ''", 7.5407907907907905], ["funding settlement engine", 7.537677527151211], ["bug cpdeal view", 7.504643962848297], ["expose d_lastmodify sh_tdsi", 7.5], ["red exclamation tab", 7.4935897435897445], ["daily interest calculation", 7.485374477659917], ["test estimate bug-115320", 7.479757085020243], ["cp accrual cof", 7.477651793058984], ["funding definition configuration", 7.4737442322842025], ["fixe rate issue", 7.472619735545056], ["cp issuance report", 7.469820819574514], ["select deal >>", 7.457152496626181], ["cp interest cost", 7.448728094968909], ["' view '", 7.4450942170240415], ["api exchange rate", 7.443835616438356], ["upload generate journal", 7.4401515151515145], ["journal post manager", 7.431818181818182], ["' currency '", 7.425044091710759], ["current day maturity", 7.408130081300813], ["current limit guideline", 7.4], ["maturity date trade", 7.396755162241887], ["transaction date transaction", 7.388888888888889], ["cp interest expense", 7.369780726547857], ["benchmark rate duplicate", 7.369110341713082], ["delete benchmark rate", 7.36232301139634], ["type / cancel", 7.359213250517598], ["advisory deal type", 7.356465997770346], ["day outstand period", 7.35574912891986], ["benchmark rate verify", 7.35561506505991], ["' spread '", 7.34567901234568], ["event handler issue", 7.337941628264209], ["result '' preprocess", 7.331531531531532], ["sum increase amount", 7.325757575757575], ["sum decrease amount", 7.325757575757575], ["cp trade maturity", 7.32089309327637], ["investment instrument fixe", 7.32063975628332], ["report date range", 7.317482517482517], ["verify maturity date", 7.307017543859649], ["delete date configuration", 7.29923273657289], ["program amount outstand", 7.296753246753247], ["fee type enhancement", 7.291986359761296], ["processes- job scheduler", 7.288981288981288], ["generate report datum", 7.282898141613739], ["rate table ui", 7.282724505327245], ["associate correspond deal", 7.278205128205128], ["update date configuration", 7.274125132555673], ["defer amortization process", 7.257020466444551], ["term advisory deal", 7.246021220159151], ["cp funding definition", 7.245708250275207], ["correct accrual basis", 7.243939393939394], ["' yield '", 7.234567901234568], ["rate type drop", 7.233207597114685], ["coupon rate calculate", 7.223381070983811], ["' settle invoice", 7.220376734122439], ["loan source dropdown", 7.21875], ["general cashflow tab", 7.215384615384615], ["aqua deal model", 7.211538461538462], ["create match cashflows", 7.208333333333333], ["date select report", 7.199460188933873], ["duplicate key error", 7.198622273249138], ["engine field /", 7.196492396492396], ["settlement engine term", 7.193212917350848], ["date cp class", 7.187295825771326], ["funding definition datum", 7.183955640341642], ["exago timeout issue", 7.179211469534051], ["fetch post event", 7.1726190476190474], ["development effort estimate", 7.171730769230769], ["exercise date call", 7.166666666666667], ["api method pbi-121627", 7.166666666666666], ["funding projection report", 7.16612685560054], ["pbi test suite", 7.1650717703349285], ["instrument past period", 7.163130598774163], ["display sum discount", 7.158249158249159], ["' calculate swap", 7.151374859708193], ["post status option", 7.144607843137255], ["entity loan income", 7.143927304964539], ["add cashflow transaction", 7.1420054200542005], ["row interest income", 7.141256830601094], ["store basisswapvalues table", 7.138888888888889], ["store fixedswapvalues table", 7.138888888888889], ["cmb late date", 7.12962962962963], ["verify drop display", 7.121832358674465], ["enable change make", 7.118279569892472], ["save change make", 7.118279569892472], ["execute estimate sales", 7.102564102564102], ["interest detail table", 7.100979052823316], ["workflow 3- add", 7.097560975609756], ["formula builder screen", 7.094771241830065], ["ui table change", 7.090501792114695], ["catch validate fee", 7.087058823529411], ["outstandingprincipalbalance ' formula", 7.073166303558461], ["proceeds ' column", 7.07174131495837], ["user e-signature configure", 7.069444444444445], ["user configure e-signature", 7.069444444444445], ["yield maturity toggle", 7.066666666666666], ["fs account type", 7.061594202898551], ["verify report generate", 7.060863697705804], ["enter ' definition", 7.059906901436956], ["interest bearing instrument", 7.056768381756209], ["fee type class", 7.055144254498138], ["verify settlement date", 7.054636591478697], ["validation current balance", 7.045833333333333], ["field funding expense", 7.037762237762237], ["amount verify field", 7.0372040240461295], ["system date =", 7.009803921568627], ["cp trade option", 7.007167603080292], ["enable valuation date", 7.0], ["benchmark rate create", 6.998597521200261], ["deal successfully create", 6.994871794871795], ["cp deals-validate user", 6.993582375478928], ["cp trade dealer", 6.9875597599430375], ["eod job require", 6.987179487179487], ["source file update", 6.9855875831485585], ["cp discount remain", 6.978683385579938], ["delete manual journal", 6.977686529157117], ["' unfinalize invoice", 6.970376734122439], ["clone cp deal", 6.969009725906278], ["verify field populate", 6.966348409072868], ["extensible entity type", 6.953438174529756], ["past period grid", 6.9523809523809526], ["accrual journal posting", 6.950757575757576], ["miss post event", 6.950396825396825], ["verify field mandatory", 6.949541686383792], ["extend property miss", 6.944444444444444], ["update funding definition", 6.94352153875292], ["add manual journal", 6.928188681237462], ["modify exist rfr", 6.928070175438597], ["verify report element", 6.927530364372471], ["display sum face", 6.923703703703704], ["add funding definition", 6.91913129485048], ["db entry account", 6.916666666666667], ["verify field display", 6.915150151992258], ["total cp outstand", 6.914614121510673], ["delete cp program", 6.908859092226232], ["verify total number", 6.902255639097744], ["api refactor branch", 6.9], ["instrument current period", 6.896463932107497], ["verify rfr interest", 6.893011216566006], ["update cp program", 6.883751488209015], ["select cp deal", 6.881290427660664], ["cp deal select", 6.881290427660664], ["currency cp class", 6.8777720162475156], ["cp trades- validate", 6.864137931034483], ["view step detail", 6.862312030075188], ["trust display report", 6.860448408274496], ["' system setup", 6.860421205519245], ["template display grid", 6.8504010923365755], ["file date process", 6.847929557353641], ["error message pop", 6.829089844893181], ["bmo harris rfr", 6.817543859649122], ["process manual journal", 6.814920899344983], ["yield curve upload", 6.809523809523808], ["advance system date", 6.8014705882352935], ["deal advance report", 6.790384615384616], ["invoice tab invoice", 6.783108643933387], ["validate program commitment", 6.7776623376623375], ["update cp trade", 6.776177646121899], ["accrual delete trade", 6.771086713044027], ["verify ' gettrustliabilityvalue", 6.757634827810266], ["priority type option", 6.7478687127024735], ["total net proceeds", 6.743012422360248], ["add funding class", 6.739666238767651], ["create engine formula", 6.733660130718954], ["finalize process engine", 6.728737638161721], ["fail display low", 6.724537037037037], ["trust accrual report", 6.717350765176852], ["validate interest bearing", 6.714590163934426], ["enhance accrual process", 6.7115659209900045], ["post event fixe", 6.711080586080586], ["duplicate journal posting", 6.710664335664335], ["bmo harris invoice", 6.692566467715681], ["bmo harris add", 6.687034659820283], ["verify discount populate", 6.683131625856085], ["cp discount outstand", 6.678683385579937], ["instrument fx rate", 6.676013834260138], ["business day month", 6.67479674796748], ["exago field display", 6.663688163688164], ["copy code check", 6.652777777777778], ["loan investor editable", 6.648237179487181], ["remittance type default", 6.644927536231885], ["add formula builder", 6.636776661884266], ["cp deal api", 6.635676392572945], ["accrual finalize trade", 6.624027889514616], ["user role error", 6.61422056384743], ["finalize trust engine", 6.614009661835749], ["spread handle negative", 6.611111111111111], ["accounting cashflows matrix", 6.6], ["' price '", 6.598204264870931], ["delete rfr methodology", 6.59735122119023], ["round issue engineresults", 6.590322580645162], ["program select default", 6.583276372750056], ["error open instrument", 6.576954337224767], ["display trust column", 6.56939295210276], ["add bankflow transaction", 6.542005420054201], ["purge cp transaction", 6.535249042145594], ["cp invoice process", 6.511523908256915], ["additional formula field", 6.510311257370082], ["verify full trust", 6.5099160945842875], ["schedule report error", 6.498622273249139], ["update accounting standard", 6.496951219512195], ["credit rating sort", 6.490909090909091], ["trade job invoice", 6.48702743292653], ["swap instrument bug", 6.4853867739715145], ["select currency error", 6.480866344966895], ["cp event dashboard", 6.478379495209822], ["verify journal reverse", 6.4471690590111645], ["amortization post event", 6.445346320346321], ["select usd currency", 6.43609022556391], ["validate program fee", 6.42472116119175], ["object reference error", 6.423723487824037], ["high shub abcp", 6.416666666666667], ["buy sell trade", 6.396755162241888], ["adjustment estimate datum", 6.381616090331686], ["bmo harris create", 6.37280701754386], ["instrument rfr difference", 6.343581726593712], ["validate amount trade", 6.329179404666131], ["validate amount formula", 6.304973262032086], ["terminate cp deal", 6.302343059239611], ["grand total yield", 6.301587301587302], ["product type error", 6.30081476674598], ["core corra function", 6.2972027972027975], ["create script add", 6.28089430894309], ["process job scheduler", 6.273274482698566], ["verify cdor cmb", 6.269980506822613], ["instrument report finalize", 6.236024371667936], ["display field validate", 6.214799274799274], ["rmbs trust entity", 6.189186966800288], ["client create schema", 6.175378787878788], ["handle post event", 6.1726190476190474], ["sort / group", 6.138528138528138], ["loan investor create", 6.09823717948718], ["asset extend property", 6.083333333333333], ["datum validation boolean", 6.070718654434251], ["verify total face", 6.050827067669172], ["update validation view", 6.040810868635003], ["add validation formula", 6.011776661884266], ["cleanup dev estimate", 5.9120879120879115], ["validate invoice datum", 5.905478104606072], ["invoice report version", 5.890272270684641], ["validate duplicate field", 5.831608391608391], ["verify trust entity", 5.818426732882159], ["bmo harris analytics", 5.811695906432749], ["entity entity type", 5.7619488128276295], ["match fund", 5.742857142857143], ["entity create type", 5.736771507863089], ["principal balance", 5.715277777777778], ["validate finalize trade", 5.6700884955752215], ["validation entity type", 5.66177150786309], ["daily cof", 5.620358781810596], ["pool cashflow", 5.46046511627907], ["exchange rate", 5.443835616438356], ["core corra cmb", 5.426832426832427], ["\u2019 flag", 5.416666666666666], ["development effort", 5.4025], ["interest income", 5.391256830601093], ["past period", 5.380952380952381], ["bank reconciliation", 5.37012987012987], ["template '", 5.359219434488251], ["ensure user create", 5.352777777777778], ["corra index", 5.32967032967033], ["cof amount", 5.318665377176016], ["principal interest", 5.302367941712204], ["interest bearing", 5.274590163934427], ["portfolio definition", 5.267184354328444], ["remain unamortize", 5.266666666666667], ["determination date", 5.264705882352941], ["' fee", 5.264342774146696], ["corra rate", 5.2592202318229715], ["datum ''", 5.227250185965783], ["tdsi exago issue", 5.225188481028303], ["cp commission", 5.224137931034482], ["pop screen", 5.222222222222221], ["bmo harry", 5.2180451127819545], ["benchmark rate", 5.215264187866928], ["commercial paper", 5.2150735294117645], ["holiday calendar", 5.214285714285714], ["portfolio datum", 5.186946724609689], ["maturity date", 5.166666666666666], ["datum modification", 5.162385321100917], ["full amount", 5.159090909090909], ["buy amortize 0", 5.159090909090909], ["settlement engine", 5.158730158730158], ["date configuration", 5.1521739130434785], ["settle fee", 5.147058823529411], ["rate negative", 5.143835616438356], ["sum transaction", 5.111111111111111], ["loan cashflows", 5.09375], ["cp maturity", 5.090804597701149], ["settlement maturity", 5.080952380952381], ["clone template", 5.075268817204301], ["' change", 5.068896853843091], ["loan cashflow", 5.06875], ["make tranche", 5.066666666666666], ["toggle status", 5.066666666666666], ["preprocess toggle", 5.066666666666666], ["' definition", 5.059906901436956], ["amount accrual", 5.053030303030303], ["cp issuance", 5.01597466572836], ["datum configuration", 5.014559234144396], ["test bug", 5.004643962848297], ["test bug 141342", 5.004643962848297], ["base date", 5.0], ["valuation date", 5.0], ["program amount", 4.996753246753247], ["display report", 4.990883190883191], ["139088 dev effort", 4.982857142857142], ["139089 dev effort", 4.982857142857142], ["range '", 4.980920314253648], ["correct datum", 4.962385321100918], ["select period", 4.959899749373434], ["outstand amount", 4.959090909090909], ["ui change", 4.951612903225806], ["delete reference", 4.947058823529412], ["discrepancy schema", 4.9375], ["actual maximum", 4.923076923076923], ["settlement date", 4.914285714285715], ["accrual date", 4.8939393939393945], ["edit save", 4.888888888888889], ["rfr configuration", 4.880244088482074], ["funding cost", 4.878947368421052], ["display program", 4.874699374699375], ["text ''", 4.864864864864865], ["date range", 4.863636363636363], ["loan accrual", 4.8626893939393945], ["store datum", 4.862385321100918], ["rmbs program", 4.848773448773448], ["refactor eir", 4.844444444444445], ["archive editable", 4.833333333333334], ["instrumenttype = 4", 4.833333333333334], ["funding report", 4.832793522267206], ["manual journal", 4.830627705627705], ["issue fixe", 4.8287841191067], ["fixe issue", 4.8287841191067], ["populate field", 4.825997531879885], ["portfolio variance", 4.824561403508772], ["funding definition", 4.821570319240724], ["cp accrual", 4.818077324973877], ["click '", 4.817283950617284], ["field mandatory", 4.8091908091908095], ["verify sum", 4.807017543859649], ["funding expense", 4.8], ["cptrades refactor", 4.8], ["delete configuration", 4.79923273657289], ["issue date", 4.790322580645162], ["ui issue", 4.790322580645162], ["cumulative interest", 4.7854597291518175], ["total issuance", 4.782312925170068], ["display field", 4.774799274799275], ["manual adjustment", 4.773809523809524], ["null >", 4.761904761904762], ["cp program", 4.76180026869682], ["verify '", 4.757634827810266], ["open session", 4.75], ["description carry", 4.75], ["previous settlement", 4.747619047619048], ["select date", 4.745614035087719], ["activate field", 4.737762237762238], ["trust set", 4.736231884057971], ["cpdeals refactor", 4.733333333333333], ["trade date", 4.730088495575221], ["configuration setup", 4.718840579710145], ["cp issue", 4.714460511679644], ["prior period", 4.714285714285714], ["funding projection", 4.712280701754386], ["test bug-144256", 4.710526315789474], ["inherit cpfundingdefinition", 4.7], ["modify mode", 4.7], ["day day", 4.682926829268292], ["system date", 4.6764705882352935], ["business day", 4.67479674796748], ["approval request", 4.666666666666666], ["upload integrate", 4.666666666666666], ["extend gettrustliabilityvalue", 4.666666666666666], ["wa cof", 4.659574468085106], ["amount input", 4.659090909090909], ["aggregate amount", 4.659090909090909], ["basis swap", 4.659090909090909], ["cashflow summary", 4.658823529411764], ["cp trade", 4.6542264266097035], ["cp trade 100", 4.6542264266097035], ["120750 cp trade", 4.6542264266097035], ["eod job", 4.653846153846153], ["step detail", 4.651785714285714], ["rate subtotal", 4.643835616438356], ["forward rate", 4.643835616438356], ["spot rate", 4.643835616438356], ["day outstand", 4.641463414634146], ["basisswapvalues table", 4.638888888888889], ["fixedswapvalues table", 4.638888888888889], ["109524 cp deal", 4.635676392572945], ["cp deal", 4.635676392572945], ["112174 cp deal", 4.635676392572945], ["112173 cp deal", 4.635676392572945], ["112176 cp deal", 4.635676392572945], ["112175 cp deal", 4.635676392572945], ["term remain", 4.63448275862069], ["post gl", 4.625], ["update source", 4.621951219512195], ["' button", 4.617283950617284], ["month '", 4.617283950617284], ["isin '", 4.617283950617284], ["notionalvalue '", 4.617283950617284], ["general tab", 4.615384615384615], ["change column", 4.614403600900225], ["trust engine", 4.614009661835749], ["dropdown 3 option", 4.602941176470589], ["cumulative 30 day", 4.602332979851537], ["cptradeinterestdetails correct", 4.6], ["inventory cashflow", 4.6], ["report type", 4.598773690078039], ["job definition", 4.596469104665825], ["bmo harris", 4.589473684210526], ["bmo harris 5", 4.589473684210526], ["115730 bmo harris", 4.589473684210526], ["bmo harris 1", 4.589473684210526], ["bmo harris 3", 4.589473684210526], ["bmo harris 4", 4.589473684210526], ["verify transaction", 4.5847953216374275], ["calculation tab", 4.576923076923077], ["report update", 4.575797373358349], ["max 15 number", 4.571428571428571], ["valid number", 4.571428571428571], ["require field", 4.571095571095571], ["generate invoice", 4.569759450171821], ["development bug-115864", 4.5625], ["development bug-142588", 4.5625], ["development bug-144422", 4.5625], ["money datum", 4.562385321100917], ["net proceeds", 4.552536231884058], ["merge error", 4.544776119402985], ["error produce", 4.544776119402985], ["formula builder", 4.53921568627451], ["display accurately", 4.537037037037037], ["calculate swap", 4.534090909090909], ["bug filter", 4.529411764705882], ["121344 bug filter", 4.529411764705882], ["cp invoice", 4.5272307145396375], ["funding type", 4.523874904652937], ["manual input", 4.523809523809524], ["account matrix", 4.516666666666667], ["rmbs liability", 4.511111111111111], ["test review", 4.504340748779165], ["current invoice", 4.503092783505155], ["store proc", 4.5], ["27 hotfix branch", 4.5], ["enhancement tpp", 4.5], ["month history", 4.5], ["auto-match function", 4.5], ["termination date", 4.5], ["similar cdor", 4.5], ["sign box", 4.5], ["document duplication", 4.5], ["configure esignature", 4.5], ["bug fix", 4.4941176470588236], ["fix issue", 4.490322580645161], ["delete program", 4.484721161191749], ["program type", 4.482589873894222], ["fx trade", 4.480088495575221], ["verify program", 4.47801321485532], ["update option", 4.474892395982783], ["settlement summary", 4.473109243697479], ["loan cf", 4.46875], ["interest revenue", 4.462090163934427], ["duplicate journal", 4.460664335664335], ["update program", 4.459613557174533], ["tranche summary", 4.458823529411765], ["select deal", 4.457152496626181], ["delete journal", 4.453877005347593], ["regulatory report", 4.453846153846154], ["display red", 4.453703703703704], ["accrual summary", 4.452762923351159], ["accept change", 4.451612903225806], ["change validationerrorsas", 4.451612903225806], ["port change 112570", 4.451612903225806], ["rfr methodology", 4.450292397660819], ["customer transaction", 4.444444444444445], ["run eir", 4.444444444444445], ["drop selection", 4.444444444444445], ["currency dropdown", 4.440476190476191], ["amortization method", 4.4393939393939394], ["journal post", 4.431818181818182], ["currency field", 4.428238428238428], ["cp tenor", 4.424137931034483], ["cp maturityallocation", 4.424137931034483], ["collateralized cp", 4.424137931034483], ["investor tab", 4.423076923076923], ["141324 asset rank", 4.416666666666667], ["/ cpfundingdefinition", 4.414285714285715], ["swap provider", 4.409090909090909], ["posting duplicate", 4.403846153846153], ["verify class", 4.4035087719298245], ["credit rating", 4.4], ["current deployer", 4.4], ["api refactor", 4.4], ["exchangerates refactor", 4.4], ["settlement process", 4.398578908002992], ["column filter", 4.398084815321477], ["accrual calc", 4.3939393939393945], ["discount cp", 4.378683385579937], ["verify field", 4.37811311495522], ["entity screen", 4.364066193853428], ["attach file", 4.363636363636363], ["dat range", 4.363636363636363], ["export file", 4.363636363636363], ["acceptable range", 4.363636363636363], ["static datum", 4.362385321100918], ["datum calculation", 4.362385321100918], ["/ type", 4.359213250517598], ["log screen", 4.355555555555555], ["unfinalize invoice", 4.353092783505154], ["verify deal", 4.351889338731445], ["1 day lookback", 4.341463414634147], ["back day", 4.341463414634147], ["instrument screen", 4.337733773377337], ["share program", 4.337662337662337], ["deal advance", 4.336538461538462], ["111965 enhance trueup", 4.333333333333334], ["left bar", 4.333333333333334], ["i_parentdealid cpdeals", 4.333333333333334], ["tpp-ownership sales", 4.333333333333334], ["amortization error", 4.3175033921302575], ["deal invoice", 4.314631245043616], ["view invoice", 4.313619099294629], ["step add", 4.311846689895471], ["entity remittance", 4.308510638297872], ["view add", 4.3080872913992305], ["handling journal", 4.306818181818182], ["return journal", 4.306818181818182], ["additional field", 4.304428904428905], ["column table", 4.301679586563307], ["grand total", 4.301587301587302], ["outstand profile", 4.3], ["correspond trade", 4.2967551622418885], ["allocation error", 4.294776119402985], ["bug gettrustliabilityvalue", 4.294117647058823], ["rmbs instrument", 4.293289328932893], ["bank administration", 4.292857142857143], ["issue bd", 4.290322580645162], ["issue identify", 4.290322580645162], ["bmo centimeter", 4.289473684210526], ["cr bmo", 4.289473684210526], ["bmo sample", 4.289473684210526], ["job scheduler", 4.288981288981288], ["trust accrual", 4.263504611330698], ["non- cumulative", 4.260869565217391], ["product type", 4.256038647342995], ["column sort", 4.253699788583509], ["finalize unfinalize", 4.25], ["outstandingprincipalbalance accurate", 4.25], ["corra cmb", 4.245014245014245], ["system setup", 4.243137254901961], ["field default", 4.237762237762238], ["addtional field", 4.237762237762238], ["field configurable", 4.237762237762238], ["112047 add table", 4.2364498644986455], ["default filter", 4.235294117647059], ["unfinalize process", 4.234293193717278], ["process unfinalize", 4.234293193717278], ["finalize trade", 4.230088495575221], ["trade mature", 4.230088495575221], ["single trade", 4.230088495575221], ["multiple trade", 4.230088495575221], ["api rfr", 4.228070175438596], ["rfr apis", 4.228070175438596], ["rfr module", 4.228070175438596], ["/ button", 4.214285714285714], ["funding group", 4.212280701754386], ["deal management", 4.211538461538462], ["warehouse deal", 4.211538461538462], ["master deal", 4.211538461538462], ["context deal", 4.211538461538462], ["workflow-grid view", 4.210526315789474], ["entity refactor", 4.208510638297872], ["formula gettrustliabilityvalue", 4.205882352941177], ["formula return", 4.205882352941177], ["act formula", 4.205882352941177], ["fx discount", 4.204545454545455], ["total yield", 4.190476190476191], ["total usd", 4.190476190476191], ["total increase", 4.190476190476191], ["total decrease", 4.190476190476191], ["doesnt total 100", 4.190476190476191], ["revenue allocation", 4.1875], ["exago issue", 4.17921146953405], ["instrument accrual", 4.1761176117611765], ["post event", 4.1726190476190474], ["sell buy", 4.166666666666667], ["buy sell", 4.166666666666667], ["error message", 4.162423178226515], ["select account", 4.162280701754386], ["issue trust", 4.159887798036466], ["run job", 4.153846153846153], ["completion job", 4.153846153846153], ["duplicate datatypes", 4.153846153846153], ["delete save", 4.147058823529411], ["sell trade", 4.146755162241888], ["total discount", 4.145021645021645], ["debt type", 4.144927536231885], ["insurance type", 4.144927536231885], ["dept type", 4.144927536231885], ["cp face", 4.144137931034483], ["rate expect", 4.143835616438356], ["yield curve", 4.142857142857142], ["dealer entity", 4.141843971631205], ["verify wainstrumentfundings", 4.140350877192983], ["table exist", 4.138888888888889], ["table design", 4.138888888888889], ["cpdailyaccrualtradediscounts table", 4.138888888888889], ["field exago", 4.126651126651127], ["check box", 4.125], ["computershare calculate", 4.125], ["design update", 4.121951219512195], ["update er", 4.121951219512195], ["update calculation", 4.121951219512195], ["warn message", 4.117647058823529], ["deal information", 4.111538461538462], ["wa spread", 4.111111111111111], ["validation script", 4.108333333333333], ["invoice finalize", 4.103092783505154], ["finalize invoice", 4.103092783505154], ["attach invoice", 4.103092783505154], ["validate cof", 4.099574468085106], ["workflow 2 add", 4.097560975609756], ["add approval", 4.097560975609756], ["add list", 4.097560975609756], ["funding validation", 4.087280701754386], ["eir cmb", 4.074074074074074], ["delete account", 4.063725490196078], ["asset type", 4.061594202898551], ["bankflow summary", 4.0588235294117645], ["validate '", 4.057283950617284], ["instrument amortization", 4.054905490549055], ["event dashboard", 4.054241564175339], ["process setup", 4.050959860383944], ["error sequence", 4.044776119402985], ["error occur", 4.044776119402985], ["error throw", 4.044776119402985], ["http 200 error", 4.044776119402985], ["throw error", 4.044776119402985], ["invoice revenue", 4.040592783505154], ["term subtotal", 4.0344827586206895], ["eligible datum", 4.029051987767584], ["common code", 4.027777777777778], ["search account", 4.027777777777778], ["verify trust", 4.009916094584287], ["bastien escaich", 4.0], ["ariel gonzalez", 4.0], ["papus koulibaly", 4.0], ["malena bermudez", 4.0], ["james coyle", 4.0], ["satya tumati", 4.0], ["jon pocock", 4.0], ["praveen vijay", 4.0], ["james zhu", 4.0], ["alap bhavsar", 4.0], ["chanakyudu ravuri", 4.0], ["sekhar korimilli", 4.0], ["hardik patel", 4.0], ["boc api", 4.0], ["mabel tang", 4.0], ["jeanette cabingan", 4.0], ["special character", 4.0], ["parth mandalia", 4.0], ["task satya", 4.0], ["hotfix 2022r4", 4.0], ["bns ny", 4.0], ["cpr wal", 4.0], ["ba activity", 4.0], ["susel valdes", 4.0], ["aaron seaton", 4.0], ["evan knight", 4.0], ["yield subtotal", 4.0], ["monthly ave", 4.0], ["primary grouping", 4.0], ["col entry", 4.0], ["max length 12", 4.0], ["external synchronization", 4.0], ["approval framework", 4.0], ["interim df", 4.0], ["td specific", 4.0], ["shub rt", 4.0], ["joby james", 4.0], ["mazher uddin", 4.0], ["true fall", 4.0], ["special case", 4.0], ["true false", 4.0], ["15th month", 4.0], ["workflow-alternate workflow", 4.0], ["thousand separator", 4.0], ["choose proceed", 4.0], ["concentra df", 4.0], ["concurrency support", 4.0], ["execution level", 4.0], ["turstid efectivedate", 4.0], ["max 3000 character", 4.0], ["begin letter", 4.0], ["rmbsprogramloan calculation", 4.0], ["rmbsprogramloan calc", 4.0], ["cptraderfrinterestdetails consistent", 4.0], ["excel model", 4.0], ["lbc df", 4.0], ["convert char", 4.0], ["anand balashanmugam", 4.0], ["multiple scenario", 4.0], ["alberta central", 4.0], ["double count", 4.0], ["point post-consolidation", 4.0], ["validation issue", 3.998655913978495], ["column group", 3.996124031007752], ["row select", 3.995614035087719], ["deal create", 3.994871794871795], ["investor type", 3.9910813823857305], ["seperate process", 3.9842931937172774], ["finalize process", 3.9842931937172774], ["accounting matrix", 3.975], ["additional information", 3.966666666666667], ["subtotal discount", 3.9545454545454546], ["entity type", 3.9534381745297567], ["instrument type", 3.9271057540536667], ["verify instrument", 3.922529095014765], ["highlight red", 3.916666666666667], ["asset viewer", 3.916666666666667], ["table dbo", 3.9166666666666665], ["accounting fixe", 3.9134615384615383], ["select province", 3.912280701754386], ["province select", 3.912280701754386], ["dev estimate", 3.912087912087912], ["total face", 3.9104761904761904], ["115320 add log", 3.897560975609756], ["add instrument", 3.879739193431538], ["trust list", 3.8695652173913047], ["deal administration", 3.8615384615384616], ["verify face", 3.8603508771929826], ["total cad", 3.8571428571428577], ["error log", 3.844776119402985], ["amp prod", 3.833333333333333], ["code review 111319", 3.8215922107674682], ["code review 111345", 3.8215922107674682], ["code review 111407", 3.8215922107674682], ["code review 111452", 3.8215922107674682], ["code review 111755", 3.8215922107674682], ["code review 111973", 3.8215922107674682], ["111766 code review", 3.8215922107674682], ["111997 code review", 3.8215922107674682], ["code review 110576", 3.8215922107674682], ["code review 112071", 3.8215922107674682], ["code review 111326", 3.8215922107674682], ["code review 111248", 3.8215922107674682], ["code review 111270", 3.8215922107674682], ["code review 111486", 3.8215922107674682], ["code review 112219", 3.8215922107674682], ["code review 112079", 3.8215922107674682], ["code review 112418", 3.8215922107674682], ["code review 112760", 3.8215922107674682], ["code review 112394", 3.8215922107674682], ["code review 112395", 3.8215922107674682], ["code review 113712", 3.8215922107674682], ["code review 84825", 3.8215922107674682], ["code review 112537", 3.8215922107674682], ["code review 109553", 3.8215922107674682], ["code review 113358", 3.8215922107674682], ["code review 113673", 3.8215922107674682], ["code review 114235", 3.8215922107674682], ["code review", 3.8215922107674682], ["code review 114606", 3.8215922107674682], ["review code", 3.8215922107674682], ["code review 114718", 3.8215922107674682], ["code review 134468", 3.8215922107674682], ["instrument general", 3.8206397562833203], ["field object", 3.8167096061832906], ["user select", 3.815058479532164], ["select user", 3.815058479532164], ["mandate entity", 3.8085106382978724], ["entity creation", 3.8085106382978724], ["precision file", 3.8011363636363638], ["review case", 3.7938144329896906], ["user1 create", 3.783333333333333], ["save instrument", 3.782178217821782], ["subtotal face", 3.7199999999999998], ["verify user", 3.7097953216374266], ["low ui", 3.6875], ["validate field", 3.677762237762238], ["precision field", 3.675262237762238], ["user add", 3.667005420054201], ["high priority", 3.666666666666667], ["investor entity", 3.6546644844517187], ["verify par", 3.6403508771929824], ["verify ticket", 3.6403508771929824], ["user enter", 3.5694444444444446], ["create instrument", 3.5655115511551156], ["bug jira 430", 3.5441176470588234], ["validate invoice", 3.5430927835051547], ["automate ticket", 3.5], ["reverse reverseposted", 3.5], ["auto-match tolerance", 3.5], ["purchaser drop-down", 3.5], ["n-tier scenario", 3.5], ["pdd cleanup", 3.5], ["client potentially", 3.4545454545454546], ["pbi drive", 3.4545454545454546], ["pbi 82519 2021r2", 3.4545454545454546], ["validate compliance", 3.44], ["utilization seller", 3.428571428571429], ["round update", 3.421951219512195], ["cmb create", 3.412962962962963], ["tdsi day 2", 3.387440426128399], ["code check-in", 3.3611111111111107], ["user create", 3.352777777777778], ["reseed insert", 3.333333333333333], ["clean part 3", 3.333333333333333], ["cmb administration", 3.2796296296296292], ["core add", 3.279379157427938], ["core trunk", 3.1818181818181817], ["shub core", 3.1818181818181817], ["remove clr", 3.166666666666667], ["check digit", 3.125], ["user refresh", 3.0694444444444446], ["tdsi production", 3.045977011494253], ["2022 pool", 2.86046511627907], ["record show", 2.833333333333333], ["miss", 2.7777777777777777], ["engine", 2.7444444444444445], ["template", 2.7419354838709675], ["period", 2.7142857142857144], ["cof", 2.6595744680851063], ["configuration", 2.652173913043478], ["rate", 2.643835616438356], ["precision 13 scale", 2.6375], ["populate", 2.588235294117647], ["tab", 2.576923076923077], ["benchmark", 2.5714285714285716], ["mandatory", 2.5714285714285716], ["development", 2.5625], ["paper", 2.5588235294117645], ["fixe", 2.5384615384615383], ["display", 2.537037037037037], ["interest", 2.5245901639344264], ["configure", 2.5], ["date", 2.5], ["source", 2.5], ["remittance", 2.5], ["coupon", 2.4545454545454546], ["report", 2.453846153846154], ["change", 2.4516129032258065], ["transaction", 2.4444444444444446], ["> 999999999", 2.4285714285714284], ["expense", 2.4210526315789473], ["script", 2.4], ["cptrades", 2.4], ["datum", 2.3623853211009176], ["option", 2.3529411764705883], ["31 day", 2.341463414634146], ["day", 2.341463414634146], ["program", 2.3376623376623376], ["difference", 2.3333333333333335], ["element", 2.3333333333333335], ["null", 2.3333333333333335], ["cpdeals", 2.3333333333333335], ["journal", 2.3068181818181817], ["outstand", 2.3], ["bug 144178", 2.2941176470588234], ["issue", 2.2903225806451615], ["bmo", 2.289473684210526], ["class", 2.263157894736842], ["cumulative", 2.260869565217391], ["adjustment", 2.25], ["posting", 2.25], ["select", 2.245614035087719], ["field", 2.237762237762238], ["trade", 2.230088495575221], ["/ 380", 2.2142857142857144], ["141817 / 143561", 2.2142857142857144], ["deal", 2.2115384615384617], ["view", 2.210526315789474], ["formula", 2.2058823529411766], ["fix", 2.2], ["money", 2.2], ["total", 2.1904761904761907], ["currency", 2.1904761904761907], ["system", 2.176470588235294], ["column", 2.1627906976744184], ["3 column", 2.1627906976744184], ["duplicate", 2.1538461538461537], ["job", 2.1538461538461537], ["delete", 2.1470588235294117], ["type", 2.1449275362318843], ["verify", 2.1403508771929824], ["table", 2.138888888888889], ["calculate", 2.125], ["post", 2.125], ["advance", 2.125], ["update", 2.1219512195121952], ["spread", 2.111111111111111], ["invoice", 2.1030927835051547], ["109555 add 2", 2.097560975609756], ["add", 2.097560975609756], ["114469 add", 2.097560975609756], ["sort", 2.090909090909091], ["additional", 2.066666666666667], ["error", 2.044776119402985], ["general", 2.0384615384615383], ["term", 2.0344827586206895], ["workflow 8", 2.0], ["entry", 2.0], ["bankflow", 2.0], ["finalize", 2.0], ["yield", 2.0], ["usd", 2.0], ["limit", 2.0], ["increase", 2.0], ["decrease", 2.0], ["ensure", 2.0], ["api", 2.0], ["approver", 2.0], ["default", 2.0], ["exist", 2.0], ["enter", 2.0], ["enable", 2.0], ["save", 2.0], ["cleanup", 2.0], ["handle", 2.0], ["134900 handle", 2.0], ["reverse", 2.0], ["present", 2.0], ["shub", 2.0], ["boolean", 2.0], ["model", 2.0], ["calculation", 2.0], ["month", 2.0], ["gettrustliabilityvalue", 2.0], ["cptradeinterestdetails", 2.0], ["schedule", 2.0], ["process", 1.9842931937172774], ["discount", 1.9545454545454546], ["revenue", 1.9375], ["red", 1.9166666666666667], ["account", 1.9166666666666667], ["sell", 1.9166666666666667], ["asset", 1.9166666666666667], ["information", 1.9], ["exago", 1.8888888888888888], ["trust", 1.8695652173913044], ["investor", 1.8461538461538463], ["group", 1.8333333333333333], ["amp", 1.8333333333333333], ["entity", 1.8085106382978724], ["log", 1.8], ["result", 1.8], ["111167 review", 1.7938144329896908], ["111155 review", 1.7938144329896908], ["111170 review", 1.7938144329896908], ["111172 review", 1.7938144329896908], ["90049 review", 1.7938144329896908], ["111269 review", 1.7938144329896908], ["111289 review", 1.7938144329896908], ["review", 1.7938144329896908], ["review 134468", 1.7938144329896908], ["create", 1.7833333333333334], ["instrument", 1.7821782178217822], ["dbo", 1.7777777777777777], ["estimate", 1.7692307692307692], ["row", 1.75], ["face", 1.72], ["validation", 1.7083333333333333], ["terminate", 1.6666666666666667], ["eligible", 1.6666666666666667], ["cad", 1.6666666666666667], ["exercise", 1.6666666666666667], ["purge", 1.6666666666666667], ["province", 1.6666666666666667], ["administration", 1.65], ["cmb", 1.6296296296296295], ["check", 1.625], ["object", 1.5789473684210527], ["grid", 1.5714285714285714], ["user", 1.5694444444444444], ["121386 user", 1.5694444444444444], ["n-tier", 1.5], ["par", 1.5], ["tolerance", 1.5], ["ticket", 1.5], ["sh_tdsi", 1.5], ["digit", 1.5], ["property", 1.5], ["show", 1.5], ["purchaser", 1.5], ["refresh", 1.5], ["reverseposted", 1.5], ["expect", 1.5], ["pdd", 1.5], ["pbi 108597", 1.4545454545454546], ["pbi 115005", 1.4545454545454546], ["pbi 115730", 1.4545454545454546], ["pbi 116586", 1.4545454545454546], ["client", 1.4545454545454546], ["pbi 83079", 1.4545454545454546], ["pbi 84005", 1.4545454545454546], ["pbi 85677", 1.4545454545454546], ["pbi 95969", 1.4545454545454546], ["pbi 97446", 1.4545454545454546], ["validate", 1.44], ["precision", 1.4375], ["utilization", 1.4285714285714286], ["high", 1.4166666666666667], ["accounting", 1.375], ["price", 1.3636363636363635], ["check-in 110585", 1.3333333333333333], ["version 2", 1.3333333333333333], ["part 2", 1.3333333333333333], ["record", 1.3333333333333333], ["insert", 1.3333333333333333], ["round", 1.3], ["jira 430", 1.25], ["jira 436", 1.25], ["jira 449", 1.25], ["analytics", 1.2222222222222223], ["19 scale", 1.2], ["11 scale", 1.2], ["low", 1.1875], ["core", 1.1818181818181819], ["remove", 1.1666666666666667], ["113706 remove", 1.1666666666666667], ["tdsi", 1.0459770114942528], ["byextendedproperty", 1.0], ["prevent", 1.0], ["111171 reviev", 1.0], ["asgsh 427", 1.0], ["happen", 1.0], ["asgsh-275", 1.0], ["asgsh 266", 1.0], ["asgsh-417", 1.0], ["expe", 1.0], ["hierarchy", 1.0], ["cof_accrual", 1.0], ["fees_accrual", 1.0], ["asgsh 413", 1.0], ["clear", 1.0], ["filter-portfolio", 1.0], ["ahead", 1.0], ["cpinvoiceprograms", 1.0], ["requirement", 1.0], ["asgsh 485", 1.0], ["d_inceptiondate", 1.0], ["tds", 1.0], ["asgsh 479", 1.0], ["asgsh 490", 1.0], ["asgsh-504", 1.0], ["cpinvestment", 1.0], ["asgsh 505", 1.0], ["asgsh 506", 1.0], ["tsx", 1.0], ["pr 6", 1.0], ["revise", 1.0], ["leasespark", 1.0], ["asgsh 498", 1.0], ["114129 remap", 1.0], ["bug-114077", 1.0], ["asgsh 497", 1.0], ["2022r1", 1.0], ["invoicetypes", 1.0], ["med", 1.0], ["counterparty", 1.0], ["prompt", 1.0], ["green", 1.0], ["nbc", 1.0], ["recoupon", 1.0], ["shub-329", 1.0], ["moodys", 1.0], ["waterfall", 1.0], ["sit-shub-321", 1.0], ["shub-328", 1.0], ["rbccm", 1.0], ["wgt", 1.0], ["hold", 1.0], ["stretch", 1.0], ["shub-330", 1.0], ["i_renewedfrom", 1.0], ["criterion", 1.0], ["flexible", 1.0], ["obligor", 1.0], ["section 11", 1.0], ["investigation", 1.0], ["avg", 1.0], ["hardcode", 1.0], ["buytotal", 1.0], ["fulltc", 1.0], ["postingevents", 1.0], ["user2", 1.0], ["mortgage", 1.0], ["tbd", 1.0], ["acri", 1.0], ["ucri", 1.0], ["ncri", 1.0], ["great 0", 1.0], ["int", 1.0], ["3 great", 1.0], ["phase 3", 1.0], ["noncallable", 1.0], ["july 2022", 1.0], ["mapping", 1.0], ["22r1", 1.0], ["shub-rt", 1.0], ["low-ui", 1.0], ["wnzl", 1.0], ["parameter", 1.0], ["behavior", 1.0], ["referencedate", 1.0], ["outsandingprincipalbalance", 1.0], ["shub-357", 1.0], ["asgsh-560", 1.0], ["byinstrument", 1.0], ["classnote", 1.0], ["feature 114662", 1.0], ["divide", 1.0], ["aug 2022", 1.0], ["shub-358", 1.0], ["dpb", 1.0], ["confirmation", 1.0], ["comment", 1.0], ["premium", 1.0], ["amendable", 1.0], ["form", 1.0], ["tbs", 1.0], ["$425", 1.0], ["deferredprincipal", 1.0], ["minvalue", 1.0], ["maxvalue", 1.0], ["deferredinterest", 1.0], ["integer", 1.0], ["0-366", 1.0], ["inclusive", 1.0], ["checkbox", 1.0], ["uncheck", 1.0], ["unreserved", 1.0], ["cmhc 2834", 1.0], ["d_rateeffectivedate", 1.0], ["indexratedetails", 1.0], ["exceed 99", 1.0], ["uat-shub-359", 1.0], ["reclass", 1.0], ["multiply 100", 1.0], ["shub-368", 1.0], ["shub-366", 1.0], ["shub-367", 1.0], ["shub-365", 1.0], ["bug-134392", 1.0], ["shub-360", 1.0], ["shub-361", 1.0], ["shub-363", 1.0], ["shub-369", 1.0], ["resolve", 1.0], ["shub-372", 1.0], ["shub-373", 1.0], ["premiumamortization", 1.0], ["shub-362", 1.0], ["find", 1.0], ["shub-383", 1.0], ["codereview", 1.0], ["bug-134812", 1.0], ["crud", 1.0], ["linc3tmr-5238", 1.0], ["eqb", 1.0], ["shub-371", 1.0], ["startdate", 1.0], ["enddate", 1.0], ["queryoption", 1.0], ["pbi-121598", 1.0], ["approx", 1.0], ["line", 1.0], ["createdate", 1.0], ["mh_baml", 1.0], ["mh_merrill", 1.0], ["owner", 1.0], ["cpinvoice", 1.0], ["shub-404", 1.0], ["incorrect", 1.0], ["shub-424", 1.0], ["uni", 1.0], ["calculationperiod_end", 1.0], ["dup 141681", 1.0], ["positive", 1.0], ["bycollateralloanallocation", 1.0], ["manufacturer", 1.0], ["shub-414", 1.0], ["bug-141735", 1.0], ["simple", 1.0], ["persist", 1.0], ["ar73", 1.0], ["tech", 1.0], ["141600 nwarlop_shub_140613_hotfix", 1.0], ["shub-427", 1.0], ["pbi-140037", 1.0], ["shub-442", 1.0], ["shub-446", 1.0], ["shub-447", 1.0], ["reportsettlementinvoice5", 1.0], ["priorperiod", 1.0], ["appendix", 1.0], ["shub-477 478", 1.0], ["config", 1.0], ["shub-482", 1.0], ["111760", 0], ["002", 0], ["113016", 0], ["113283", 0], ["2834", 0], ["113806", 0], ["114538", 0], ["115641", 0], ["116736", 0], ["999", 0], ["9999999999 999", 0], ["9999999999", 0], ["00 999", 0], ["116689", 0], ["560", 0], ["120833", 0], ["121624", 0], ["015", 0], ["000", 0], ["9999", 0], ["9999 99", 0], ["134367", 0], ["5000", 0], ["2022", 0], ["115701", 0], ["120812", 0]]}}}