{"task": "extract_topic_keywords", "client_id": "azure-taosolutions", "status": "Success", "result": {"topic_id": {"0": 40}, "topic_keywords": {"0": [["process process grid", 9.0], ["mandatory field default", 9.0], ["tooltip display '", 9.0], ["month term set", 9.0], ["override price price", 9.0], ["month remittance state", 9.0], ["mandatory field external", 9.0], ["remove check adjustedstartdate", 9.0], ["initial purchase external", 9.0], ["sale day internal", 9.0], ["correct cashflows generate", 9.0], ["sale day external", 9.0], ["process job scheduler", 8.5], ["administration job scheduler", 8.5], ["update process rerun", 8.5], ["program loan process", 8.333333333333334], ["pool compliant freeze", 8.03125], ["pool fee upload", 8.03125], ["sync compliance validate", 8.0], ["editable replica pool", 7.53125], ["pool select warning", 7.364583333333334], ["user change price", 7.2], ["pool select status", 6.614583333333334], ["status update", 4.75], ["replica pool", 4.53125], ["job definition", 4.5], ["status change", 4.45], ["loan cfs", 4.333333333333334], ["status blank", 4.25], ["pool management", 4.03125], ["party pool", 4.03125], ["opti pool", 4.03125], ["user account", 4.0], ["user role", 4.0], ["shub rt", 4.0], ["maturity date", 4.0], ["back bold", 4.0], ["cmb cmb", 4.0], ["size read", 4.0], ["calculate action", 4.0], ["amount remains", 4.0], ["en fr", 4.0], ["coupon button", 4.0], ["accrual post", 4.0], ["partial ownership", 4.0], ["perform finalize", 4.0], ["pool type", 3.93125], ["product type", 3.9], ["type read", 3.9], ["type ready", 3.9], ["application timeout", 3.833333333333333], ["tpp add", 3.833333333333333], ["tpp screen", 3.833333333333333], ["floating-cdor tpp", 3.833333333333333], ["open pool", 3.65625], ["/ open", 3.625], ["closing save", 3.0], ["select", 2.3333333333333335], ["change", 2.2], ["pool", 2.03125], ["user", 2.0], ["validate", 2.0], ["type", 1.9], ["type 16", 1.9], ["timeout", 1.8333333333333333], ["tpp", 1.8333333333333333], ["open", 1.625], ["closing", 1.5], ["save", 1.5], ["introduce", 1.0], ["nesto", 1.0], ["tab", 1.0], ["fulltc", 1.0], ["opti-pool", 1.0], ["low", 1.0], ["create", 1.0], ["group", 1.0], ["static", 1.0], ["summary", 1.0], ["secure", 1.0], ["minute", 1.0], ["complete", 1.0], ["error", 1.0], ["step", 1.0], ["minimum", 1.0], ["form", 1.0], ["confirmation", 1.0], ["adjustedenddate", 1.0]]}}}