{"task": "extract_topic_keywords", "client_id": "azure-taosolutions", "status": "Success", "result": {"topic_id": {"0": 46}, "topic_keywords": {"0": [["process manual journal", 9.0], ["screen mark dirty", 9.0], ["process job scheduler", 8.5], ["category mark dirty", 8.5], ["run report loanborrowers", 8.5], ["rmbs liability report", 8.5], ["file path field", 8.333333333333334], ["enable field change", 8.0], ["cancel search process", 8.0], ["item category change", 7.833333333333332], ["user update override", 7.823529411764706], ["administration job scheduler", 7.0], ["item change", 5.333333333333333], ["change make", 4.666666666666666], ["job definition", 4.5], ["cancel accept", 4.5], ["execute search", 4.5], ["report permission", 4.5], ["system setup", 4.0], ["security policy", 4.0], ["personal info", 4.0], ["save option", 4.0], ["password expiration", 4.0], ["select batch", 4.0], ["window pop", 4.0], ["workflow-task overview", 4.0], ["column list", 4.0], ["password policy", 4.0], ["user account", 3.8235294117647056], ["user role", 3.8235294117647056], ["workflow-alternate workflow", 3.8], ["workflow-standard workflow", 3.8], ["tile sort", 3.666666666666667], ["tile filter", 3.666666666666667], ["category", 2.5], ["field", 2.3333333333333335], ["user", 1.8235294117647058], ["workflow", 1.8], ["tile", 1.6666666666666667], ["administration", 1.5], ["core", 1.0], ["day", 1.0], ["close", 1.0], ["reload", 1.0], ["confirmation", 1.0], ["long", 1.0], ["grouping", 1.0], ["summary", 1.0], ["time", 1.0], ["corner", 1.0], ["delete", 1.0], ["current", 1.0], ["verify", 1.0], ["bug 111156", 1.0]]}}}