{"task": "extract_topic_keywords", "client_id": "azure-taosolutions", "status": "Success", "result": {"topic_id": {"0": 63}, "topic_keywords": {"0": [["administration holiday calendar", 9.0], ["enforce security policy", 9.0], ["process job scheduler", 9.0], ["job definition scheduler", 9.0], ["legal action =", 9.0], ["legal action date", 9.0], ["current remittance period", 9.0], ["update exist calendar", 9.0], ["cusip isin enter", 9.0], ["engine process manager", 9.0], ["settlement-report templates-delete exist", 9.0], ["administration job scheduler", 9.0], ["processes- job scheduler", 9.0], ["settlement-report templates-delete template", 8.785714285714285], ["loan search template", 8.603896103896105], ["cmhc number enter", 8.35], ["delete search template", 8.318181818181818], ["require form finalize", 6.666666666666667], ["search template", 5.603896103896104], ["cmhc number", 5.35], ["load template", 4.785714285714286], ["delete pt", 4.714285714285714], ["cmhc approve", 4.6], ["save unpopulate", 4.0], ["workflow-alternate workflow", 4.0], ["2824 extract submit", 4.0], ["user account", 3.428571428571429], ["user lock", 3.428571428571429], ["2812 require", 2.0], ["2812 finalize", 1.6666666666666667], ["user", 1.4285714285714286], ["fulltc", 1.0]]}}}