{"task": "generate_topics_visualization", "client_id": "azure-taosolutions", "status": "Success", "result": "{\"data\":[{\"customdata\":[[0,\"file | report | upload | loan | amp\",6871],[1,\"cp | trade | tdsi | review | deal\",6494],[2,\"credit | deal | dealsdeal | condition | document\",5949],[3,\"transaction | payment | payout | funding | scenario\",4870],[4,\"quotespricing | payment | applicationsapplication | verify | enter\",3711],[5,\"contactscontact | verify | dropdown | accountsaccount | vendorsvendor\",3486],[6,\"statement | financial | child | instruction | sheet\",3244],[7,\"analytics | report | job | scheduler | folder\",3241],[8,\"mbs | nha | pool | construction | management\",2832],[9,\"collateral | dealscollateral | visibility | share | verify\",2388],[10,\"asset | tab | borrower | validate | viewer\",2309],[11,\"sale | browser | sales | pdf | search\",2064],[12,\"bulk | sale | pool | form | management\",1872],[13,\"search | result | set | criterion | sort\",1693],[14,\"asset | mortgage | viewer | formula | engine\",1671],[15,\"datum | feed | file | import | interface\",1536],[16,\"instruction | contactspayment | accountspayment | card | save\",1519],[17,\"broker | insurance | brokersbroker | industry | portal\",1482],[18,\"role | password | login | user | audit\",1403],[19,\"api | id | cptrades | holiday | calendar\",1340],[20,\"journal | manual | process | template | new\",1269],[21,\"header | filter | certain | column | contain\",1232],[22,\"risk | rating | template | facility | pal\",1061],[23,\"notification | event | trigger | receive | inapp\",994],[24,\"matrix | esignature | configurationaccounting | accounting | package\",962],[25,\"cmb | exchangerates | reinvestment | exchange | notificationsnotification\",813],[26,\"riskfreerates | pricing | country | policy | provide\",751],[27,\"marketdata | v2 | id | apiv2 | request\",714],[28,\"issuance | statistic | effective | price | cht\",707],[29,\"dev | estimate | design | task | 121430\",695],[30,\"deny | permission | pend | approval | user\",671],[31,\"cmhc | work | format | dialog | verification\",649],[32,\"invoice | preferencesinvoice | preference | accountsaccount | cancellation\",639],[33,\"test | instrument | system | login | card\",623],[34,\"gap | analysis | gl | account | holder\",613],[35,\"exchange | configurationexchange | rate | source | currency\",611],[36,\"tooltips | criterion | test | maximum | avg\",585],[37,\"task | 2812 | form | workflow | pass\",569],[38,\"margin | definition | asset | adjustment | export\",567],[39,\"amortization | model | bank | beneficiary | pool\",567],[40,\"pool | collapse | third | party | remittance\",559],[41,\"depreciation | schedulesdepreciation | schedule | code | 2822\",556],[42,\"constructionformsform | job | cmb | managementnha | recipient\",541],[43,\"remittance | bulk | pool | reference | tranche\",525],[44,\"configurationcca | depreciation | year | 99999999999999 | 999\",502],[45,\"behavior | mortgage | loan | history | validation\",500],[46,\"policy | enforce | security | setting | expect\",493],[47,\"tile | history | mortgage | viewer | export\",491],[48,\"report | tape | rmbs | op | sales\",490],[49,\"additional | rule | task | bowneroccupied | gst\",469],[50,\"fee | result | include | pool | amt\",461],[51,\"purchase | owner | policy | funding | instruction\",454],[52,\"closing | marker | without | mhub | process\",448],[53,\"test | estimate | replica | process | statistic\",401],[54,\"cover | bond | program | period | current\",391],[55,\"english | grammatical | pagination | sample | type\",359],[56,\"tooltips | test | mandatory | tooltip | general\",357],[57,\"impp2020 | cmb | advice | transfer | address\",345],[58,\"path | automation | exceed | tab | ui\",324],[59,\"qa | pdf | active | estimate | report\",322],[60,\"cmb | nha | reinvestment | mbs | user1\",319],[61,\"tds | asset | settlement | dev | tab\",266],[62,\"holderregion | settlementreport | tip | next | engine\",253],[63,\"legal | action | liquidate | remittance | fieldfield\",217]],\"hovertemplate\":\"<b>Topic %{customdata[0]}</b><br>Words: %{customdata[1]}<br>Size: %{customdata[2]}\",\"legendgroup\":\"\",\"marker\":{\"color\":\"#B0BEC5\",\"size\":[6871,6494,5949,4870,3711,3486,3244,3241,2832,2388,2309,2064,1872,1693,1671,1536,1519,1482,1403,1340,1269,1232,1061,994,962,813,751,714,707,695,671,649,639,623,613,611,585,569,567,567,559,556,541,525,502,500,493,491,490,469,461,454,448,401,391,359,357,345,324,322,319,266,253,217],\"sizemode\":\"area\",\"sizeref\":4.294375,\"symbol\":\"circle\",\"line\":{\"color\":\"DarkSlateGrey\",\"width\":2}},\"mode\":\"markers\",\"name\":\"\",\"orientation\":\"v\",\"showlegend\":false,\"x\":[17.729511260986328,17.79268455505371,21.259925842285156,3.120919942855835,3.067944049835205,21.381261825561523,10.79348373413086,4.01798152923584,8.21823501586914,21.587602615356445,3.0118534564971924,3.519662618637085,8.296123504638672,8.80853271484375,8.923810005187988,3.93697190284729,11.310959815979004,21.661231994628906,3.842413902282715,10.561942100524902,4.352806091308594,8.551932334899902,4.224281311035156,4.480201721191406,-10.625018119812012,-10.707891464233398,10.44986629486084,10.604171752929688,11.090258598327637,-7.776534080505371,2.2323436737060547,3.055304765701294,1.400922417640686,10.836339950561523,11.433277130126953,1.967647910118103,10.672080039978027,-7.733487129211426,-3.630345582962036,1.6420756578445435,8.08098316192627,-11.020423889160156,3.8131093978881836,1.7167490720748901,-10.912881851196289,1.597846508026123,-4.0164947509765625,3.655566930770874,3.66676664352417,-3.8674681186676025,3.1159586906433105,4.429484844207764,-3.7334673404693604,4.081948280334473,1.7680696249008179,-4.055510997772217,10.546475410461426,-0.9143075942993164,-15.4886474609375,-0.9142880439758301,-15.488872528076172,-15.488887786865234,10.483190536499023,-7.88560676574707],\"xaxis\":\"x\",\"y\":[5.715422630310059,5.776500225067139,9.48230266571045,0.848398745059967,0.7509905695915222,9.361719131469727,-3.199843406677246,-2.3473024368286133,17.144426345825195,9.15583324432373,0.33618807792663574,-1.9504133462905884,17.222305297851562,17.733570098876953,17.848575592041016,-1.7801474332809448,-3.354982614517212,9.084171295166016,-1.7133779525756836,-2.555438995361328,-1.8622715473175049,17.47776985168457,-2.0854337215423584,-1.4143201112747192,4.02432107925415,3.9415788650512695,-2.4224674701690674,-2.525416851043701,-2.95615553855896,6.6647047996521,-2.3294482231140137,0.0577666275203228,-2.530320167541504,-3.1735756397247314,-3.524179458618164,-3.218169689178467,-3.706679105758667,6.707871913909912,-1.736521601676941,-2.5795865058898926,17.007131576538086,3.6288363933563232,-2.66456937789917,-2.672193765640259,3.736581325531006,-2.442370891571045,-1.356290340423584,-2.3141281604766846,-1.8753482103347778,-1.5038025379180908,-2.153240203857422,-1.4874801635742188,-1.6357369422912598,-2.0887696743011475,-2.9943032264709473,-1.3163769245147705,-3.853689670562744,14.867131233215332,1.6204700469970703,14.867363929748535,1.6203252077102661,1.620314121246338,-3.1374590396881104,6.555644512176514],\"yaxis\":\"y\",\"type\":\"scatter\"}],\"layout\":{\"template\":{\"data\":{\"barpolar\":[{\"marker\":{\"line\":{\"color\":\"white\",\"width\":0.5},\"pattern\":{\"fillmode\":\"overlay\",\"size\":10,\"solidity\":0.2}},\"type\":\"barpolar\"}],\"bar\":[{\"error_x\":{\"color\":\"rgb(36,36,36)\"},\"error_y\":{\"color\":\"rgb(36,36,36)\"},\"marker\":{\"line\":{\"color\":\"white\",\"width\":0.5},\"pattern\":{\"fillmode\":\"overlay\",\"size\":10,\"solidity\":0.2}},\"type\":\"bar\"}],\"carpet\":[{\"aaxis\":{\"endlinecolor\":\"rgb(36,36,36)\",\"gridcolor\":\"white\",\"linecolor\":\"white\",\"minorgridcolor\":\"white\",\"startlinecolor\":\"rgb(36,36,36)\"},\"baxis\":{\"endlinecolor\":\"rgb(36,36,36)\",\"gridcolor\":\"white\",\"linecolor\":\"white\",\"minorgridcolor\":\"white\",\"startlinecolor\":\"rgb(36,36,36)\"},\"type\":\"carpet\"}],\"choropleth\":[{\"colorbar\":{\"outlinewidth\":1,\"tickcolor\":\"rgb(36,36,36)\",\"ticks\":\"outside\"},\"type\":\"choropleth\"}],\"contourcarpet\":[{\"colorbar\":{\"outlinewidth\":1,\"tickcolor\":\"rgb(36,36,36)\",\"ticks\":\"outside\"},\"type\":\"contourcarpet\"}],\"contour\":[{\"colorbar\":{\"outlinewidth\":1,\"tickcolor\":\"rgb(36,36,36)\",\"ticks\":\"outside\"},\"colorscale\":[[0.0,\"#440154\"],[0.1111111111111111,\"#482878\"],[0.2222222222222222,\"#3e4989\"],[0.3333333333333333,\"#31688e\"],[0.4444444444444444,\"#26828e\"],[0.5555555555555556,\"#1f9e89\"],[0.6666666666666666,\"#35b779\"],[0.7777777777777778,\"#6ece58\"],[0.8888888888888888,\"#b5de2b\"],[1.0,\"#fde725\"]],\"type\":\"contour\"}],\"heatmapgl\":[{\"colorbar\":{\"outlinewidth\":1,\"tickcolor\":\"rgb(36,36,36)\",\"ticks\":\"outside\"},\"colorscale\":[[0.0,\"#440154\"],[0.1111111111111111,\"#482878\"],[0.2222222222222222,\"#3e4989\"],[0.3333333333333333,\"#31688e\"],[0.4444444444444444,\"#26828e\"],[0.5555555555555556,\"#1f9e89\"],[0.6666666666666666,\"#35b779\"],[0.7777777777777778,\"#6ece58\"],[0.8888888888888888,\"#b5de2b\"],[1.0,\"#fde725\"]],\"type\":\"heatmapgl\"}],\"heatmap\":[{\"colorbar\":{\"outlinewidth\":1,\"tickcolor\":\"rgb(36,36,36)\",\"ticks\":\"outside\"},\"colorscale\":[[0.0,\"#440154\"],[0.1111111111111111,\"#482878\"],[0.2222222222222222,\"#3e4989\"],[0.3333333333333333,\"#31688e\"],[0.4444444444444444,\"#26828e\"],[0.5555555555555556,\"#1f9e89\"],[0.6666666666666666,\"#35b779\"],[0.7777777777777778,\"#6ece58\"],[0.8888888888888888,\"#b5de2b\"],[1.0,\"#fde725\"]],\"type\":\"heatmap\"}],\"histogram2dcontour\":[{\"colorbar\":{\"outlinewidth\":1,\"tickcolor\":\"rgb(36,36,36)\",\"ticks\":\"outside\"},\"colorscale\":[[0.0,\"#440154\"],[0.1111111111111111,\"#482878\"],[0.2222222222222222,\"#3e4989\"],[0.3333333333333333,\"#31688e\"],[0.4444444444444444,\"#26828e\"],[0.5555555555555556,\"#1f9e89\"],[0.6666666666666666,\"#35b779\"],[0.7777777777777778,\"#6ece58\"],[0.8888888888888888,\"#b5de2b\"],[1.0,\"#fde725\"]],\"type\":\"histogram2dcontour\"}],\"histogram2d\":[{\"colorbar\":{\"outlinewidth\":1,\"tickcolor\":\"rgb(36,36,36)\",\"ticks\":\"outside\"},\"colorscale\":[[0.0,\"#440154\"],[0.1111111111111111,\"#482878\"],[0.2222222222222222,\"#3e4989\"],[0.3333333333333333,\"#31688e\"],[0.4444444444444444,\"#26828e\"],[0.5555555555555556,\"#1f9e89\"],[0.6666666666666666,\"#35b779\"],[0.7777777777777778,\"#6ece58\"],[0.8888888888888888,\"#b5de2b\"],[1.0,\"#fde725\"]],\"type\":\"histogram2d\"}],\"histogram\":[{\"marker\":{\"line\":{\"color\":\"white\",\"width\":0.6}},\"type\":\"histogram\"}],\"mesh3d\":[{\"colorbar\":{\"outlinewidth\":1,\"tickcolor\":\"rgb(36,36,36)\",\"ticks\":\"outside\"},\"type\":\"mesh3d\"}],\"parcoords\":[{\"line\":{\"colorbar\":{\"outlinewidth\":1,\"tickcolor\":\"rgb(36,36,36)\",\"ticks\":\"outside\"}},\"type\":\"parcoords\"}],\"pie\":[{\"automargin\":true,\"type\":\"pie\"}],\"scatter3d\":[{\"line\":{\"colorbar\":{\"outlinewidth\":1,\"tickcolor\":\"rgb(36,36,36)\",\"ticks\":\"outside\"}},\"marker\":{\"colorbar\":{\"outlinewidth\":1,\"tickcolor\":\"rgb(36,36,36)\",\"ticks\":\"outside\"}},\"type\":\"scatter3d\"}],\"scattercarpet\":[{\"marker\":{\"colorbar\":{\"outlinewidth\":1,\"tickcolor\":\"rgb(36,36,36)\",\"ticks\":\"outside\"}},\"type\":\"scattercarpet\"}],\"scattergeo\":[{\"marker\":{\"colorbar\":{\"outlinewidth\":1,\"tickcolor\":\"rgb(36,36,36)\",\"ticks\":\"outside\"}},\"type\":\"scattergeo\"}],\"scattergl\":[{\"marker\":{\"colorbar\":{\"outlinewidth\":1,\"tickcolor\":\"rgb(36,36,36)\",\"ticks\":\"outside\"}},\"type\":\"scattergl\"}],\"scattermapbox\":[{\"marker\":{\"colorbar\":{\"outlinewidth\":1,\"tickcolor\":\"rgb(36,36,36)\",\"ticks\":\"outside\"}},\"type\":\"scattermapbox\"}],\"scatterpolargl\":[{\"marker\":{\"colorbar\":{\"outlinewidth\":1,\"tickcolor\":\"rgb(36,36,36)\",\"ticks\":\"outside\"}},\"type\":\"scatterpolargl\"}],\"scatterpolar\":[{\"marker\":{\"colorbar\":{\"outlinewidth\":1,\"tickcolor\":\"rgb(36,36,36)\",\"ticks\":\"outside\"}},\"type\":\"scatterpolar\"}],\"scatter\":[{\"marker\":{\"colorbar\":{\"outlinewidth\":1,\"tickcolor\":\"rgb(36,36,36)\",\"ticks\":\"outside\"}},\"type\":\"scatter\"}],\"scatterternary\":[{\"marker\":{\"colorbar\":{\"outlinewidth\":1,\"tickcolor\":\"rgb(36,36,36)\",\"ticks\":\"outside\"}},\"type\":\"scatterternary\"}],\"surface\":[{\"colorbar\":{\"outlinewidth\":1,\"tickcolor\":\"rgb(36,36,36)\",\"ticks\":\"outside\"},\"colorscale\":[[0.0,\"#440154\"],[0.1111111111111111,\"#482878\"],[0.2222222222222222,\"#3e4989\"],[0.3333333333333333,\"#31688e\"],[0.4444444444444444,\"#26828e\"],[0.5555555555555556,\"#1f9e89\"],[0.6666666666666666,\"#35b779\"],[0.7777777777777778,\"#6ece58\"],[0.8888888888888888,\"#b5de2b\"],[1.0,\"#fde725\"]],\"type\":\"surface\"}],\"table\":[{\"cells\":{\"fill\":{\"color\":\"rgb(237,237,237)\"},\"line\":{\"color\":\"white\"}},\"header\":{\"fill\":{\"color\":\"rgb(217,217,217)\"},\"line\":{\"color\":\"white\"}},\"type\":\"table\"}]},\"layout\":{\"annotationdefaults\":{\"arrowhead\":0,\"arrowwidth\":1},\"autotypenumbers\":\"strict\",\"coloraxis\":{\"colorbar\":{\"outlinewidth\":1,\"tickcolor\":\"rgb(36,36,36)\",\"ticks\":\"outside\"}},\"colorscale\":{\"diverging\":[[0.0,\"rgb(103,0,31)\"],[0.1,\"rgb(178,24,43)\"],[0.2,\"rgb(214,96,77)\"],[0.3,\"rgb(244,165,130)\"],[0.4,\"rgb(253,219,199)\"],[0.5,\"rgb(247,247,247)\"],[0.6,\"rgb(209,229,240)\"],[0.7,\"rgb(146,197,222)\"],[0.8,\"rgb(67,147,195)\"],[0.9,\"rgb(33,102,172)\"],[1.0,\"rgb(5,48,97)\"]],\"sequential\":[[0.0,\"#440154\"],[0.1111111111111111,\"#482878\"],[0.2222222222222222,\"#3e4989\"],[0.3333333333333333,\"#31688e\"],[0.4444444444444444,\"#26828e\"],[0.5555555555555556,\"#1f9e89\"],[0.6666666666666666,\"#35b779\"],[0.7777777777777778,\"#6ece58\"],[0.8888888888888888,\"#b5de2b\"],[1.0,\"#fde725\"]],\"sequentialminus\":[[0.0,\"#440154\"],[0.1111111111111111,\"#482878\"],[0.2222222222222222,\"#3e4989\"],[0.3333333333333333,\"#31688e\"],[0.4444444444444444,\"#26828e\"],[0.5555555555555556,\"#1f9e89\"],[0.6666666666666666,\"#35b779\"],[0.7777777777777778,\"#6ece58\"],[0.8888888888888888,\"#b5de2b\"],[1.0,\"#fde725\"]]},\"colorway\":[\"#1F77B4\",\"#FF7F0E\",\"#2CA02C\",\"#D62728\",\"#9467BD\",\"#8C564B\",\"#E377C2\",\"#7F7F7F\",\"#BCBD22\",\"#17BECF\"],\"font\":{\"color\":\"rgb(36,36,36)\"},\"geo\":{\"bgcolor\":\"white\",\"lakecolor\":\"white\",\"landcolor\":\"white\",\"showlakes\":true,\"showland\":true,\"subunitcolor\":\"white\"},\"hoverlabel\":{\"align\":\"left\"},\"hovermode\":\"closest\",\"mapbox\":{\"style\":\"light\"},\"paper_bgcolor\":\"white\",\"plot_bgcolor\":\"white\",\"polar\":{\"angularaxis\":{\"gridcolor\":\"rgb(232,232,232)\",\"linecolor\":\"rgb(36,36,36)\",\"showgrid\":false,\"showline\":true,\"ticks\":\"outside\"},\"bgcolor\":\"white\",\"radialaxis\":{\"gridcolor\":\"rgb(232,232,232)\",\"linecolor\":\"rgb(36,36,36)\",\"showgrid\":false,\"showline\":true,\"ticks\":\"outside\"}},\"scene\":{\"xaxis\":{\"backgroundcolor\":\"white\",\"gridcolor\":\"rgb(232,232,232)\",\"gridwidth\":2,\"linecolor\":\"rgb(36,36,36)\",\"showbackground\":true,\"showgrid\":false,\"showline\":true,\"ticks\":\"outside\",\"zeroline\":false,\"zerolinecolor\":\"rgb(36,36,36)\"},\"yaxis\":{\"backgroundcolor\":\"white\",\"gridcolor\":\"rgb(232,232,232)\",\"gridwidth\":2,\"linecolor\":\"rgb(36,36,36)\",\"showbackground\":true,\"showgrid\":false,\"showline\":true,\"ticks\":\"outside\",\"zeroline\":false,\"zerolinecolor\":\"rgb(36,36,36)\"},\"zaxis\":{\"backgroundcolor\":\"white\",\"gridcolor\":\"rgb(232,232,232)\",\"gridwidth\":2,\"linecolor\":\"rgb(36,36,36)\",\"showbackground\":true,\"showgrid\":false,\"showline\":true,\"ticks\":\"outside\",\"zeroline\":false,\"zerolinecolor\":\"rgb(36,36,36)\"}},\"shapedefaults\":{\"fillcolor\":\"black\",\"line\":{\"width\":0},\"opacity\":0.3},\"ternary\":{\"aaxis\":{\"gridcolor\":\"rgb(232,232,232)\",\"linecolor\":\"rgb(36,36,36)\",\"showgrid\":false,\"showline\":true,\"ticks\":\"outside\"},\"baxis\":{\"gridcolor\":\"rgb(232,232,232)\",\"linecolor\":\"rgb(36,36,36)\",\"showgrid\":false,\"showline\":true,\"ticks\":\"outside\"},\"bgcolor\":\"white\",\"caxis\":{\"gridcolor\":\"rgb(232,232,232)\",\"linecolor\":\"rgb(36,36,36)\",\"showgrid\":false,\"showline\":true,\"ticks\":\"outside\"}},\"title\":{\"x\":0.05},\"xaxis\":{\"automargin\":true,\"gridcolor\":\"rgb(232,232,232)\",\"linecolor\":\"rgb(36,36,36)\",\"showgrid\":false,\"showline\":true,\"ticks\":\"outside\",\"title\":{\"standoff\":15},\"zeroline\":false,\"zerolinecolor\":\"rgb(36,36,36)\"},\"yaxis\":{\"automargin\":true,\"gridcolor\":\"rgb(232,232,232)\",\"linecolor\":\"rgb(36,36,36)\",\"showgrid\":false,\"showline\":true,\"ticks\":\"outside\",\"title\":{\"standoff\":15},\"zeroline\":false,\"zerolinecolor\":\"rgb(36,36,36)\"}}},\"xaxis\":{\"anchor\":\"y\",\"domain\":[0.0,1.0],\"title\":{\"text\":\"\"},\"visible\":false,\"range\":[-17.812220954895018,24.91041679382324]},\"yaxis\":{\"anchor\":\"x\",\"domain\":[0.0,1.0],\"title\":{\"text\":\"\"},\"visible\":false,\"range\":[-4.431743121147155,20.525861930847167]},\"legend\":{\"tracegroupgap\":0,\"itemsizing\":\"constant\"},\"margin\":{\"t\":60},\"title\":{\"font\":{\"size\":22,\"color\":\"Black\"},\"text\":\"<b>Intertopic Distance Map\",\"y\":0.95,\"x\":0.5,\"xanchor\":\"center\",\"yanchor\":\"top\"},\"hoverlabel\":{\"font\":{\"size\":16,\"family\":\"Rockwell\"},\"bgcolor\":\"white\"},\"width\":650,\"height\":650,\"sliders\":[{\"active\":0,\"pad\":{\"t\":50},\"steps\":[{\"args\":[{\"marker.color\":[[\"red\",\"#B0BEC5\",\"#B0BEC5\",\"#B0BEC5\",\"#B0BEC5\",\"#B0BEC5\",\"#B0BEC5\",\"#B0BEC5\",\"#B0BEC5\",\"#B0BEC5\",\"#B0BEC5\",\"#B0BEC5\",\"#B0BEC5\",\"#B0BEC5\",\"#B0BEC5\",\"#B0BEC5\",\"#B0BEC5\",\"#B0BEC5\",\"#B0BEC5\",\"#B0BEC5\",\"#B0BEC5\",\"#B0BEC5\",\"#B0BEC5\",\"#B0BEC5\",\"#B0BEC5\",\"#B0BEC5\",\"#B0BEC5\",\"#B0BEC5\",\"#B0BEC5\",\"#B0BEC5\",\"#B0BEC5\",\"#B0BEC5\",\"#B0BEC5\",\"#B0BEC5\",\"#B0BEC5\",\"#B0BEC5\",\"#B0BEC5\",\"#B0BEC5\",\"#B0BEC5\",\"#B0BEC5\",\"#B0BEC5\",\"#B0BEC5\",\"#B0BEC5\",\"#B0BEC5\",\"#B0BEC5\",\"#B0BEC5\",\"#B0BEC5\",\"#B0BEC5\",\"#B0BEC5\",\"#B0BEC5\",\"#B0BEC5\",\"#B0BEC5\",\"#B0BEC5\",\"#B0BEC5\",\"#B0BEC5\",\"#B0BEC5\",\"#B0BEC5\",\"#B0BEC5\",\"#B0BEC5\",\"#B0BEC5\",\"#B0BEC5\",\"#B0BEC5\",\"#B0BEC5\",\"#B0BEC5\"]]}],\"label\":\"Topic 0\",\"method\":\"update\"},{\"args\":[{\"marker.color\":[[\"#B0BEC5\",\"red\",\"#B0BEC5\",\"#B0BEC5\",\"#B0BEC5\",\"#B0BEC5\",\"#B0BEC5\",\"#B0BEC5\",\"#B0BEC5\",\"#B0BEC5\",\"#B0BEC5\",\"#B0BEC5\",\"#B0BEC5\",\"#B0BEC5\",\"#B0BEC5\",\"#B0BEC5\",\"#B0BEC5\",\"#B0BEC5\",\"#B0BEC5\",\"#B0BEC5\",\"#B0BEC5\",\"#B0BEC5\",\"#B0BEC5\",\"#B0BEC5\",\"#B0BEC5\",\"#B0BEC5\",\"#B0BEC5\",\"#B0BEC5\",\"#B0BEC5\",\"#B0BEC5\",\"#B0BEC5\",\"#B0BEC5\",\"#B0BEC5\",\"#B0BEC5\",\"#B0BEC5\",\"#B0BEC5\",\"#B0BEC5\",\"#B0BEC5\",\"#B0BEC5\",\"#B0BEC5\",\"#B0BEC5\",\"#B0BEC5\",\"#B0BEC5\",\"#B0BEC5\",\"#B0BEC5\",\"#B0BEC5\",\"#B0BEC5\",\"#B0BEC5\",\"#B0BEC5\",\"#B0BEC5\",\"#B0BEC5\",\"#B0BEC5\",\"#B0BEC5\",\"#B0BEC5\",\"#B0BEC5\",\"#B0BEC5\",\"#B0BEC5\",\"#B0BEC5\",\"#B0BEC5\",\"#B0BEC5\",\"#B0BEC5\",\"#B0BEC5\",\"#B0BEC5\",\"#B0BEC5\"]]}],\"label\":\"Topic 1\",\"method\":\"update\"},{\"args\":[{\"marker.color\":[[\"#B0BEC5\",\"#B0BEC5\",\"red\",\"#B0BEC5\",\"#B0BEC5\",\"#B0BEC5\",\"#B0BEC5\",\"#B0BEC5\",\"#B0BEC5\",\"#B0BEC5\",\"#B0BEC5\",\"#B0BEC5\",\"#B0BEC5\",\"#B0BEC5\",\"#B0BEC5\",\"#B0BEC5\",\"#B0BEC5\",\"#B0BEC5\",\"#B0BEC5\",\"#B0BEC5\",\"#B0BEC5\",\"#B0BEC5\",\"#B0BEC5\",\"#B0BEC5\",\"#B0BEC5\",\"#B0BEC5\",\"#B0BEC5\",\"#B0BEC5\",\"#B0BEC5\",\"#B0BEC5\",\"#B0BEC5\",\"#B0BEC5\",\"#B0BEC5\",\"#B0BEC5\",\"#B0BEC5\",\"#B0BEC5\",\"#B0BEC5\",\"#B0BEC5\",\"#B0BEC5\",\"#B0BEC5\",\"#B0BEC5\",\"#B0BEC5\",\"#B0BEC5\",\"#B0BEC5\",\"#B0BEC5\",\"#B0BEC5\",\"#B0BEC5\",\"#B0BEC5\",\"#B0BEC5\",\"#B0BEC5\",\"#B0BEC5\",\"#B0BEC5\",\"#B0BEC5\",\"#B0BEC5\",\"#B0BEC5\",\"#B0BEC5\",\"#B0BEC5\",\"#B0BEC5\",\"#B0BEC5\",\"#B0BEC5\",\"#B0BEC5\",\"#B0BEC5\",\"#B0BEC5\",\"#B0BEC5\"]]}],\"label\":\"Topic 2\",\"method\":\"update\"},{\"args\":[{\"marker.color\":[[\"#B0BEC5\",\"#B0BEC5\",\"#B0BEC5\",\"red\",\"#B0BEC5\",\"#B0BEC5\",\"#B0BEC5\",\"#B0BEC5\",\"#B0BEC5\",\"#B0BEC5\",\"#B0BEC5\",\"#B0BEC5\",\"#B0BEC5\",\"#B0BEC5\",\"#B0BEC5\",\"#B0BEC5\",\"#B0BEC5\",\"#B0BEC5\",\"#B0BEC5\",\"#B0BEC5\",\"#B0BEC5\",\"#B0BEC5\",\"#B0BEC5\",\"#B0BEC5\",\"#B0BEC5\",\"#B0BEC5\",\"#B0BEC5\",\"#B0BEC5\",\"#B0BEC5\",\"#B0BEC5\",\"#B0BEC5\",\"#B0BEC5\",\"#B0BEC5\",\"#B0BEC5\",\"#B0BEC5\",\"#B0BEC5\",\"#B0BEC5\",\"#B0BEC5\",\"#B0BEC5\",\"#B0BEC5\",\"#B0BEC5\",\"#B0BEC5\",\"#B0BEC5\",\"#B0BEC5\",\"#B0BEC5\",\"#B0BEC5\",\"#B0BEC5\",\"#B0BEC5\",\"#B0BEC5\",\"#B0BEC5\",\"#B0BEC5\",\"#B0BEC5\",\"#B0BEC5\",\"#B0BEC5\",\"#B0BEC5\",\"#B0BEC5\",\"#B0BEC5\",\"#B0BEC5\",\"#B0BEC5\",\"#B0BEC5\",\"#B0BEC5\",\"#B0BEC5\",\"#B0BEC5\",\"#B0BEC5\"]]}],\"label\":\"Topic 3\",\"method\":\"update\"},{\"args\":[{\"marker.color\":[[\"#B0BEC5\",\"#B0BEC5\",\"#B0BEC5\",\"#B0BEC5\",\"red\",\"#B0BEC5\",\"#B0BEC5\",\"#B0BEC5\",\"#B0BEC5\",\"#B0BEC5\",\"#B0BEC5\",\"#B0BEC5\",\"#B0BEC5\",\"#B0BEC5\",\"#B0BEC5\",\"#B0BEC5\",\"#B0BEC5\",\"#B0BEC5\",\"#B0BEC5\",\"#B0BEC5\",\"#B0BEC5\",\"#B0BEC5\",\"#B0BEC5\",\"#B0BEC5\",\"#B0BEC5\",\"#B0BEC5\",\"#B0BEC5\",\"#B0BEC5\",\"#B0BEC5\",\"#B0BEC5\",\"#B0BEC5\",\"#B0BEC5\",\"#B0BEC5\",\"#B0BEC5\",\"#B0BEC5\",\"#B0BEC5\",\"#B0BEC5\",\"#B0BEC5\",\"#B0BEC5\",\"#B0BEC5\",\"#B0BEC5\",\"#B0BEC5\",\"#B0BEC5\",\"#B0BEC5\",\"#B0BEC5\",\"#B0BEC5\",\"#B0BEC5\",\"#B0BEC5\",\"#B0BEC5\",\"#B0BEC5\",\"#B0BEC5\",\"#B0BEC5\",\"#B0BEC5\",\"#B0BEC5\",\"#B0BEC5\",\"#B0BEC5\",\"#B0BEC5\",\"#B0BEC5\",\"#B0BEC5\",\"#B0BEC5\",\"#B0BEC5\",\"#B0BEC5\",\"#B0BEC5\",\"#B0BEC5\"]]}],\"label\":\"Topic 4\",\"method\":\"update\"},{\"args\":[{\"marker.color\":[[\"#B0BEC5\",\"#B0BEC5\",\"#B0BEC5\",\"#B0BEC5\",\"#B0BEC5\",\"red\",\"#B0BEC5\",\"#B0BEC5\",\"#B0BEC5\",\"#B0BEC5\",\"#B0BEC5\",\"#B0BEC5\",\"#B0BEC5\",\"#B0BEC5\",\"#B0BEC5\",\"#B0BEC5\",\"#B0BEC5\",\"#B0BEC5\",\"#B0BEC5\",\"#B0BEC5\",\"#B0BEC5\",\"#B0BEC5\",\"#B0BEC5\",\"#B0BEC5\",\"#B0BEC5\",\"#B0BEC5\",\"#B0BEC5\",\"#B0BEC5\",\"#B0BEC5\",\"#B0BEC5\",\"#B0BEC5\",\"#B0BEC5\",\"#B0BEC5\",\"#B0BEC5\",\"#B0BEC5\",\"#B0BEC5\",\"#B0BEC5\",\"#B0BEC5\",\"#B0BEC5\",\"#B0BEC5\",\"#B0BEC5\",\"#B0BEC5\",\"#B0BEC5\",\"#B0BEC5\",\"#B0BEC5\",\"#B0BEC5\",\"#B0BEC5\",\"#B0BEC5\",\"#B0BEC5\",\"#B0BEC5\",\"#B0BEC5\",\"#B0BEC5\",\"#B0BEC5\",\"#B0BEC5\",\"#B0BEC5\",\"#B0BEC5\",\"#B0BEC5\",\"#B0BEC5\",\"#B0BEC5\",\"#B0BEC5\",\"#B0BEC5\",\"#B0BEC5\",\"#B0BEC5\",\"#B0BEC5\"]]}],\"label\":\"Topic 5\",\"method\":\"update\"},{\"args\":[{\"marker.color\":[[\"#B0BEC5\",\"#B0BEC5\",\"#B0BEC5\",\"#B0BEC5\",\"#B0BEC5\",\"#B0BEC5\",\"red\",\"#B0BEC5\",\"#B0BEC5\",\"#B0BEC5\",\"#B0BEC5\",\"#B0BEC5\",\"#B0BEC5\",\"#B0BEC5\",\"#B0BEC5\",\"#B0BEC5\",\"#B0BEC5\",\"#B0BEC5\",\"#B0BEC5\",\"#B0BEC5\",\"#B0BEC5\",\"#B0BEC5\",\"#B0BEC5\",\"#B0BEC5\",\"#B0BEC5\",\"#B0BEC5\",\"#B0BEC5\",\"#B0BEC5\",\"#B0BEC5\",\"#B0BEC5\",\"#B0BEC5\",\"#B0BEC5\",\"#B0BEC5\",\"#B0BEC5\",\"#B0BEC5\",\"#B0BEC5\",\"#B0BEC5\",\"#B0BEC5\",\"#B0BEC5\",\"#B0BEC5\",\"#B0BEC5\",\"#B0BEC5\",\"#B0BEC5\",\"#B0BEC5\",\"#B0BEC5\",\"#B0BEC5\",\"#B0BEC5\",\"#B0BEC5\",\"#B0BEC5\",\"#B0BEC5\",\"#B0BEC5\",\"#B0BEC5\",\"#B0BEC5\",\"#B0BEC5\",\"#B0BEC5\",\"#B0BEC5\",\"#B0BEC5\",\"#B0BEC5\",\"#B0BEC5\",\"#B0BEC5\",\"#B0BEC5\",\"#B0BEC5\",\"#B0BEC5\",\"#B0BEC5\"]]}],\"label\":\"Topic 6\",\"method\":\"update\"},{\"args\":[{\"marker.color\":[[\"#B0BEC5\",\"#B0BEC5\",\"#B0BEC5\",\"#B0BEC5\",\"#B0BEC5\",\"#B0BEC5\",\"#B0BEC5\",\"red\",\"#B0BEC5\",\"#B0BEC5\",\"#B0BEC5\",\"#B0BEC5\",\"#B0BEC5\",\"#B0BEC5\",\"#B0BEC5\",\"#B0BEC5\",\"#B0BEC5\",\"#B0BEC5\",\"#B0BEC5\",\"#B0BEC5\",\"#B0BEC5\",\"#B0BEC5\",\"#B0BEC5\",\"#B0BEC5\",\"#B0BEC5\",\"#B0BEC5\",\"#B0BEC5\",\"#B0BEC5\",\"#B0BEC5\",\"#B0BEC5\",\"#B0BEC5\",\"#B0BEC5\",\"#B0BEC5\",\"#B0BEC5\",\"#B0BEC5\",\"#B0BEC5\",\"#B0BEC5\",\"#B0BEC5\",\"#B0BEC5\",\"#B0BEC5\",\"#B0BEC5\",\"#B0BEC5\",\"#B0BEC5\",\"#B0BEC5\",\"#B0BEC5\",\"#B0BEC5\",\"#B0BEC5\",\"#B0BEC5\",\"#B0BEC5\",\"#B0BEC5\",\"#B0BEC5\",\"#B0BEC5\",\"#B0BEC5\",\"#B0BEC5\",\"#B0BEC5\",\"#B0BEC5\",\"#B0BEC5\",\"#B0BEC5\",\"#B0BEC5\",\"#B0BEC5\",\"#B0BEC5\",\"#B0BEC5\",\"#B0BEC5\",\"#B0BEC5\"]]}],\"label\":\"Topic 7\",\"method\":\"update\"},{\"args\":[{\"marker.color\":[[\"#B0BEC5\",\"#B0BEC5\",\"#B0BEC5\",\"#B0BEC5\",\"#B0BEC5\",\"#B0BEC5\",\"#B0BEC5\",\"#B0BEC5\",\"red\",\"#B0BEC5\",\"#B0BEC5\",\"#B0BEC5\",\"#B0BEC5\",\"#B0BEC5\",\"#B0BEC5\",\"#B0BEC5\",\"#B0BEC5\",\"#B0BEC5\",\"#B0BEC5\",\"#B0BEC5\",\"#B0BEC5\",\"#B0BEC5\",\"#B0BEC5\",\"#B0BEC5\",\"#B0BEC5\",\"#B0BEC5\",\"#B0BEC5\",\"#B0BEC5\",\"#B0BEC5\",\"#B0BEC5\",\"#B0BEC5\",\"#B0BEC5\",\"#B0BEC5\",\"#B0BEC5\",\"#B0BEC5\",\"#B0BEC5\",\"#B0BEC5\",\"#B0BEC5\",\"#B0BEC5\",\"#B0BEC5\",\"#B0BEC5\",\"#B0BEC5\",\"#B0BEC5\",\"#B0BEC5\",\"#B0BEC5\",\"#B0BEC5\",\"#B0BEC5\",\"#B0BEC5\",\"#B0BEC5\",\"#B0BEC5\",\"#B0BEC5\",\"#B0BEC5\",\"#B0BEC5\",\"#B0BEC5\",\"#B0BEC5\",\"#B0BEC5\",\"#B0BEC5\",\"#B0BEC5\",\"#B0BEC5\",\"#B0BEC5\",\"#B0BEC5\",\"#B0BEC5\",\"#B0BEC5\",\"#B0BEC5\"]]}],\"label\":\"Topic 8\",\"method\":\"update\"},{\"args\":[{\"marker.color\":[[\"#B0BEC5\",\"#B0BEC5\",\"#B0BEC5\",\"#B0BEC5\",\"#B0BEC5\",\"#B0BEC5\",\"#B0BEC5\",\"#B0BEC5\",\"#B0BEC5\",\"red\",\"#B0BEC5\",\"#B0BEC5\",\"#B0BEC5\",\"#B0BEC5\",\"#B0BEC5\",\"#B0BEC5\",\"#B0BEC5\",\"#B0BEC5\",\"#B0BEC5\",\"#B0BEC5\",\"#B0BEC5\",\"#B0BEC5\",\"#B0BEC5\",\"#B0BEC5\",\"#B0BEC5\",\"#B0BEC5\",\"#B0BEC5\",\"#B0BEC5\",\"#B0BEC5\",\"#B0BEC5\",\"#B0BEC5\",\"#B0BEC5\",\"#B0BEC5\",\"#B0BEC5\",\"#B0BEC5\",\"#B0BEC5\",\"#B0BEC5\",\"#B0BEC5\",\"#B0BEC5\",\"#B0BEC5\",\"#B0BEC5\",\"#B0BEC5\",\"#B0BEC5\",\"#B0BEC5\",\"#B0BEC5\",\"#B0BEC5\",\"#B0BEC5\",\"#B0BEC5\",\"#B0BEC5\",\"#B0BEC5\",\"#B0BEC5\",\"#B0BEC5\",\"#B0BEC5\",\"#B0BEC5\",\"#B0BEC5\",\"#B0BEC5\",\"#B0BEC5\",\"#B0BEC5\",\"#B0BEC5\",\"#B0BEC5\",\"#B0BEC5\",\"#B0BEC5\",\"#B0BEC5\",\"#B0BEC5\"]]}],\"label\":\"Topic 9\",\"method\":\"update\"},{\"args\":[{\"marker.color\":[[\"#B0BEC5\",\"#B0BEC5\",\"#B0BEC5\",\"#B0BEC5\",\"#B0BEC5\",\"#B0BEC5\",\"#B0BEC5\",\"#B0BEC5\",\"#B0BEC5\",\"#B0BEC5\",\"red\",\"#B0BEC5\",\"#B0BEC5\",\"#B0BEC5\",\"#B0BEC5\",\"#B0BEC5\",\"#B0BEC5\",\"#B0BEC5\",\"#B0BEC5\",\"#B0BEC5\",\"#B0BEC5\",\"#B0BEC5\",\"#B0BEC5\",\"#B0BEC5\",\"#B0BEC5\",\"#B0BEC5\",\"#B0BEC5\",\"#B0BEC5\",\"#B0BEC5\",\"#B0BEC5\",\"#B0BEC5\",\"#B0BEC5\",\"#B0BEC5\",\"#B0BEC5\",\"#B0BEC5\",\"#B0BEC5\",\"#B0BEC5\",\"#B0BEC5\",\"#B0BEC5\",\"#B0BEC5\",\"#B0BEC5\",\"#B0BEC5\",\"#B0BEC5\",\"#B0BEC5\",\"#B0BEC5\",\"#B0BEC5\",\"#B0BEC5\",\"#B0BEC5\",\"#B0BEC5\",\"#B0BEC5\",\"#B0BEC5\",\"#B0BEC5\",\"#B0BEC5\",\"#B0BEC5\",\"#B0BEC5\",\"#B0BEC5\",\"#B0BEC5\",\"#B0BEC5\",\"#B0BEC5\",\"#B0BEC5\",\"#B0BEC5\",\"#B0BEC5\",\"#B0BEC5\",\"#B0BEC5\"]]}],\"label\":\"Topic 10\",\"method\":\"update\"},{\"args\":[{\"marker.color\":[[\"#B0BEC5\",\"#B0BEC5\",\"#B0BEC5\",\"#B0BEC5\",\"#B0BEC5\",\"#B0BEC5\",\"#B0BEC5\",\"#B0BEC5\",\"#B0BEC5\",\"#B0BEC5\",\"#B0BEC5\",\"red\",\"#B0BEC5\",\"#B0BEC5\",\"#B0BEC5\",\"#B0BEC5\",\"#B0BEC5\",\"#B0BEC5\",\"#B0BEC5\",\"#B0BEC5\",\"#B0BEC5\",\"#B0BEC5\",\"#B0BEC5\",\"#B0BEC5\",\"#B0BEC5\",\"#B0BEC5\",\"#B0BEC5\",\"#B0BEC5\",\"#B0BEC5\",\"#B0BEC5\",\"#B0BEC5\",\"#B0BEC5\",\"#B0BEC5\",\"#B0BEC5\",\"#B0BEC5\",\"#B0BEC5\",\"#B0BEC5\",\"#B0BEC5\",\"#B0BEC5\",\"#B0BEC5\",\"#B0BEC5\",\"#B0BEC5\",\"#B0BEC5\",\"#B0BEC5\",\"#B0BEC5\",\"#B0BEC5\",\"#B0BEC5\",\"#B0BEC5\",\"#B0BEC5\",\"#B0BEC5\",\"#B0BEC5\",\"#B0BEC5\",\"#B0BEC5\",\"#B0BEC5\",\"#B0BEC5\",\"#B0BEC5\",\"#B0BEC5\",\"#B0BEC5\",\"#B0BEC5\",\"#B0BEC5\",\"#B0BEC5\",\"#B0BEC5\",\"#B0BEC5\",\"#B0BEC5\"]]}],\"label\":\"Topic 11\",\"method\":\"update\"},{\"args\":[{\"marker.color\":[[\"#B0BEC5\",\"#B0BEC5\",\"#B0BEC5\",\"#B0BEC5\",\"#B0BEC5\",\"#B0BEC5\",\"#B0BEC5\",\"#B0BEC5\",\"#B0BEC5\",\"#B0BEC5\",\"#B0BEC5\",\"#B0BEC5\",\"red\",\"#B0BEC5\",\"#B0BEC5\",\"#B0BEC5\",\"#B0BEC5\",\"#B0BEC5\",\"#B0BEC5\",\"#B0BEC5\",\"#B0BEC5\",\"#B0BEC5\",\"#B0BEC5\",\"#B0BEC5\",\"#B0BEC5\",\"#B0BEC5\",\"#B0BEC5\",\"#B0BEC5\",\"#B0BEC5\",\"#B0BEC5\",\"#B0BEC5\",\"#B0BEC5\",\"#B0BEC5\",\"#B0BEC5\",\"#B0BEC5\",\"#B0BEC5\",\"#B0BEC5\",\"#B0BEC5\",\"#B0BEC5\",\"#B0BEC5\",\"#B0BEC5\",\"#B0BEC5\",\"#B0BEC5\",\"#B0BEC5\",\"#B0BEC5\",\"#B0BEC5\",\"#B0BEC5\",\"#B0BEC5\",\"#B0BEC5\",\"#B0BEC5\",\"#B0BEC5\",\"#B0BEC5\",\"#B0BEC5\",\"#B0BEC5\",\"#B0BEC5\",\"#B0BEC5\",\"#B0BEC5\",\"#B0BEC5\",\"#B0BEC5\",\"#B0BEC5\",\"#B0BEC5\",\"#B0BEC5\",\"#B0BEC5\",\"#B0BEC5\"]]}],\"label\":\"Topic 12\",\"method\":\"update\"},{\"args\":[{\"marker.color\":[[\"#B0BEC5\",\"#B0BEC5\",\"#B0BEC5\",\"#B0BEC5\",\"#B0BEC5\",\"#B0BEC5\",\"#B0BEC5\",\"#B0BEC5\",\"#B0BEC5\",\"#B0BEC5\",\"#B0BEC5\",\"#B0BEC5\",\"#B0BEC5\",\"red\",\"#B0BEC5\",\"#B0BEC5\",\"#B0BEC5\",\"#B0BEC5\",\"#B0BEC5\",\"#B0BEC5\",\"#B0BEC5\",\"#B0BEC5\",\"#B0BEC5\",\"#B0BEC5\",\"#B0BEC5\",\"#B0BEC5\",\"#B0BEC5\",\"#B0BEC5\",\"#B0BEC5\",\"#B0BEC5\",\"#B0BEC5\",\"#B0BEC5\",\"#B0BEC5\",\"#B0BEC5\",\"#B0BEC5\",\"#B0BEC5\",\"#B0BEC5\",\"#B0BEC5\",\"#B0BEC5\",\"#B0BEC5\",\"#B0BEC5\",\"#B0BEC5\",\"#B0BEC5\",\"#B0BEC5\",\"#B0BEC5\",\"#B0BEC5\",\"#B0BEC5\",\"#B0BEC5\",\"#B0BEC5\",\"#B0BEC5\",\"#B0BEC5\",\"#B0BEC5\",\"#B0BEC5\",\"#B0BEC5\",\"#B0BEC5\",\"#B0BEC5\",\"#B0BEC5\",\"#B0BEC5\",\"#B0BEC5\",\"#B0BEC5\",\"#B0BEC5\",\"#B0BEC5\",\"#B0BEC5\",\"#B0BEC5\"]]}],\"label\":\"Topic 13\",\"method\":\"update\"},{\"args\":[{\"marker.color\":[[\"#B0BEC5\",\"#B0BEC5\",\"#B0BEC5\",\"#B0BEC5\",\"#B0BEC5\",\"#B0BEC5\",\"#B0BEC5\",\"#B0BEC5\",\"#B0BEC5\",\"#B0BEC5\",\"#B0BEC5\",\"#B0BEC5\",\"#B0BEC5\",\"#B0BEC5\",\"red\",\"#B0BEC5\",\"#B0BEC5\",\"#B0BEC5\",\"#B0BEC5\",\"#B0BEC5\",\"#B0BEC5\",\"#B0BEC5\",\"#B0BEC5\",\"#B0BEC5\",\"#B0BEC5\",\"#B0BEC5\",\"#B0BEC5\",\"#B0BEC5\",\"#B0BEC5\",\"#B0BEC5\",\"#B0BEC5\",\"#B0BEC5\",\"#B0BEC5\",\"#B0BEC5\",\"#B0BEC5\",\"#B0BEC5\",\"#B0BEC5\",\"#B0BEC5\",\"#B0BEC5\",\"#B0BEC5\",\"#B0BEC5\",\"#B0BEC5\",\"#B0BEC5\",\"#B0BEC5\",\"#B0BEC5\",\"#B0BEC5\",\"#B0BEC5\",\"#B0BEC5\",\"#B0BEC5\",\"#B0BEC5\",\"#B0BEC5\",\"#B0BEC5\",\"#B0BEC5\",\"#B0BEC5\",\"#B0BEC5\",\"#B0BEC5\",\"#B0BEC5\",\"#B0BEC5\",\"#B0BEC5\",\"#B0BEC5\",\"#B0BEC5\",\"#B0BEC5\",\"#B0BEC5\",\"#B0BEC5\"]]}],\"label\":\"Topic 14\",\"method\":\"update\"},{\"args\":[{\"marker.color\":[[\"#B0BEC5\",\"#B0BEC5\",\"#B0BEC5\",\"#B0BEC5\",\"#B0BEC5\",\"#B0BEC5\",\"#B0BEC5\",\"#B0BEC5\",\"#B0BEC5\",\"#B0BEC5\",\"#B0BEC5\",\"#B0BEC5\",\"#B0BEC5\",\"#B0BEC5\",\"#B0BEC5\",\"red\",\"#B0BEC5\",\"#B0BEC5\",\"#B0BEC5\",\"#B0BEC5\",\"#B0BEC5\",\"#B0BEC5\",\"#B0BEC5\",\"#B0BEC5\",\"#B0BEC5\",\"#B0BEC5\",\"#B0BEC5\",\"#B0BEC5\",\"#B0BEC5\",\"#B0BEC5\",\"#B0BEC5\",\"#B0BEC5\",\"#B0BEC5\",\"#B0BEC5\",\"#B0BEC5\",\"#B0BEC5\",\"#B0BEC5\",\"#B0BEC5\",\"#B0BEC5\",\"#B0BEC5\",\"#B0BEC5\",\"#B0BEC5\",\"#B0BEC5\",\"#B0BEC5\",\"#B0BEC5\",\"#B0BEC5\",\"#B0BEC5\",\"#B0BEC5\",\"#B0BEC5\",\"#B0BEC5\",\"#B0BEC5\",\"#B0BEC5\",\"#B0BEC5\",\"#B0BEC5\",\"#B0BEC5\",\"#B0BEC5\",\"#B0BEC5\",\"#B0BEC5\",\"#B0BEC5\",\"#B0BEC5\",\"#B0BEC5\",\"#B0BEC5\",\"#B0BEC5\",\"#B0BEC5\"]]}],\"label\":\"Topic 15\",\"method\":\"update\"},{\"args\":[{\"marker.color\":[[\"#B0BEC5\",\"#B0BEC5\",\"#B0BEC5\",\"#B0BEC5\",\"#B0BEC5\",\"#B0BEC5\",\"#B0BEC5\",\"#B0BEC5\",\"#B0BEC5\",\"#B0BEC5\",\"#B0BEC5\",\"#B0BEC5\",\"#B0BEC5\",\"#B0BEC5\",\"#B0BEC5\",\"#B0BEC5\",\"red\",\"#B0BEC5\",\"#B0BEC5\",\"#B0BEC5\",\"#B0BEC5\",\"#B0BEC5\",\"#B0BEC5\",\"#B0BEC5\",\"#B0BEC5\",\"#B0BEC5\",\"#B0BEC5\",\"#B0BEC5\",\"#B0BEC5\",\"#B0BEC5\",\"#B0BEC5\",\"#B0BEC5\",\"#B0BEC5\",\"#B0BEC5\",\"#B0BEC5\",\"#B0BEC5\",\"#B0BEC5\",\"#B0BEC5\",\"#B0BEC5\",\"#B0BEC5\",\"#B0BEC5\",\"#B0BEC5\",\"#B0BEC5\",\"#B0BEC5\",\"#B0BEC5\",\"#B0BEC5\",\"#B0BEC5\",\"#B0BEC5\",\"#B0BEC5\",\"#B0BEC5\",\"#B0BEC5\",\"#B0BEC5\",\"#B0BEC5\",\"#B0BEC5\",\"#B0BEC5\",\"#B0BEC5\",\"#B0BEC5\",\"#B0BEC5\",\"#B0BEC5\",\"#B0BEC5\",\"#B0BEC5\",\"#B0BEC5\",\"#B0BEC5\",\"#B0BEC5\"]]}],\"label\":\"Topic 16\",\"method\":\"update\"},{\"args\":[{\"marker.color\":[[\"#B0BEC5\",\"#B0BEC5\",\"#B0BEC5\",\"#B0BEC5\",\"#B0BEC5\",\"#B0BEC5\",\"#B0BEC5\",\"#B0BEC5\",\"#B0BEC5\",\"#B0BEC5\",\"#B0BEC5\",\"#B0BEC5\",\"#B0BEC5\",\"#B0BEC5\",\"#B0BEC5\",\"#B0BEC5\",\"#B0BEC5\",\"red\",\"#B0BEC5\",\"#B0BEC5\",\"#B0BEC5\",\"#B0BEC5\",\"#B0BEC5\",\"#B0BEC5\",\"#B0BEC5\",\"#B0BEC5\",\"#B0BEC5\",\"#B0BEC5\",\"#B0BEC5\",\"#B0BEC5\",\"#B0BEC5\",\"#B0BEC5\",\"#B0BEC5\",\"#B0BEC5\",\"#B0BEC5\",\"#B0BEC5\",\"#B0BEC5\",\"#B0BEC5\",\"#B0BEC5\",\"#B0BEC5\",\"#B0BEC5\",\"#B0BEC5\",\"#B0BEC5\",\"#B0BEC5\",\"#B0BEC5\",\"#B0BEC5\",\"#B0BEC5\",\"#B0BEC5\",\"#B0BEC5\",\"#B0BEC5\",\"#B0BEC5\",\"#B0BEC5\",\"#B0BEC5\",\"#B0BEC5\",\"#B0BEC5\",\"#B0BEC5\",\"#B0BEC5\",\"#B0BEC5\",\"#B0BEC5\",\"#B0BEC5\",\"#B0BEC5\",\"#B0BEC5\",\"#B0BEC5\",\"#B0BEC5\"]]}],\"label\":\"Topic 17\",\"method\":\"update\"},{\"args\":[{\"marker.color\":[[\"#B0BEC5\",\"#B0BEC5\",\"#B0BEC5\",\"#B0BEC5\",\"#B0BEC5\",\"#B0BEC5\",\"#B0BEC5\",\"#B0BEC5\",\"#B0BEC5\",\"#B0BEC5\",\"#B0BEC5\",\"#B0BEC5\",\"#B0BEC5\",\"#B0BEC5\",\"#B0BEC5\",\"#B0BEC5\",\"#B0BEC5\",\"#B0BEC5\",\"red\",\"#B0BEC5\",\"#B0BEC5\",\"#B0BEC5\",\"#B0BEC5\",\"#B0BEC5\",\"#B0BEC5\",\"#B0BEC5\",\"#B0BEC5\",\"#B0BEC5\",\"#B0BEC5\",\"#B0BEC5\",\"#B0BEC5\",\"#B0BEC5\",\"#B0BEC5\",\"#B0BEC5\",\"#B0BEC5\",\"#B0BEC5\",\"#B0BEC5\",\"#B0BEC5\",\"#B0BEC5\",\"#B0BEC5\",\"#B0BEC5\",\"#B0BEC5\",\"#B0BEC5\",\"#B0BEC5\",\"#B0BEC5\",\"#B0BEC5\",\"#B0BEC5\",\"#B0BEC5\",\"#B0BEC5\",\"#B0BEC5\",\"#B0BEC5\",\"#B0BEC5\",\"#B0BEC5\",\"#B0BEC5\",\"#B0BEC5\",\"#B0BEC5\",\"#B0BEC5\",\"#B0BEC5\",\"#B0BEC5\",\"#B0BEC5\",\"#B0BEC5\",\"#B0BEC5\",\"#B0BEC5\",\"#B0BEC5\"]]}],\"label\":\"Topic 18\",\"method\":\"update\"},{\"args\":[{\"marker.color\":[[\"#B0BEC5\",\"#B0BEC5\",\"#B0BEC5\",\"#B0BEC5\",\"#B0BEC5\",\"#B0BEC5\",\"#B0BEC5\",\"#B0BEC5\",\"#B0BEC5\",\"#B0BEC5\",\"#B0BEC5\",\"#B0BEC5\",\"#B0BEC5\",\"#B0BEC5\",\"#B0BEC5\",\"#B0BEC5\",\"#B0BEC5\",\"#B0BEC5\",\"#B0BEC5\",\"red\",\"#B0BEC5\",\"#B0BEC5\",\"#B0BEC5\",\"#B0BEC5\",\"#B0BEC5\",\"#B0BEC5\",\"#B0BEC5\",\"#B0BEC5\",\"#B0BEC5\",\"#B0BEC5\",\"#B0BEC5\",\"#B0BEC5\",\"#B0BEC5\",\"#B0BEC5\",\"#B0BEC5\",\"#B0BEC5\",\"#B0BEC5\",\"#B0BEC5\",\"#B0BEC5\",\"#B0BEC5\",\"#B0BEC5\",\"#B0BEC5\",\"#B0BEC5\",\"#B0BEC5\",\"#B0BEC5\",\"#B0BEC5\",\"#B0BEC5\",\"#B0BEC5\",\"#B0BEC5\",\"#B0BEC5\",\"#B0BEC5\",\"#B0BEC5\",\"#B0BEC5\",\"#B0BEC5\",\"#B0BEC5\",\"#B0BEC5\",\"#B0BEC5\",\"#B0BEC5\",\"#B0BEC5\",\"#B0BEC5\",\"#B0BEC5\",\"#B0BEC5\",\"#B0BEC5\",\"#B0BEC5\"]]}],\"label\":\"Topic 19\",\"method\":\"update\"},{\"args\":[{\"marker.color\":[[\"#B0BEC5\",\"#B0BEC5\",\"#B0BEC5\",\"#B0BEC5\",\"#B0BEC5\",\"#B0BEC5\",\"#B0BEC5\",\"#B0BEC5\",\"#B0BEC5\",\"#B0BEC5\",\"#B0BEC5\",\"#B0BEC5\",\"#B0BEC5\",\"#B0BEC5\",\"#B0BEC5\",\"#B0BEC5\",\"#B0BEC5\",\"#B0BEC5\",\"#B0BEC5\",\"#B0BEC5\",\"red\",\"#B0BEC5\",\"#B0BEC5\",\"#B0BEC5\",\"#B0BEC5\",\"#B0BEC5\",\"#B0BEC5\",\"#B0BEC5\",\"#B0BEC5\",\"#B0BEC5\",\"#B0BEC5\",\"#B0BEC5\",\"#B0BEC5\",\"#B0BEC5\",\"#B0BEC5\",\"#B0BEC5\",\"#B0BEC5\",\"#B0BEC5\",\"#B0BEC5\",\"#B0BEC5\",\"#B0BEC5\",\"#B0BEC5\",\"#B0BEC5\",\"#B0BEC5\",\"#B0BEC5\",\"#B0BEC5\",\"#B0BEC5\",\"#B0BEC5\",\"#B0BEC5\",\"#B0BEC5\",\"#B0BEC5\",\"#B0BEC5\",\"#B0BEC5\",\"#B0BEC5\",\"#B0BEC5\",\"#B0BEC5\",\"#B0BEC5\",\"#B0BEC5\",\"#B0BEC5\",\"#B0BEC5\",\"#B0BEC5\",\"#B0BEC5\",\"#B0BEC5\",\"#B0BEC5\"]]}],\"label\":\"Topic 20\",\"method\":\"update\"},{\"args\":[{\"marker.color\":[[\"#B0BEC5\",\"#B0BEC5\",\"#B0BEC5\",\"#B0BEC5\",\"#B0BEC5\",\"#B0BEC5\",\"#B0BEC5\",\"#B0BEC5\",\"#B0BEC5\",\"#B0BEC5\",\"#B0BEC5\",\"#B0BEC5\",\"#B0BEC5\",\"#B0BEC5\",\"#B0BEC5\",\"#B0BEC5\",\"#B0BEC5\",\"#B0BEC5\",\"#B0BEC5\",\"#B0BEC5\",\"#B0BEC5\",\"red\",\"#B0BEC5\",\"#B0BEC5\",\"#B0BEC5\",\"#B0BEC5\",\"#B0BEC5\",\"#B0BEC5\",\"#B0BEC5\",\"#B0BEC5\",\"#B0BEC5\",\"#B0BEC5\",\"#B0BEC5\",\"#B0BEC5\",\"#B0BEC5\",\"#B0BEC5\",\"#B0BEC5\",\"#B0BEC5\",\"#B0BEC5\",\"#B0BEC5\",\"#B0BEC5\",\"#B0BEC5\",\"#B0BEC5\",\"#B0BEC5\",\"#B0BEC5\",\"#B0BEC5\",\"#B0BEC5\",\"#B0BEC5\",\"#B0BEC5\",\"#B0BEC5\",\"#B0BEC5\",\"#B0BEC5\",\"#B0BEC5\",\"#B0BEC5\",\"#B0BEC5\",\"#B0BEC5\",\"#B0BEC5\",\"#B0BEC5\",\"#B0BEC5\",\"#B0BEC5\",\"#B0BEC5\",\"#B0BEC5\",\"#B0BEC5\",\"#B0BEC5\"]]}],\"label\":\"Topic 21\",\"method\":\"update\"},{\"args\":[{\"marker.color\":[[\"#B0BEC5\",\"#B0BEC5\",\"#B0BEC5\",\"#B0BEC5\",\"#B0BEC5\",\"#B0BEC5\",\"#B0BEC5\",\"#B0BEC5\",\"#B0BEC5\",\"#B0BEC5\",\"#B0BEC5\",\"#B0BEC5\",\"#B0BEC5\",\"#B0BEC5\",\"#B0BEC5\",\"#B0BEC5\",\"#B0BEC5\",\"#B0BEC5\",\"#B0BEC5\",\"#B0BEC5\",\"#B0BEC5\",\"#B0BEC5\",\"red\",\"#B0BEC5\",\"#B0BEC5\",\"#B0BEC5\",\"#B0BEC5\",\"#B0BEC5\",\"#B0BEC5\",\"#B0BEC5\",\"#B0BEC5\",\"#B0BEC5\",\"#B0BEC5\",\"#B0BEC5\",\"#B0BEC5\",\"#B0BEC5\",\"#B0BEC5\",\"#B0BEC5\",\"#B0BEC5\",\"#B0BEC5\",\"#B0BEC5\",\"#B0BEC5\",\"#B0BEC5\",\"#B0BEC5\",\"#B0BEC5\",\"#B0BEC5\",\"#B0BEC5\",\"#B0BEC5\",\"#B0BEC5\",\"#B0BEC5\",\"#B0BEC5\",\"#B0BEC5\",\"#B0BEC5\",\"#B0BEC5\",\"#B0BEC5\",\"#B0BEC5\",\"#B0BEC5\",\"#B0BEC5\",\"#B0BEC5\",\"#B0BEC5\",\"#B0BEC5\",\"#B0BEC5\",\"#B0BEC5\",\"#B0BEC5\"]]}],\"label\":\"Topic 22\",\"method\":\"update\"},{\"args\":[{\"marker.color\":[[\"#B0BEC5\",\"#B0BEC5\",\"#B0BEC5\",\"#B0BEC5\",\"#B0BEC5\",\"#B0BEC5\",\"#B0BEC5\",\"#B0BEC5\",\"#B0BEC5\",\"#B0BEC5\",\"#B0BEC5\",\"#B0BEC5\",\"#B0BEC5\",\"#B0BEC5\",\"#B0BEC5\",\"#B0BEC5\",\"#B0BEC5\",\"#B0BEC5\",\"#B0BEC5\",\"#B0BEC5\",\"#B0BEC5\",\"#B0BEC5\",\"#B0BEC5\",\"red\",\"#B0BEC5\",\"#B0BEC5\",\"#B0BEC5\",\"#B0BEC5\",\"#B0BEC5\",\"#B0BEC5\",\"#B0BEC5\",\"#B0BEC5\",\"#B0BEC5\",\"#B0BEC5\",\"#B0BEC5\",\"#B0BEC5\",\"#B0BEC5\",\"#B0BEC5\",\"#B0BEC5\",\"#B0BEC5\",\"#B0BEC5\",\"#B0BEC5\",\"#B0BEC5\",\"#B0BEC5\",\"#B0BEC5\",\"#B0BEC5\",\"#B0BEC5\",\"#B0BEC5\",\"#B0BEC5\",\"#B0BEC5\",\"#B0BEC5\",\"#B0BEC5\",\"#B0BEC5\",\"#B0BEC5\",\"#B0BEC5\",\"#B0BEC5\",\"#B0BEC5\",\"#B0BEC5\",\"#B0BEC5\",\"#B0BEC5\",\"#B0BEC5\",\"#B0BEC5\",\"#B0BEC5\",\"#B0BEC5\"]]}],\"label\":\"Topic 23\",\"method\":\"update\"},{\"args\":[{\"marker.color\":[[\"#B0BEC5\",\"#B0BEC5\",\"#B0BEC5\",\"#B0BEC5\",\"#B0BEC5\",\"#B0BEC5\",\"#B0BEC5\",\"#B0BEC5\",\"#B0BEC5\",\"#B0BEC5\",\"#B0BEC5\",\"#B0BEC5\",\"#B0BEC5\",\"#B0BEC5\",\"#B0BEC5\",\"#B0BEC5\",\"#B0BEC5\",\"#B0BEC5\",\"#B0BEC5\",\"#B0BEC5\",\"#B0BEC5\",\"#B0BEC5\",\"#B0BEC5\",\"#B0BEC5\",\"red\",\"#B0BEC5\",\"#B0BEC5\",\"#B0BEC5\",\"#B0BEC5\",\"#B0BEC5\",\"#B0BEC5\",\"#B0BEC5\",\"#B0BEC5\",\"#B0BEC5\",\"#B0BEC5\",\"#B0BEC5\",\"#B0BEC5\",\"#B0BEC5\",\"#B0BEC5\",\"#B0BEC5\",\"#B0BEC5\",\"#B0BEC5\",\"#B0BEC5\",\"#B0BEC5\",\"#B0BEC5\",\"#B0BEC5\",\"#B0BEC5\",\"#B0BEC5\",\"#B0BEC5\",\"#B0BEC5\",\"#B0BEC5\",\"#B0BEC5\",\"#B0BEC5\",\"#B0BEC5\",\"#B0BEC5\",\"#B0BEC5\",\"#B0BEC5\",\"#B0BEC5\",\"#B0BEC5\",\"#B0BEC5\",\"#B0BEC5\",\"#B0BEC5\",\"#B0BEC5\",\"#B0BEC5\"]]}],\"label\":\"Topic 24\",\"method\":\"update\"},{\"args\":[{\"marker.color\":[[\"#B0BEC5\",\"#B0BEC5\",\"#B0BEC5\",\"#B0BEC5\",\"#B0BEC5\",\"#B0BEC5\",\"#B0BEC5\",\"#B0BEC5\",\"#B0BEC5\",\"#B0BEC5\",\"#B0BEC5\",\"#B0BEC5\",\"#B0BEC5\",\"#B0BEC5\",\"#B0BEC5\",\"#B0BEC5\",\"#B0BEC5\",\"#B0BEC5\",\"#B0BEC5\",\"#B0BEC5\",\"#B0BEC5\",\"#B0BEC5\",\"#B0BEC5\",\"#B0BEC5\",\"#B0BEC5\",\"red\",\"#B0BEC5\",\"#B0BEC5\",\"#B0BEC5\",\"#B0BEC5\",\"#B0BEC5\",\"#B0BEC5\",\"#B0BEC5\",\"#B0BEC5\",\"#B0BEC5\",\"#B0BEC5\",\"#B0BEC5\",\"#B0BEC5\",\"#B0BEC5\",\"#B0BEC5\",\"#B0BEC5\",\"#B0BEC5\",\"#B0BEC5\",\"#B0BEC5\",\"#B0BEC5\",\"#B0BEC5\",\"#B0BEC5\",\"#B0BEC5\",\"#B0BEC5\",\"#B0BEC5\",\"#B0BEC5\",\"#B0BEC5\",\"#B0BEC5\",\"#B0BEC5\",\"#B0BEC5\",\"#B0BEC5\",\"#B0BEC5\",\"#B0BEC5\",\"#B0BEC5\",\"#B0BEC5\",\"#B0BEC5\",\"#B0BEC5\",\"#B0BEC5\",\"#B0BEC5\"]]}],\"label\":\"Topic 25\",\"method\":\"update\"},{\"args\":[{\"marker.color\":[[\"#B0BEC5\",\"#B0BEC5\",\"#B0BEC5\",\"#B0BEC5\",\"#B0BEC5\",\"#B0BEC5\",\"#B0BEC5\",\"#B0BEC5\",\"#B0BEC5\",\"#B0BEC5\",\"#B0BEC5\",\"#B0BEC5\",\"#B0BEC5\",\"#B0BEC5\",\"#B0BEC5\",\"#B0BEC5\",\"#B0BEC5\",\"#B0BEC5\",\"#B0BEC5\",\"#B0BEC5\",\"#B0BEC5\",\"#B0BEC5\",\"#B0BEC5\",\"#B0BEC5\",\"#B0BEC5\",\"#B0BEC5\",\"red\",\"#B0BEC5\",\"#B0BEC5\",\"#B0BEC5\",\"#B0BEC5\",\"#B0BEC5\",\"#B0BEC5\",\"#B0BEC5\",\"#B0BEC5\",\"#B0BEC5\",\"#B0BEC5\",\"#B0BEC5\",\"#B0BEC5\",\"#B0BEC5\",\"#B0BEC5\",\"#B0BEC5\",\"#B0BEC5\",\"#B0BEC5\",\"#B0BEC5\",\"#B0BEC5\",\"#B0BEC5\",\"#B0BEC5\",\"#B0BEC5\",\"#B0BEC5\",\"#B0BEC5\",\"#B0BEC5\",\"#B0BEC5\",\"#B0BEC5\",\"#B0BEC5\",\"#B0BEC5\",\"#B0BEC5\",\"#B0BEC5\",\"#B0BEC5\",\"#B0BEC5\",\"#B0BEC5\",\"#B0BEC5\",\"#B0BEC5\",\"#B0BEC5\"]]}],\"label\":\"Topic 26\",\"method\":\"update\"},{\"args\":[{\"marker.color\":[[\"#B0BEC5\",\"#B0BEC5\",\"#B0BEC5\",\"#B0BEC5\",\"#B0BEC5\",\"#B0BEC5\",\"#B0BEC5\",\"#B0BEC5\",\"#B0BEC5\",\"#B0BEC5\",\"#B0BEC5\",\"#B0BEC5\",\"#B0BEC5\",\"#B0BEC5\",\"#B0BEC5\",\"#B0BEC5\",\"#B0BEC5\",\"#B0BEC5\",\"#B0BEC5\",\"#B0BEC5\",\"#B0BEC5\",\"#B0BEC5\",\"#B0BEC5\",\"#B0BEC5\",\"#B0BEC5\",\"#B0BEC5\",\"#B0BEC5\",\"red\",\"#B0BEC5\",\"#B0BEC5\",\"#B0BEC5\",\"#B0BEC5\",\"#B0BEC5\",\"#B0BEC5\",\"#B0BEC5\",\"#B0BEC5\",\"#B0BEC5\",\"#B0BEC5\",\"#B0BEC5\",\"#B0BEC5\",\"#B0BEC5\",\"#B0BEC5\",\"#B0BEC5\",\"#B0BEC5\",\"#B0BEC5\",\"#B0BEC5\",\"#B0BEC5\",\"#B0BEC5\",\"#B0BEC5\",\"#B0BEC5\",\"#B0BEC5\",\"#B0BEC5\",\"#B0BEC5\",\"#B0BEC5\",\"#B0BEC5\",\"#B0BEC5\",\"#B0BEC5\",\"#B0BEC5\",\"#B0BEC5\",\"#B0BEC5\",\"#B0BEC5\",\"#B0BEC5\",\"#B0BEC5\",\"#B0BEC5\"]]}],\"label\":\"Topic 27\",\"method\":\"update\"},{\"args\":[{\"marker.color\":[[\"#B0BEC5\",\"#B0BEC5\",\"#B0BEC5\",\"#B0BEC5\",\"#B0BEC5\",\"#B0BEC5\",\"#B0BEC5\",\"#B0BEC5\",\"#B0BEC5\",\"#B0BEC5\",\"#B0BEC5\",\"#B0BEC5\",\"#B0BEC5\",\"#B0BEC5\",\"#B0BEC5\",\"#B0BEC5\",\"#B0BEC5\",\"#B0BEC5\",\"#B0BEC5\",\"#B0BEC5\",\"#B0BEC5\",\"#B0BEC5\",\"#B0BEC5\",\"#B0BEC5\",\"#B0BEC5\",\"#B0BEC5\",\"#B0BEC5\",\"#B0BEC5\",\"red\",\"#B0BEC5\",\"#B0BEC5\",\"#B0BEC5\",\"#B0BEC5\",\"#B0BEC5\",\"#B0BEC5\",\"#B0BEC5\",\"#B0BEC5\",\"#B0BEC5\",\"#B0BEC5\",\"#B0BEC5\",\"#B0BEC5\",\"#B0BEC5\",\"#B0BEC5\",\"#B0BEC5\",\"#B0BEC5\",\"#B0BEC5\",\"#B0BEC5\",\"#B0BEC5\",\"#B0BEC5\",\"#B0BEC5\",\"#B0BEC5\",\"#B0BEC5\",\"#B0BEC5\",\"#B0BEC5\",\"#B0BEC5\",\"#B0BEC5\",\"#B0BEC5\",\"#B0BEC5\",\"#B0BEC5\",\"#B0BEC5\",\"#B0BEC5\",\"#B0BEC5\",\"#B0BEC5\",\"#B0BEC5\"]]}],\"label\":\"Topic 28\",\"method\":\"update\"},{\"args\":[{\"marker.color\":[[\"#B0BEC5\",\"#B0BEC5\",\"#B0BEC5\",\"#B0BEC5\",\"#B0BEC5\",\"#B0BEC5\",\"#B0BEC5\",\"#B0BEC5\",\"#B0BEC5\",\"#B0BEC5\",\"#B0BEC5\",\"#B0BEC5\",\"#B0BEC5\",\"#B0BEC5\",\"#B0BEC5\",\"#B0BEC5\",\"#B0BEC5\",\"#B0BEC5\",\"#B0BEC5\",\"#B0BEC5\",\"#B0BEC5\",\"#B0BEC5\",\"#B0BEC5\",\"#B0BEC5\",\"#B0BEC5\",\"#B0BEC5\",\"#B0BEC5\",\"#B0BEC5\",\"#B0BEC5\",\"red\",\"#B0BEC5\",\"#B0BEC5\",\"#B0BEC5\",\"#B0BEC5\",\"#B0BEC5\",\"#B0BEC5\",\"#B0BEC5\",\"#B0BEC5\",\"#B0BEC5\",\"#B0BEC5\",\"#B0BEC5\",\"#B0BEC5\",\"#B0BEC5\",\"#B0BEC5\",\"#B0BEC5\",\"#B0BEC5\",\"#B0BEC5\",\"#B0BEC5\",\"#B0BEC5\",\"#B0BEC5\",\"#B0BEC5\",\"#B0BEC5\",\"#B0BEC5\",\"#B0BEC5\",\"#B0BEC5\",\"#B0BEC5\",\"#B0BEC5\",\"#B0BEC5\",\"#B0BEC5\",\"#B0BEC5\",\"#B0BEC5\",\"#B0BEC5\",\"#B0BEC5\",\"#B0BEC5\"]]}],\"label\":\"Topic 29\",\"method\":\"update\"},{\"args\":[{\"marker.color\":[[\"#B0BEC5\",\"#B0BEC5\",\"#B0BEC5\",\"#B0BEC5\",\"#B0BEC5\",\"#B0BEC5\",\"#B0BEC5\",\"#B0BEC5\",\"#B0BEC5\",\"#B0BEC5\",\"#B0BEC5\",\"#B0BEC5\",\"#B0BEC5\",\"#B0BEC5\",\"#B0BEC5\",\"#B0BEC5\",\"#B0BEC5\",\"#B0BEC5\",\"#B0BEC5\",\"#B0BEC5\",\"#B0BEC5\",\"#B0BEC5\",\"#B0BEC5\",\"#B0BEC5\",\"#B0BEC5\",\"#B0BEC5\",\"#B0BEC5\",\"#B0BEC5\",\"#B0BEC5\",\"#B0BEC5\",\"red\",\"#B0BEC5\",\"#B0BEC5\",\"#B0BEC5\",\"#B0BEC5\",\"#B0BEC5\",\"#B0BEC5\",\"#B0BEC5\",\"#B0BEC5\",\"#B0BEC5\",\"#B0BEC5\",\"#B0BEC5\",\"#B0BEC5\",\"#B0BEC5\",\"#B0BEC5\",\"#B0BEC5\",\"#B0BEC5\",\"#B0BEC5\",\"#B0BEC5\",\"#B0BEC5\",\"#B0BEC5\",\"#B0BEC5\",\"#B0BEC5\",\"#B0BEC5\",\"#B0BEC5\",\"#B0BEC5\",\"#B0BEC5\",\"#B0BEC5\",\"#B0BEC5\",\"#B0BEC5\",\"#B0BEC5\",\"#B0BEC5\",\"#B0BEC5\",\"#B0BEC5\"]]}],\"label\":\"Topic 30\",\"method\":\"update\"},{\"args\":[{\"marker.color\":[[\"#B0BEC5\",\"#B0BEC5\",\"#B0BEC5\",\"#B0BEC5\",\"#B0BEC5\",\"#B0BEC5\",\"#B0BEC5\",\"#B0BEC5\",\"#B0BEC5\",\"#B0BEC5\",\"#B0BEC5\",\"#B0BEC5\",\"#B0BEC5\",\"#B0BEC5\",\"#B0BEC5\",\"#B0BEC5\",\"#B0BEC5\",\"#B0BEC5\",\"#B0BEC5\",\"#B0BEC5\",\"#B0BEC5\",\"#B0BEC5\",\"#B0BEC5\",\"#B0BEC5\",\"#B0BEC5\",\"#B0BEC5\",\"#B0BEC5\",\"#B0BEC5\",\"#B0BEC5\",\"#B0BEC5\",\"#B0BEC5\",\"red\",\"#B0BEC5\",\"#B0BEC5\",\"#B0BEC5\",\"#B0BEC5\",\"#B0BEC5\",\"#B0BEC5\",\"#B0BEC5\",\"#B0BEC5\",\"#B0BEC5\",\"#B0BEC5\",\"#B0BEC5\",\"#B0BEC5\",\"#B0BEC5\",\"#B0BEC5\",\"#B0BEC5\",\"#B0BEC5\",\"#B0BEC5\",\"#B0BEC5\",\"#B0BEC5\",\"#B0BEC5\",\"#B0BEC5\",\"#B0BEC5\",\"#B0BEC5\",\"#B0BEC5\",\"#B0BEC5\",\"#B0BEC5\",\"#B0BEC5\",\"#B0BEC5\",\"#B0BEC5\",\"#B0BEC5\",\"#B0BEC5\",\"#B0BEC5\"]]}],\"label\":\"Topic 31\",\"method\":\"update\"},{\"args\":[{\"marker.color\":[[\"#B0BEC5\",\"#B0BEC5\",\"#B0BEC5\",\"#B0BEC5\",\"#B0BEC5\",\"#B0BEC5\",\"#B0BEC5\",\"#B0BEC5\",\"#B0BEC5\",\"#B0BEC5\",\"#B0BEC5\",\"#B0BEC5\",\"#B0BEC5\",\"#B0BEC5\",\"#B0BEC5\",\"#B0BEC5\",\"#B0BEC5\",\"#B0BEC5\",\"#B0BEC5\",\"#B0BEC5\",\"#B0BEC5\",\"#B0BEC5\",\"#B0BEC5\",\"#B0BEC5\",\"#B0BEC5\",\"#B0BEC5\",\"#B0BEC5\",\"#B0BEC5\",\"#B0BEC5\",\"#B0BEC5\",\"#B0BEC5\",\"#B0BEC5\",\"red\",\"#B0BEC5\",\"#B0BEC5\",\"#B0BEC5\",\"#B0BEC5\",\"#B0BEC5\",\"#B0BEC5\",\"#B0BEC5\",\"#B0BEC5\",\"#B0BEC5\",\"#B0BEC5\",\"#B0BEC5\",\"#B0BEC5\",\"#B0BEC5\",\"#B0BEC5\",\"#B0BEC5\",\"#B0BEC5\",\"#B0BEC5\",\"#B0BEC5\",\"#B0BEC5\",\"#B0BEC5\",\"#B0BEC5\",\"#B0BEC5\",\"#B0BEC5\",\"#B0BEC5\",\"#B0BEC5\",\"#B0BEC5\",\"#B0BEC5\",\"#B0BEC5\",\"#B0BEC5\",\"#B0BEC5\",\"#B0BEC5\"]]}],\"label\":\"Topic 32\",\"method\":\"update\"},{\"args\":[{\"marker.color\":[[\"#B0BEC5\",\"#B0BEC5\",\"#B0BEC5\",\"#B0BEC5\",\"#B0BEC5\",\"#B0BEC5\",\"#B0BEC5\",\"#B0BEC5\",\"#B0BEC5\",\"#B0BEC5\",\"#B0BEC5\",\"#B0BEC5\",\"#B0BEC5\",\"#B0BEC5\",\"#B0BEC5\",\"#B0BEC5\",\"#B0BEC5\",\"#B0BEC5\",\"#B0BEC5\",\"#B0BEC5\",\"#B0BEC5\",\"#B0BEC5\",\"#B0BEC5\",\"#B0BEC5\",\"#B0BEC5\",\"#B0BEC5\",\"#B0BEC5\",\"#B0BEC5\",\"#B0BEC5\",\"#B0BEC5\",\"#B0BEC5\",\"#B0BEC5\",\"#B0BEC5\",\"red\",\"#B0BEC5\",\"#B0BEC5\",\"#B0BEC5\",\"#B0BEC5\",\"#B0BEC5\",\"#B0BEC5\",\"#B0BEC5\",\"#B0BEC5\",\"#B0BEC5\",\"#B0BEC5\",\"#B0BEC5\",\"#B0BEC5\",\"#B0BEC5\",\"#B0BEC5\",\"#B0BEC5\",\"#B0BEC5\",\"#B0BEC5\",\"#B0BEC5\",\"#B0BEC5\",\"#B0BEC5\",\"#B0BEC5\",\"#B0BEC5\",\"#B0BEC5\",\"#B0BEC5\",\"#B0BEC5\",\"#B0BEC5\",\"#B0BEC5\",\"#B0BEC5\",\"#B0BEC5\",\"#B0BEC5\"]]}],\"label\":\"Topic 33\",\"method\":\"update\"},{\"args\":[{\"marker.color\":[[\"#B0BEC5\",\"#B0BEC5\",\"#B0BEC5\",\"#B0BEC5\",\"#B0BEC5\",\"#B0BEC5\",\"#B0BEC5\",\"#B0BEC5\",\"#B0BEC5\",\"#B0BEC5\",\"#B0BEC5\",\"#B0BEC5\",\"#B0BEC5\",\"#B0BEC5\",\"#B0BEC5\",\"#B0BEC5\",\"#B0BEC5\",\"#B0BEC5\",\"#B0BEC5\",\"#B0BEC5\",\"#B0BEC5\",\"#B0BEC5\",\"#B0BEC5\",\"#B0BEC5\",\"#B0BEC5\",\"#B0BEC5\",\"#B0BEC5\",\"#B0BEC5\",\"#B0BEC5\",\"#B0BEC5\",\"#B0BEC5\",\"#B0BEC5\",\"#B0BEC5\",\"#B0BEC5\",\"red\",\"#B0BEC5\",\"#B0BEC5\",\"#B0BEC5\",\"#B0BEC5\",\"#B0BEC5\",\"#B0BEC5\",\"#B0BEC5\",\"#B0BEC5\",\"#B0BEC5\",\"#B0BEC5\",\"#B0BEC5\",\"#B0BEC5\",\"#B0BEC5\",\"#B0BEC5\",\"#B0BEC5\",\"#B0BEC5\",\"#B0BEC5\",\"#B0BEC5\",\"#B0BEC5\",\"#B0BEC5\",\"#B0BEC5\",\"#B0BEC5\",\"#B0BEC5\",\"#B0BEC5\",\"#B0BEC5\",\"#B0BEC5\",\"#B0BEC5\",\"#B0BEC5\",\"#B0BEC5\"]]}],\"label\":\"Topic 34\",\"method\":\"update\"},{\"args\":[{\"marker.color\":[[\"#B0BEC5\",\"#B0BEC5\",\"#B0BEC5\",\"#B0BEC5\",\"#B0BEC5\",\"#B0BEC5\",\"#B0BEC5\",\"#B0BEC5\",\"#B0BEC5\",\"#B0BEC5\",\"#B0BEC5\",\"#B0BEC5\",\"#B0BEC5\",\"#B0BEC5\",\"#B0BEC5\",\"#B0BEC5\",\"#B0BEC5\",\"#B0BEC5\",\"#B0BEC5\",\"#B0BEC5\",\"#B0BEC5\",\"#B0BEC5\",\"#B0BEC5\",\"#B0BEC5\",\"#B0BEC5\",\"#B0BEC5\",\"#B0BEC5\",\"#B0BEC5\",\"#B0BEC5\",\"#B0BEC5\",\"#B0BEC5\",\"#B0BEC5\",\"#B0BEC5\",\"#B0BEC5\",\"#B0BEC5\",\"red\",\"#B0BEC5\",\"#B0BEC5\",\"#B0BEC5\",\"#B0BEC5\",\"#B0BEC5\",\"#B0BEC5\",\"#B0BEC5\",\"#B0BEC5\",\"#B0BEC5\",\"#B0BEC5\",\"#B0BEC5\",\"#B0BEC5\",\"#B0BEC5\",\"#B0BEC5\",\"#B0BEC5\",\"#B0BEC5\",\"#B0BEC5\",\"#B0BEC5\",\"#B0BEC5\",\"#B0BEC5\",\"#B0BEC5\",\"#B0BEC5\",\"#B0BEC5\",\"#B0BEC5\",\"#B0BEC5\",\"#B0BEC5\",\"#B0BEC5\",\"#B0BEC5\"]]}],\"label\":\"Topic 35\",\"method\":\"update\"},{\"args\":[{\"marker.color\":[[\"#B0BEC5\",\"#B0BEC5\",\"#B0BEC5\",\"#B0BEC5\",\"#B0BEC5\",\"#B0BEC5\",\"#B0BEC5\",\"#B0BEC5\",\"#B0BEC5\",\"#B0BEC5\",\"#B0BEC5\",\"#B0BEC5\",\"#B0BEC5\",\"#B0BEC5\",\"#B0BEC5\",\"#B0BEC5\",\"#B0BEC5\",\"#B0BEC5\",\"#B0BEC5\",\"#B0BEC5\",\"#B0BEC5\",\"#B0BEC5\",\"#B0BEC5\",\"#B0BEC5\",\"#B0BEC5\",\"#B0BEC5\",\"#B0BEC5\",\"#B0BEC5\",\"#B0BEC5\",\"#B0BEC5\",\"#B0BEC5\",\"#B0BEC5\",\"#B0BEC5\",\"#B0BEC5\",\"#B0BEC5\",\"#B0BEC5\",\"red\",\"#B0BEC5\",\"#B0BEC5\",\"#B0BEC5\",\"#B0BEC5\",\"#B0BEC5\",\"#B0BEC5\",\"#B0BEC5\",\"#B0BEC5\",\"#B0BEC5\",\"#B0BEC5\",\"#B0BEC5\",\"#B0BEC5\",\"#B0BEC5\",\"#B0BEC5\",\"#B0BEC5\",\"#B0BEC5\",\"#B0BEC5\",\"#B0BEC5\",\"#B0BEC5\",\"#B0BEC5\",\"#B0BEC5\",\"#B0BEC5\",\"#B0BEC5\",\"#B0BEC5\",\"#B0BEC5\",\"#B0BEC5\",\"#B0BEC5\"]]}],\"label\":\"Topic 36\",\"method\":\"update\"},{\"args\":[{\"marker.color\":[[\"#B0BEC5\",\"#B0BEC5\",\"#B0BEC5\",\"#B0BEC5\",\"#B0BEC5\",\"#B0BEC5\",\"#B0BEC5\",\"#B0BEC5\",\"#B0BEC5\",\"#B0BEC5\",\"#B0BEC5\",\"#B0BEC5\",\"#B0BEC5\",\"#B0BEC5\",\"#B0BEC5\",\"#B0BEC5\",\"#B0BEC5\",\"#B0BEC5\",\"#B0BEC5\",\"#B0BEC5\",\"#B0BEC5\",\"#B0BEC5\",\"#B0BEC5\",\"#B0BEC5\",\"#B0BEC5\",\"#B0BEC5\",\"#B0BEC5\",\"#B0BEC5\",\"#B0BEC5\",\"#B0BEC5\",\"#B0BEC5\",\"#B0BEC5\",\"#B0BEC5\",\"#B0BEC5\",\"#B0BEC5\",\"#B0BEC5\",\"#B0BEC5\",\"red\",\"#B0BEC5\",\"#B0BEC5\",\"#B0BEC5\",\"#B0BEC5\",\"#B0BEC5\",\"#B0BEC5\",\"#B0BEC5\",\"#B0BEC5\",\"#B0BEC5\",\"#B0BEC5\",\"#B0BEC5\",\"#B0BEC5\",\"#B0BEC5\",\"#B0BEC5\",\"#B0BEC5\",\"#B0BEC5\",\"#B0BEC5\",\"#B0BEC5\",\"#B0BEC5\",\"#B0BEC5\",\"#B0BEC5\",\"#B0BEC5\",\"#B0BEC5\",\"#B0BEC5\",\"#B0BEC5\",\"#B0BEC5\"]]}],\"label\":\"Topic 37\",\"method\":\"update\"},{\"args\":[{\"marker.color\":[[\"#B0BEC5\",\"#B0BEC5\",\"#B0BEC5\",\"#B0BEC5\",\"#B0BEC5\",\"#B0BEC5\",\"#B0BEC5\",\"#B0BEC5\",\"#B0BEC5\",\"#B0BEC5\",\"#B0BEC5\",\"#B0BEC5\",\"#B0BEC5\",\"#B0BEC5\",\"#B0BEC5\",\"#B0BEC5\",\"#B0BEC5\",\"#B0BEC5\",\"#B0BEC5\",\"#B0BEC5\",\"#B0BEC5\",\"#B0BEC5\",\"#B0BEC5\",\"#B0BEC5\",\"#B0BEC5\",\"#B0BEC5\",\"#B0BEC5\",\"#B0BEC5\",\"#B0BEC5\",\"#B0BEC5\",\"#B0BEC5\",\"#B0BEC5\",\"#B0BEC5\",\"#B0BEC5\",\"#B0BEC5\",\"#B0BEC5\",\"#B0BEC5\",\"#B0BEC5\",\"red\",\"#B0BEC5\",\"#B0BEC5\",\"#B0BEC5\",\"#B0BEC5\",\"#B0BEC5\",\"#B0BEC5\",\"#B0BEC5\",\"#B0BEC5\",\"#B0BEC5\",\"#B0BEC5\",\"#B0BEC5\",\"#B0BEC5\",\"#B0BEC5\",\"#B0BEC5\",\"#B0BEC5\",\"#B0BEC5\",\"#B0BEC5\",\"#B0BEC5\",\"#B0BEC5\",\"#B0BEC5\",\"#B0BEC5\",\"#B0BEC5\",\"#B0BEC5\",\"#B0BEC5\",\"#B0BEC5\"]]}],\"label\":\"Topic 38\",\"method\":\"update\"},{\"args\":[{\"marker.color\":[[\"#B0BEC5\",\"#B0BEC5\",\"#B0BEC5\",\"#B0BEC5\",\"#B0BEC5\",\"#B0BEC5\",\"#B0BEC5\",\"#B0BEC5\",\"#B0BEC5\",\"#B0BEC5\",\"#B0BEC5\",\"#B0BEC5\",\"#B0BEC5\",\"#B0BEC5\",\"#B0BEC5\",\"#B0BEC5\",\"#B0BEC5\",\"#B0BEC5\",\"#B0BEC5\",\"#B0BEC5\",\"#B0BEC5\",\"#B0BEC5\",\"#B0BEC5\",\"#B0BEC5\",\"#B0BEC5\",\"#B0BEC5\",\"#B0BEC5\",\"#B0BEC5\",\"#B0BEC5\",\"#B0BEC5\",\"#B0BEC5\",\"#B0BEC5\",\"#B0BEC5\",\"#B0BEC5\",\"#B0BEC5\",\"#B0BEC5\",\"#B0BEC5\",\"#B0BEC5\",\"#B0BEC5\",\"red\",\"#B0BEC5\",\"#B0BEC5\",\"#B0BEC5\",\"#B0BEC5\",\"#B0BEC5\",\"#B0BEC5\",\"#B0BEC5\",\"#B0BEC5\",\"#B0BEC5\",\"#B0BEC5\",\"#B0BEC5\",\"#B0BEC5\",\"#B0BEC5\",\"#B0BEC5\",\"#B0BEC5\",\"#B0BEC5\",\"#B0BEC5\",\"#B0BEC5\",\"#B0BEC5\",\"#B0BEC5\",\"#B0BEC5\",\"#B0BEC5\",\"#B0BEC5\",\"#B0BEC5\"]]}],\"label\":\"Topic 39\",\"method\":\"update\"},{\"args\":[{\"marker.color\":[[\"#B0BEC5\",\"#B0BEC5\",\"#B0BEC5\",\"#B0BEC5\",\"#B0BEC5\",\"#B0BEC5\",\"#B0BEC5\",\"#B0BEC5\",\"#B0BEC5\",\"#B0BEC5\",\"#B0BEC5\",\"#B0BEC5\",\"#B0BEC5\",\"#B0BEC5\",\"#B0BEC5\",\"#B0BEC5\",\"#B0BEC5\",\"#B0BEC5\",\"#B0BEC5\",\"#B0BEC5\",\"#B0BEC5\",\"#B0BEC5\",\"#B0BEC5\",\"#B0BEC5\",\"#B0BEC5\",\"#B0BEC5\",\"#B0BEC5\",\"#B0BEC5\",\"#B0BEC5\",\"#B0BEC5\",\"#B0BEC5\",\"#B0BEC5\",\"#B0BEC5\",\"#B0BEC5\",\"#B0BEC5\",\"#B0BEC5\",\"#B0BEC5\",\"#B0BEC5\",\"#B0BEC5\",\"#B0BEC5\",\"red\",\"#B0BEC5\",\"#B0BEC5\",\"#B0BEC5\",\"#B0BEC5\",\"#B0BEC5\",\"#B0BEC5\",\"#B0BEC5\",\"#B0BEC5\",\"#B0BEC5\",\"#B0BEC5\",\"#B0BEC5\",\"#B0BEC5\",\"#B0BEC5\",\"#B0BEC5\",\"#B0BEC5\",\"#B0BEC5\",\"#B0BEC5\",\"#B0BEC5\",\"#B0BEC5\",\"#B0BEC5\",\"#B0BEC5\",\"#B0BEC5\",\"#B0BEC5\"]]}],\"label\":\"Topic 40\",\"method\":\"update\"},{\"args\":[{\"marker.color\":[[\"#B0BEC5\",\"#B0BEC5\",\"#B0BEC5\",\"#B0BEC5\",\"#B0BEC5\",\"#B0BEC5\",\"#B0BEC5\",\"#B0BEC5\",\"#B0BEC5\",\"#B0BEC5\",\"#B0BEC5\",\"#B0BEC5\",\"#B0BEC5\",\"#B0BEC5\",\"#B0BEC5\",\"#B0BEC5\",\"#B0BEC5\",\"#B0BEC5\",\"#B0BEC5\",\"#B0BEC5\",\"#B0BEC5\",\"#B0BEC5\",\"#B0BEC5\",\"#B0BEC5\",\"#B0BEC5\",\"#B0BEC5\",\"#B0BEC5\",\"#B0BEC5\",\"#B0BEC5\",\"#B0BEC5\",\"#B0BEC5\",\"#B0BEC5\",\"#B0BEC5\",\"#B0BEC5\",\"#B0BEC5\",\"#B0BEC5\",\"#B0BEC5\",\"#B0BEC5\",\"#B0BEC5\",\"#B0BEC5\",\"#B0BEC5\",\"red\",\"#B0BEC5\",\"#B0BEC5\",\"#B0BEC5\",\"#B0BEC5\",\"#B0BEC5\",\"#B0BEC5\",\"#B0BEC5\",\"#B0BEC5\",\"#B0BEC5\",\"#B0BEC5\",\"#B0BEC5\",\"#B0BEC5\",\"#B0BEC5\",\"#B0BEC5\",\"#B0BEC5\",\"#B0BEC5\",\"#B0BEC5\",\"#B0BEC5\",\"#B0BEC5\",\"#B0BEC5\",\"#B0BEC5\",\"#B0BEC5\"]]}],\"label\":\"Topic 41\",\"method\":\"update\"},{\"args\":[{\"marker.color\":[[\"#B0BEC5\",\"#B0BEC5\",\"#B0BEC5\",\"#B0BEC5\",\"#B0BEC5\",\"#B0BEC5\",\"#B0BEC5\",\"#B0BEC5\",\"#B0BEC5\",\"#B0BEC5\",\"#B0BEC5\",\"#B0BEC5\",\"#B0BEC5\",\"#B0BEC5\",\"#B0BEC5\",\"#B0BEC5\",\"#B0BEC5\",\"#B0BEC5\",\"#B0BEC5\",\"#B0BEC5\",\"#B0BEC5\",\"#B0BEC5\",\"#B0BEC5\",\"#B0BEC5\",\"#B0BEC5\",\"#B0BEC5\",\"#B0BEC5\",\"#B0BEC5\",\"#B0BEC5\",\"#B0BEC5\",\"#B0BEC5\",\"#B0BEC5\",\"#B0BEC5\",\"#B0BEC5\",\"#B0BEC5\",\"#B0BEC5\",\"#B0BEC5\",\"#B0BEC5\",\"#B0BEC5\",\"#B0BEC5\",\"#B0BEC5\",\"#B0BEC5\",\"red\",\"#B0BEC5\",\"#B0BEC5\",\"#B0BEC5\",\"#B0BEC5\",\"#B0BEC5\",\"#B0BEC5\",\"#B0BEC5\",\"#B0BEC5\",\"#B0BEC5\",\"#B0BEC5\",\"#B0BEC5\",\"#B0BEC5\",\"#B0BEC5\",\"#B0BEC5\",\"#B0BEC5\",\"#B0BEC5\",\"#B0BEC5\",\"#B0BEC5\",\"#B0BEC5\",\"#B0BEC5\",\"#B0BEC5\"]]}],\"label\":\"Topic 42\",\"method\":\"update\"},{\"args\":[{\"marker.color\":[[\"#B0BEC5\",\"#B0BEC5\",\"#B0BEC5\",\"#B0BEC5\",\"#B0BEC5\",\"#B0BEC5\",\"#B0BEC5\",\"#B0BEC5\",\"#B0BEC5\",\"#B0BEC5\",\"#B0BEC5\",\"#B0BEC5\",\"#B0BEC5\",\"#B0BEC5\",\"#B0BEC5\",\"#B0BEC5\",\"#B0BEC5\",\"#B0BEC5\",\"#B0BEC5\",\"#B0BEC5\",\"#B0BEC5\",\"#B0BEC5\",\"#B0BEC5\",\"#B0BEC5\",\"#B0BEC5\",\"#B0BEC5\",\"#B0BEC5\",\"#B0BEC5\",\"#B0BEC5\",\"#B0BEC5\",\"#B0BEC5\",\"#B0BEC5\",\"#B0BEC5\",\"#B0BEC5\",\"#B0BEC5\",\"#B0BEC5\",\"#B0BEC5\",\"#B0BEC5\",\"#B0BEC5\",\"#B0BEC5\",\"#B0BEC5\",\"#B0BEC5\",\"#B0BEC5\",\"red\",\"#B0BEC5\",\"#B0BEC5\",\"#B0BEC5\",\"#B0BEC5\",\"#B0BEC5\",\"#B0BEC5\",\"#B0BEC5\",\"#B0BEC5\",\"#B0BEC5\",\"#B0BEC5\",\"#B0BEC5\",\"#B0BEC5\",\"#B0BEC5\",\"#B0BEC5\",\"#B0BEC5\",\"#B0BEC5\",\"#B0BEC5\",\"#B0BEC5\",\"#B0BEC5\",\"#B0BEC5\"]]}],\"label\":\"Topic 43\",\"method\":\"update\"},{\"args\":[{\"marker.color\":[[\"#B0BEC5\",\"#B0BEC5\",\"#B0BEC5\",\"#B0BEC5\",\"#B0BEC5\",\"#B0BEC5\",\"#B0BEC5\",\"#B0BEC5\",\"#B0BEC5\",\"#B0BEC5\",\"#B0BEC5\",\"#B0BEC5\",\"#B0BEC5\",\"#B0BEC5\",\"#B0BEC5\",\"#B0BEC5\",\"#B0BEC5\",\"#B0BEC5\",\"#B0BEC5\",\"#B0BEC5\",\"#B0BEC5\",\"#B0BEC5\",\"#B0BEC5\",\"#B0BEC5\",\"#B0BEC5\",\"#B0BEC5\",\"#B0BEC5\",\"#B0BEC5\",\"#B0BEC5\",\"#B0BEC5\",\"#B0BEC5\",\"#B0BEC5\",\"#B0BEC5\",\"#B0BEC5\",\"#B0BEC5\",\"#B0BEC5\",\"#B0BEC5\",\"#B0BEC5\",\"#B0BEC5\",\"#B0BEC5\",\"#B0BEC5\",\"#B0BEC5\",\"#B0BEC5\",\"#B0BEC5\",\"red\",\"#B0BEC5\",\"#B0BEC5\",\"#B0BEC5\",\"#B0BEC5\",\"#B0BEC5\",\"#B0BEC5\",\"#B0BEC5\",\"#B0BEC5\",\"#B0BEC5\",\"#B0BEC5\",\"#B0BEC5\",\"#B0BEC5\",\"#B0BEC5\",\"#B0BEC5\",\"#B0BEC5\",\"#B0BEC5\",\"#B0BEC5\",\"#B0BEC5\",\"#B0BEC5\"]]}],\"label\":\"Topic 44\",\"method\":\"update\"},{\"args\":[{\"marker.color\":[[\"#B0BEC5\",\"#B0BEC5\",\"#B0BEC5\",\"#B0BEC5\",\"#B0BEC5\",\"#B0BEC5\",\"#B0BEC5\",\"#B0BEC5\",\"#B0BEC5\",\"#B0BEC5\",\"#B0BEC5\",\"#B0BEC5\",\"#B0BEC5\",\"#B0BEC5\",\"#B0BEC5\",\"#B0BEC5\",\"#B0BEC5\",\"#B0BEC5\",\"#B0BEC5\",\"#B0BEC5\",\"#B0BEC5\",\"#B0BEC5\",\"#B0BEC5\",\"#B0BEC5\",\"#B0BEC5\",\"#B0BEC5\",\"#B0BEC5\",\"#B0BEC5\",\"#B0BEC5\",\"#B0BEC5\",\"#B0BEC5\",\"#B0BEC5\",\"#B0BEC5\",\"#B0BEC5\",\"#B0BEC5\",\"#B0BEC5\",\"#B0BEC5\",\"#B0BEC5\",\"#B0BEC5\",\"#B0BEC5\",\"#B0BEC5\",\"#B0BEC5\",\"#B0BEC5\",\"#B0BEC5\",\"#B0BEC5\",\"red\",\"#B0BEC5\",\"#B0BEC5\",\"#B0BEC5\",\"#B0BEC5\",\"#B0BEC5\",\"#B0BEC5\",\"#B0BEC5\",\"#B0BEC5\",\"#B0BEC5\",\"#B0BEC5\",\"#B0BEC5\",\"#B0BEC5\",\"#B0BEC5\",\"#B0BEC5\",\"#B0BEC5\",\"#B0BEC5\",\"#B0BEC5\",\"#B0BEC5\"]]}],\"label\":\"Topic 45\",\"method\":\"update\"},{\"args\":[{\"marker.color\":[[\"#B0BEC5\",\"#B0BEC5\",\"#B0BEC5\",\"#B0BEC5\",\"#B0BEC5\",\"#B0BEC5\",\"#B0BEC5\",\"#B0BEC5\",\"#B0BEC5\",\"#B0BEC5\",\"#B0BEC5\",\"#B0BEC5\",\"#B0BEC5\",\"#B0BEC5\",\"#B0BEC5\",\"#B0BEC5\",\"#B0BEC5\",\"#B0BEC5\",\"#B0BEC5\",\"#B0BEC5\",\"#B0BEC5\",\"#B0BEC5\",\"#B0BEC5\",\"#B0BEC5\",\"#B0BEC5\",\"#B0BEC5\",\"#B0BEC5\",\"#B0BEC5\",\"#B0BEC5\",\"#B0BEC5\",\"#B0BEC5\",\"#B0BEC5\",\"#B0BEC5\",\"#B0BEC5\",\"#B0BEC5\",\"#B0BEC5\",\"#B0BEC5\",\"#B0BEC5\",\"#B0BEC5\",\"#B0BEC5\",\"#B0BEC5\",\"#B0BEC5\",\"#B0BEC5\",\"#B0BEC5\",\"#B0BEC5\",\"#B0BEC5\",\"red\",\"#B0BEC5\",\"#B0BEC5\",\"#B0BEC5\",\"#B0BEC5\",\"#B0BEC5\",\"#B0BEC5\",\"#B0BEC5\",\"#B0BEC5\",\"#B0BEC5\",\"#B0BEC5\",\"#B0BEC5\",\"#B0BEC5\",\"#B0BEC5\",\"#B0BEC5\",\"#B0BEC5\",\"#B0BEC5\",\"#B0BEC5\"]]}],\"label\":\"Topic 46\",\"method\":\"update\"},{\"args\":[{\"marker.color\":[[\"#B0BEC5\",\"#B0BEC5\",\"#B0BEC5\",\"#B0BEC5\",\"#B0BEC5\",\"#B0BEC5\",\"#B0BEC5\",\"#B0BEC5\",\"#B0BEC5\",\"#B0BEC5\",\"#B0BEC5\",\"#B0BEC5\",\"#B0BEC5\",\"#B0BEC5\",\"#B0BEC5\",\"#B0BEC5\",\"#B0BEC5\",\"#B0BEC5\",\"#B0BEC5\",\"#B0BEC5\",\"#B0BEC5\",\"#B0BEC5\",\"#B0BEC5\",\"#B0BEC5\",\"#B0BEC5\",\"#B0BEC5\",\"#B0BEC5\",\"#B0BEC5\",\"#B0BEC5\",\"#B0BEC5\",\"#B0BEC5\",\"#B0BEC5\",\"#B0BEC5\",\"#B0BEC5\",\"#B0BEC5\",\"#B0BEC5\",\"#B0BEC5\",\"#B0BEC5\",\"#B0BEC5\",\"#B0BEC5\",\"#B0BEC5\",\"#B0BEC5\",\"#B0BEC5\",\"#B0BEC5\",\"#B0BEC5\",\"#B0BEC5\",\"#B0BEC5\",\"red\",\"#B0BEC5\",\"#B0BEC5\",\"#B0BEC5\",\"#B0BEC5\",\"#B0BEC5\",\"#B0BEC5\",\"#B0BEC5\",\"#B0BEC5\",\"#B0BEC5\",\"#B0BEC5\",\"#B0BEC5\",\"#B0BEC5\",\"#B0BEC5\",\"#B0BEC5\",\"#B0BEC5\",\"#B0BEC5\"]]}],\"label\":\"Topic 47\",\"method\":\"update\"},{\"args\":[{\"marker.color\":[[\"#B0BEC5\",\"#B0BEC5\",\"#B0BEC5\",\"#B0BEC5\",\"#B0BEC5\",\"#B0BEC5\",\"#B0BEC5\",\"#B0BEC5\",\"#B0BEC5\",\"#B0BEC5\",\"#B0BEC5\",\"#B0BEC5\",\"#B0BEC5\",\"#B0BEC5\",\"#B0BEC5\",\"#B0BEC5\",\"#B0BEC5\",\"#B0BEC5\",\"#B0BEC5\",\"#B0BEC5\",\"#B0BEC5\",\"#B0BEC5\",\"#B0BEC5\",\"#B0BEC5\",\"#B0BEC5\",\"#B0BEC5\",\"#B0BEC5\",\"#B0BEC5\",\"#B0BEC5\",\"#B0BEC5\",\"#B0BEC5\",\"#B0BEC5\",\"#B0BEC5\",\"#B0BEC5\",\"#B0BEC5\",\"#B0BEC5\",\"#B0BEC5\",\"#B0BEC5\",\"#B0BEC5\",\"#B0BEC5\",\"#B0BEC5\",\"#B0BEC5\",\"#B0BEC5\",\"#B0BEC5\",\"#B0BEC5\",\"#B0BEC5\",\"#B0BEC5\",\"#B0BEC5\",\"red\",\"#B0BEC5\",\"#B0BEC5\",\"#B0BEC5\",\"#B0BEC5\",\"#B0BEC5\",\"#B0BEC5\",\"#B0BEC5\",\"#B0BEC5\",\"#B0BEC5\",\"#B0BEC5\",\"#B0BEC5\",\"#B0BEC5\",\"#B0BEC5\",\"#B0BEC5\",\"#B0BEC5\"]]}],\"label\":\"Topic 48\",\"method\":\"update\"},{\"args\":[{\"marker.color\":[[\"#B0BEC5\",\"#B0BEC5\",\"#B0BEC5\",\"#B0BEC5\",\"#B0BEC5\",\"#B0BEC5\",\"#B0BEC5\",\"#B0BEC5\",\"#B0BEC5\",\"#B0BEC5\",\"#B0BEC5\",\"#B0BEC5\",\"#B0BEC5\",\"#B0BEC5\",\"#B0BEC5\",\"#B0BEC5\",\"#B0BEC5\",\"#B0BEC5\",\"#B0BEC5\",\"#B0BEC5\",\"#B0BEC5\",\"#B0BEC5\",\"#B0BEC5\",\"#B0BEC5\",\"#B0BEC5\",\"#B0BEC5\",\"#B0BEC5\",\"#B0BEC5\",\"#B0BEC5\",\"#B0BEC5\",\"#B0BEC5\",\"#B0BEC5\",\"#B0BEC5\",\"#B0BEC5\",\"#B0BEC5\",\"#B0BEC5\",\"#B0BEC5\",\"#B0BEC5\",\"#B0BEC5\",\"#B0BEC5\",\"#B0BEC5\",\"#B0BEC5\",\"#B0BEC5\",\"#B0BEC5\",\"#B0BEC5\",\"#B0BEC5\",\"#B0BEC5\",\"#B0BEC5\",\"#B0BEC5\",\"red\",\"#B0BEC5\",\"#B0BEC5\",\"#B0BEC5\",\"#B0BEC5\",\"#B0BEC5\",\"#B0BEC5\",\"#B0BEC5\",\"#B0BEC5\",\"#B0BEC5\",\"#B0BEC5\",\"#B0BEC5\",\"#B0BEC5\",\"#B0BEC5\",\"#B0BEC5\"]]}],\"label\":\"Topic 49\",\"method\":\"update\"},{\"args\":[{\"marker.color\":[[\"#B0BEC5\",\"#B0BEC5\",\"#B0BEC5\",\"#B0BEC5\",\"#B0BEC5\",\"#B0BEC5\",\"#B0BEC5\",\"#B0BEC5\",\"#B0BEC5\",\"#B0BEC5\",\"#B0BEC5\",\"#B0BEC5\",\"#B0BEC5\",\"#B0BEC5\",\"#B0BEC5\",\"#B0BEC5\",\"#B0BEC5\",\"#B0BEC5\",\"#B0BEC5\",\"#B0BEC5\",\"#B0BEC5\",\"#B0BEC5\",\"#B0BEC5\",\"#B0BEC5\",\"#B0BEC5\",\"#B0BEC5\",\"#B0BEC5\",\"#B0BEC5\",\"#B0BEC5\",\"#B0BEC5\",\"#B0BEC5\",\"#B0BEC5\",\"#B0BEC5\",\"#B0BEC5\",\"#B0BEC5\",\"#B0BEC5\",\"#B0BEC5\",\"#B0BEC5\",\"#B0BEC5\",\"#B0BEC5\",\"#B0BEC5\",\"#B0BEC5\",\"#B0BEC5\",\"#B0BEC5\",\"#B0BEC5\",\"#B0BEC5\",\"#B0BEC5\",\"#B0BEC5\",\"#B0BEC5\",\"#B0BEC5\",\"red\",\"#B0BEC5\",\"#B0BEC5\",\"#B0BEC5\",\"#B0BEC5\",\"#B0BEC5\",\"#B0BEC5\",\"#B0BEC5\",\"#B0BEC5\",\"#B0BEC5\",\"#B0BEC5\",\"#B0BEC5\",\"#B0BEC5\",\"#B0BEC5\"]]}],\"label\":\"Topic 50\",\"method\":\"update\"},{\"args\":[{\"marker.color\":[[\"#B0BEC5\",\"#B0BEC5\",\"#B0BEC5\",\"#B0BEC5\",\"#B0BEC5\",\"#B0BEC5\",\"#B0BEC5\",\"#B0BEC5\",\"#B0BEC5\",\"#B0BEC5\",\"#B0BEC5\",\"#B0BEC5\",\"#B0BEC5\",\"#B0BEC5\",\"#B0BEC5\",\"#B0BEC5\",\"#B0BEC5\",\"#B0BEC5\",\"#B0BEC5\",\"#B0BEC5\",\"#B0BEC5\",\"#B0BEC5\",\"#B0BEC5\",\"#B0BEC5\",\"#B0BEC5\",\"#B0BEC5\",\"#B0BEC5\",\"#B0BEC5\",\"#B0BEC5\",\"#B0BEC5\",\"#B0BEC5\",\"#B0BEC5\",\"#B0BEC5\",\"#B0BEC5\",\"#B0BEC5\",\"#B0BEC5\",\"#B0BEC5\",\"#B0BEC5\",\"#B0BEC5\",\"#B0BEC5\",\"#B0BEC5\",\"#B0BEC5\",\"#B0BEC5\",\"#B0BEC5\",\"#B0BEC5\",\"#B0BEC5\",\"#B0BEC5\",\"#B0BEC5\",\"#B0BEC5\",\"#B0BEC5\",\"#B0BEC5\",\"red\",\"#B0BEC5\",\"#B0BEC5\",\"#B0BEC5\",\"#B0BEC5\",\"#B0BEC5\",\"#B0BEC5\",\"#B0BEC5\",\"#B0BEC5\",\"#B0BEC5\",\"#B0BEC5\",\"#B0BEC5\",\"#B0BEC5\"]]}],\"label\":\"Topic 51\",\"method\":\"update\"},{\"args\":[{\"marker.color\":[[\"#B0BEC5\",\"#B0BEC5\",\"#B0BEC5\",\"#B0BEC5\",\"#B0BEC5\",\"#B0BEC5\",\"#B0BEC5\",\"#B0BEC5\",\"#B0BEC5\",\"#B0BEC5\",\"#B0BEC5\",\"#B0BEC5\",\"#B0BEC5\",\"#B0BEC5\",\"#B0BEC5\",\"#B0BEC5\",\"#B0BEC5\",\"#B0BEC5\",\"#B0BEC5\",\"#B0BEC5\",\"#B0BEC5\",\"#B0BEC5\",\"#B0BEC5\",\"#B0BEC5\",\"#B0BEC5\",\"#B0BEC5\",\"#B0BEC5\",\"#B0BEC5\",\"#B0BEC5\",\"#B0BEC5\",\"#B0BEC5\",\"#B0BEC5\",\"#B0BEC5\",\"#B0BEC5\",\"#B0BEC5\",\"#B0BEC5\",\"#B0BEC5\",\"#B0BEC5\",\"#B0BEC5\",\"#B0BEC5\",\"#B0BEC5\",\"#B0BEC5\",\"#B0BEC5\",\"#B0BEC5\",\"#B0BEC5\",\"#B0BEC5\",\"#B0BEC5\",\"#B0BEC5\",\"#B0BEC5\",\"#B0BEC5\",\"#B0BEC5\",\"#B0BEC5\",\"red\",\"#B0BEC5\",\"#B0BEC5\",\"#B0BEC5\",\"#B0BEC5\",\"#B0BEC5\",\"#B0BEC5\",\"#B0BEC5\",\"#B0BEC5\",\"#B0BEC5\",\"#B0BEC5\",\"#B0BEC5\"]]}],\"label\":\"Topic 52\",\"method\":\"update\"},{\"args\":[{\"marker.color\":[[\"#B0BEC5\",\"#B0BEC5\",\"#B0BEC5\",\"#B0BEC5\",\"#B0BEC5\",\"#B0BEC5\",\"#B0BEC5\",\"#B0BEC5\",\"#B0BEC5\",\"#B0BEC5\",\"#B0BEC5\",\"#B0BEC5\",\"#B0BEC5\",\"#B0BEC5\",\"#B0BEC5\",\"#B0BEC5\",\"#B0BEC5\",\"#B0BEC5\",\"#B0BEC5\",\"#B0BEC5\",\"#B0BEC5\",\"#B0BEC5\",\"#B0BEC5\",\"#B0BEC5\",\"#B0BEC5\",\"#B0BEC5\",\"#B0BEC5\",\"#B0BEC5\",\"#B0BEC5\",\"#B0BEC5\",\"#B0BEC5\",\"#B0BEC5\",\"#B0BEC5\",\"#B0BEC5\",\"#B0BEC5\",\"#B0BEC5\",\"#B0BEC5\",\"#B0BEC5\",\"#B0BEC5\",\"#B0BEC5\",\"#B0BEC5\",\"#B0BEC5\",\"#B0BEC5\",\"#B0BEC5\",\"#B0BEC5\",\"#B0BEC5\",\"#B0BEC5\",\"#B0BEC5\",\"#B0BEC5\",\"#B0BEC5\",\"#B0BEC5\",\"#B0BEC5\",\"#B0BEC5\",\"red\",\"#B0BEC5\",\"#B0BEC5\",\"#B0BEC5\",\"#B0BEC5\",\"#B0BEC5\",\"#B0BEC5\",\"#B0BEC5\",\"#B0BEC5\",\"#B0BEC5\",\"#B0BEC5\"]]}],\"label\":\"Topic 53\",\"method\":\"update\"},{\"args\":[{\"marker.color\":[[\"#B0BEC5\",\"#B0BEC5\",\"#B0BEC5\",\"#B0BEC5\",\"#B0BEC5\",\"#B0BEC5\",\"#B0BEC5\",\"#B0BEC5\",\"#B0BEC5\",\"#B0BEC5\",\"#B0BEC5\",\"#B0BEC5\",\"#B0BEC5\",\"#B0BEC5\",\"#B0BEC5\",\"#B0BEC5\",\"#B0BEC5\",\"#B0BEC5\",\"#B0BEC5\",\"#B0BEC5\",\"#B0BEC5\",\"#B0BEC5\",\"#B0BEC5\",\"#B0BEC5\",\"#B0BEC5\",\"#B0BEC5\",\"#B0BEC5\",\"#B0BEC5\",\"#B0BEC5\",\"#B0BEC5\",\"#B0BEC5\",\"#B0BEC5\",\"#B0BEC5\",\"#B0BEC5\",\"#B0BEC5\",\"#B0BEC5\",\"#B0BEC5\",\"#B0BEC5\",\"#B0BEC5\",\"#B0BEC5\",\"#B0BEC5\",\"#B0BEC5\",\"#B0BEC5\",\"#B0BEC5\",\"#B0BEC5\",\"#B0BEC5\",\"#B0BEC5\",\"#B0BEC5\",\"#B0BEC5\",\"#B0BEC5\",\"#B0BEC5\",\"#B0BEC5\",\"#B0BEC5\",\"#B0BEC5\",\"red\",\"#B0BEC5\",\"#B0BEC5\",\"#B0BEC5\",\"#B0BEC5\",\"#B0BEC5\",\"#B0BEC5\",\"#B0BEC5\",\"#B0BEC5\",\"#B0BEC5\"]]}],\"label\":\"Topic 54\",\"method\":\"update\"},{\"args\":[{\"marker.color\":[[\"#B0BEC5\",\"#B0BEC5\",\"#B0BEC5\",\"#B0BEC5\",\"#B0BEC5\",\"#B0BEC5\",\"#B0BEC5\",\"#B0BEC5\",\"#B0BEC5\",\"#B0BEC5\",\"#B0BEC5\",\"#B0BEC5\",\"#B0BEC5\",\"#B0BEC5\",\"#B0BEC5\",\"#B0BEC5\",\"#B0BEC5\",\"#B0BEC5\",\"#B0BEC5\",\"#B0BEC5\",\"#B0BEC5\",\"#B0BEC5\",\"#B0BEC5\",\"#B0BEC5\",\"#B0BEC5\",\"#B0BEC5\",\"#B0BEC5\",\"#B0BEC5\",\"#B0BEC5\",\"#B0BEC5\",\"#B0BEC5\",\"#B0BEC5\",\"#B0BEC5\",\"#B0BEC5\",\"#B0BEC5\",\"#B0BEC5\",\"#B0BEC5\",\"#B0BEC5\",\"#B0BEC5\",\"#B0BEC5\",\"#B0BEC5\",\"#B0BEC5\",\"#B0BEC5\",\"#B0BEC5\",\"#B0BEC5\",\"#B0BEC5\",\"#B0BEC5\",\"#B0BEC5\",\"#B0BEC5\",\"#B0BEC5\",\"#B0BEC5\",\"#B0BEC5\",\"#B0BEC5\",\"#B0BEC5\",\"#B0BEC5\",\"red\",\"#B0BEC5\",\"#B0BEC5\",\"#B0BEC5\",\"#B0BEC5\",\"#B0BEC5\",\"#B0BEC5\",\"#B0BEC5\",\"#B0BEC5\"]]}],\"label\":\"Topic 55\",\"method\":\"update\"},{\"args\":[{\"marker.color\":[[\"#B0BEC5\",\"#B0BEC5\",\"#B0BEC5\",\"#B0BEC5\",\"#B0BEC5\",\"#B0BEC5\",\"#B0BEC5\",\"#B0BEC5\",\"#B0BEC5\",\"#B0BEC5\",\"#B0BEC5\",\"#B0BEC5\",\"#B0BEC5\",\"#B0BEC5\",\"#B0BEC5\",\"#B0BEC5\",\"#B0BEC5\",\"#B0BEC5\",\"#B0BEC5\",\"#B0BEC5\",\"#B0BEC5\",\"#B0BEC5\",\"#B0BEC5\",\"#B0BEC5\",\"#B0BEC5\",\"#B0BEC5\",\"#B0BEC5\",\"#B0BEC5\",\"#B0BEC5\",\"#B0BEC5\",\"#B0BEC5\",\"#B0BEC5\",\"#B0BEC5\",\"#B0BEC5\",\"#B0BEC5\",\"#B0BEC5\",\"#B0BEC5\",\"#B0BEC5\",\"#B0BEC5\",\"#B0BEC5\",\"#B0BEC5\",\"#B0BEC5\",\"#B0BEC5\",\"#B0BEC5\",\"#B0BEC5\",\"#B0BEC5\",\"#B0BEC5\",\"#B0BEC5\",\"#B0BEC5\",\"#B0BEC5\",\"#B0BEC5\",\"#B0BEC5\",\"#B0BEC5\",\"#B0BEC5\",\"#B0BEC5\",\"#B0BEC5\",\"red\",\"#B0BEC5\",\"#B0BEC5\",\"#B0BEC5\",\"#B0BEC5\",\"#B0BEC5\",\"#B0BEC5\",\"#B0BEC5\"]]}],\"label\":\"Topic 56\",\"method\":\"update\"},{\"args\":[{\"marker.color\":[[\"#B0BEC5\",\"#B0BEC5\",\"#B0BEC5\",\"#B0BEC5\",\"#B0BEC5\",\"#B0BEC5\",\"#B0BEC5\",\"#B0BEC5\",\"#B0BEC5\",\"#B0BEC5\",\"#B0BEC5\",\"#B0BEC5\",\"#B0BEC5\",\"#B0BEC5\",\"#B0BEC5\",\"#B0BEC5\",\"#B0BEC5\",\"#B0BEC5\",\"#B0BEC5\",\"#B0BEC5\",\"#B0BEC5\",\"#B0BEC5\",\"#B0BEC5\",\"#B0BEC5\",\"#B0BEC5\",\"#B0BEC5\",\"#B0BEC5\",\"#B0BEC5\",\"#B0BEC5\",\"#B0BEC5\",\"#B0BEC5\",\"#B0BEC5\",\"#B0BEC5\",\"#B0BEC5\",\"#B0BEC5\",\"#B0BEC5\",\"#B0BEC5\",\"#B0BEC5\",\"#B0BEC5\",\"#B0BEC5\",\"#B0BEC5\",\"#B0BEC5\",\"#B0BEC5\",\"#B0BEC5\",\"#B0BEC5\",\"#B0BEC5\",\"#B0BEC5\",\"#B0BEC5\",\"#B0BEC5\",\"#B0BEC5\",\"#B0BEC5\",\"#B0BEC5\",\"#B0BEC5\",\"#B0BEC5\",\"#B0BEC5\",\"#B0BEC5\",\"#B0BEC5\",\"red\",\"#B0BEC5\",\"#B0BEC5\",\"#B0BEC5\",\"#B0BEC5\",\"#B0BEC5\",\"#B0BEC5\"]]}],\"label\":\"Topic 57\",\"method\":\"update\"},{\"args\":[{\"marker.color\":[[\"#B0BEC5\",\"#B0BEC5\",\"#B0BEC5\",\"#B0BEC5\",\"#B0BEC5\",\"#B0BEC5\",\"#B0BEC5\",\"#B0BEC5\",\"#B0BEC5\",\"#B0BEC5\",\"#B0BEC5\",\"#B0BEC5\",\"#B0BEC5\",\"#B0BEC5\",\"#B0BEC5\",\"#B0BEC5\",\"#B0BEC5\",\"#B0BEC5\",\"#B0BEC5\",\"#B0BEC5\",\"#B0BEC5\",\"#B0BEC5\",\"#B0BEC5\",\"#B0BEC5\",\"#B0BEC5\",\"#B0BEC5\",\"#B0BEC5\",\"#B0BEC5\",\"#B0BEC5\",\"#B0BEC5\",\"#B0BEC5\",\"#B0BEC5\",\"#B0BEC5\",\"#B0BEC5\",\"#B0BEC5\",\"#B0BEC5\",\"#B0BEC5\",\"#B0BEC5\",\"#B0BEC5\",\"#B0BEC5\",\"#B0BEC5\",\"#B0BEC5\",\"#B0BEC5\",\"#B0BEC5\",\"#B0BEC5\",\"#B0BEC5\",\"#B0BEC5\",\"#B0BEC5\",\"#B0BEC5\",\"#B0BEC5\",\"#B0BEC5\",\"#B0BEC5\",\"#B0BEC5\",\"#B0BEC5\",\"#B0BEC5\",\"#B0BEC5\",\"#B0BEC5\",\"#B0BEC5\",\"red\",\"#B0BEC5\",\"#B0BEC5\",\"#B0BEC5\",\"#B0BEC5\",\"#B0BEC5\"]]}],\"label\":\"Topic 58\",\"method\":\"update\"},{\"args\":[{\"marker.color\":[[\"#B0BEC5\",\"#B0BEC5\",\"#B0BEC5\",\"#B0BEC5\",\"#B0BEC5\",\"#B0BEC5\",\"#B0BEC5\",\"#B0BEC5\",\"#B0BEC5\",\"#B0BEC5\",\"#B0BEC5\",\"#B0BEC5\",\"#B0BEC5\",\"#B0BEC5\",\"#B0BEC5\",\"#B0BEC5\",\"#B0BEC5\",\"#B0BEC5\",\"#B0BEC5\",\"#B0BEC5\",\"#B0BEC5\",\"#B0BEC5\",\"#B0BEC5\",\"#B0BEC5\",\"#B0BEC5\",\"#B0BEC5\",\"#B0BEC5\",\"#B0BEC5\",\"#B0BEC5\",\"#B0BEC5\",\"#B0BEC5\",\"#B0BEC5\",\"#B0BEC5\",\"#B0BEC5\",\"#B0BEC5\",\"#B0BEC5\",\"#B0BEC5\",\"#B0BEC5\",\"#B0BEC5\",\"#B0BEC5\",\"#B0BEC5\",\"#B0BEC5\",\"#B0BEC5\",\"#B0BEC5\",\"#B0BEC5\",\"#B0BEC5\",\"#B0BEC5\",\"#B0BEC5\",\"#B0BEC5\",\"#B0BEC5\",\"#B0BEC5\",\"#B0BEC5\",\"#B0BEC5\",\"#B0BEC5\",\"#B0BEC5\",\"#B0BEC5\",\"#B0BEC5\",\"#B0BEC5\",\"#B0BEC5\",\"red\",\"#B0BEC5\",\"#B0BEC5\",\"#B0BEC5\",\"#B0BEC5\"]]}],\"label\":\"Topic 59\",\"method\":\"update\"},{\"args\":[{\"marker.color\":[[\"#B0BEC5\",\"#B0BEC5\",\"#B0BEC5\",\"#B0BEC5\",\"#B0BEC5\",\"#B0BEC5\",\"#B0BEC5\",\"#B0BEC5\",\"#B0BEC5\",\"#B0BEC5\",\"#B0BEC5\",\"#B0BEC5\",\"#B0BEC5\",\"#B0BEC5\",\"#B0BEC5\",\"#B0BEC5\",\"#B0BEC5\",\"#B0BEC5\",\"#B0BEC5\",\"#B0BEC5\",\"#B0BEC5\",\"#B0BEC5\",\"#B0BEC5\",\"#B0BEC5\",\"#B0BEC5\",\"#B0BEC5\",\"#B0BEC5\",\"#B0BEC5\",\"#B0BEC5\",\"#B0BEC5\",\"#B0BEC5\",\"#B0BEC5\",\"#B0BEC5\",\"#B0BEC5\",\"#B0BEC5\",\"#B0BEC5\",\"#B0BEC5\",\"#B0BEC5\",\"#B0BEC5\",\"#B0BEC5\",\"#B0BEC5\",\"#B0BEC5\",\"#B0BEC5\",\"#B0BEC5\",\"#B0BEC5\",\"#B0BEC5\",\"#B0BEC5\",\"#B0BEC5\",\"#B0BEC5\",\"#B0BEC5\",\"#B0BEC5\",\"#B0BEC5\",\"#B0BEC5\",\"#B0BEC5\",\"#B0BEC5\",\"#B0BEC5\",\"#B0BEC5\",\"#B0BEC5\",\"#B0BEC5\",\"#B0BEC5\",\"red\",\"#B0BEC5\",\"#B0BEC5\",\"#B0BEC5\"]]}],\"label\":\"Topic 60\",\"method\":\"update\"},{\"args\":[{\"marker.color\":[[\"#B0BEC5\",\"#B0BEC5\",\"#B0BEC5\",\"#B0BEC5\",\"#B0BEC5\",\"#B0BEC5\",\"#B0BEC5\",\"#B0BEC5\",\"#B0BEC5\",\"#B0BEC5\",\"#B0BEC5\",\"#B0BEC5\",\"#B0BEC5\",\"#B0BEC5\",\"#B0BEC5\",\"#B0BEC5\",\"#B0BEC5\",\"#B0BEC5\",\"#B0BEC5\",\"#B0BEC5\",\"#B0BEC5\",\"#B0BEC5\",\"#B0BEC5\",\"#B0BEC5\",\"#B0BEC5\",\"#B0BEC5\",\"#B0BEC5\",\"#B0BEC5\",\"#B0BEC5\",\"#B0BEC5\",\"#B0BEC5\",\"#B0BEC5\",\"#B0BEC5\",\"#B0BEC5\",\"#B0BEC5\",\"#B0BEC5\",\"#B0BEC5\",\"#B0BEC5\",\"#B0BEC5\",\"#B0BEC5\",\"#B0BEC5\",\"#B0BEC5\",\"#B0BEC5\",\"#B0BEC5\",\"#B0BEC5\",\"#B0BEC5\",\"#B0BEC5\",\"#B0BEC5\",\"#B0BEC5\",\"#B0BEC5\",\"#B0BEC5\",\"#B0BEC5\",\"#B0BEC5\",\"#B0BEC5\",\"#B0BEC5\",\"#B0BEC5\",\"#B0BEC5\",\"#B0BEC5\",\"#B0BEC5\",\"#B0BEC5\",\"#B0BEC5\",\"red\",\"#B0BEC5\",\"#B0BEC5\"]]}],\"label\":\"Topic 61\",\"method\":\"update\"},{\"args\":[{\"marker.color\":[[\"#B0BEC5\",\"#B0BEC5\",\"#B0BEC5\",\"#B0BEC5\",\"#B0BEC5\",\"#B0BEC5\",\"#B0BEC5\",\"#B0BEC5\",\"#B0BEC5\",\"#B0BEC5\",\"#B0BEC5\",\"#B0BEC5\",\"#B0BEC5\",\"#B0BEC5\",\"#B0BEC5\",\"#B0BEC5\",\"#B0BEC5\",\"#B0BEC5\",\"#B0BEC5\",\"#B0BEC5\",\"#B0BEC5\",\"#B0BEC5\",\"#B0BEC5\",\"#B0BEC5\",\"#B0BEC5\",\"#B0BEC5\",\"#B0BEC5\",\"#B0BEC5\",\"#B0BEC5\",\"#B0BEC5\",\"#B0BEC5\",\"#B0BEC5\",\"#B0BEC5\",\"#B0BEC5\",\"#B0BEC5\",\"#B0BEC5\",\"#B0BEC5\",\"#B0BEC5\",\"#B0BEC5\",\"#B0BEC5\",\"#B0BEC5\",\"#B0BEC5\",\"#B0BEC5\",\"#B0BEC5\",\"#B0BEC5\",\"#B0BEC5\",\"#B0BEC5\",\"#B0BEC5\",\"#B0BEC5\",\"#B0BEC5\",\"#B0BEC5\",\"#B0BEC5\",\"#B0BEC5\",\"#B0BEC5\",\"#B0BEC5\",\"#B0BEC5\",\"#B0BEC5\",\"#B0BEC5\",\"#B0BEC5\",\"#B0BEC5\",\"#B0BEC5\",\"#B0BEC5\",\"red\",\"#B0BEC5\"]]}],\"label\":\"Topic 62\",\"method\":\"update\"},{\"args\":[{\"marker.color\":[[\"#B0BEC5\",\"#B0BEC5\",\"#B0BEC5\",\"#B0BEC5\",\"#B0BEC5\",\"#B0BEC5\",\"#B0BEC5\",\"#B0BEC5\",\"#B0BEC5\",\"#B0BEC5\",\"#B0BEC5\",\"#B0BEC5\",\"#B0BEC5\",\"#B0BEC5\",\"#B0BEC5\",\"#B0BEC5\",\"#B0BEC5\",\"#B0BEC5\",\"#B0BEC5\",\"#B0BEC5\",\"#B0BEC5\",\"#B0BEC5\",\"#B0BEC5\",\"#B0BEC5\",\"#B0BEC5\",\"#B0BEC5\",\"#B0BEC5\",\"#B0BEC5\",\"#B0BEC5\",\"#B0BEC5\",\"#B0BEC5\",\"#B0BEC5\",\"#B0BEC5\",\"#B0BEC5\",\"#B0BEC5\",\"#B0BEC5\",\"#B0BEC5\",\"#B0BEC5\",\"#B0BEC5\",\"#B0BEC5\",\"#B0BEC5\",\"#B0BEC5\",\"#B0BEC5\",\"#B0BEC5\",\"#B0BEC5\",\"#B0BEC5\",\"#B0BEC5\",\"#B0BEC5\",\"#B0BEC5\",\"#B0BEC5\",\"#B0BEC5\",\"#B0BEC5\",\"#B0BEC5\",\"#B0BEC5\",\"#B0BEC5\",\"#B0BEC5\",\"#B0BEC5\",\"#B0BEC5\",\"#B0BEC5\",\"#B0BEC5\",\"#B0BEC5\",\"#B0BEC5\",\"#B0BEC5\",\"red\"]]}],\"label\":\"Topic 63\",\"method\":\"update\"}]}],\"shapes\":[{\"line\":{\"color\":\"#CFD8DC\",\"width\":2},\"type\":\"line\",\"x0\":3.5490979194641117,\"x1\":3.5490979194641117,\"y0\":-4.431743121147155,\"y1\":20.525861930847167},{\"line\":{\"color\":\"#9E9E9E\",\"width\":2},\"type\":\"line\",\"x0\":-17.812220954895018,\"x1\":24.91041679382324,\"y0\":8.047059404850007,\"y1\":8.047059404850007}],\"annotations\":[{\"showarrow\":false,\"text\":\"D1\",\"x\":-17.812220954895018,\"y\":8.047059404850007,\"yshift\":10},{\"showarrow\":false,\"text\":\"D2\",\"x\":3.5490979194641117,\"xshift\":10,\"y\":20.525861930847167}]}}"}