{"task": "extract_topic_keywords", "client_id": "azure-taosolutions", "status": "Success", "result": {"topic_id": {"0": 27}, "topic_keywords": {"0": [["disable approval definition", 9.0], ["reenable approval definition", 9.0], ["process manual journal", 9.0], ["trigger datafix investigation", 9.0], ["ownership ans sales", 9.0], ["nha mbs administration", 9.0], ["m_accruedinterest d_accrueddate loanstore", 9.0], ["mandatory instrument check", 8.846153846153847], ["sgbm-loan transaction report", 8.8], ["row ' add", 8.75], ["delete multiple export", 8.666666666666666], ["rmbs program pool", 8.666666666666666], ["pool sales journalize", 8.666666666666666], ["add tag formula", 8.571428571428571], ["original pbal iadate", 8.5], ["id query param", 8.478260869565217], ["id query params", 8.478260869565217], ["savings loan movement", 8.466666666666667], ["report correct complete", 8.466666666666667], ["asset viewer count", 8.428571428571429], ["report system report", 8.266666666666666], ["instrument current period", 8.196153846153846], ["instrument id instrument", 8.17056856187291], ["json request body", 8.142857142857142], ["loan pool arrears", 8.133333333333333], ["dispose thread create", 8.0], ["user add image", 7.864864864864865], ["accrue interest populate", 7.833333333333334], ["debit credit account", 7.8], ["scorecard datum grid", 7.8], ["criterion datum grid", 7.8], ["refresh e-signature image", 7.75], ["effective date default", 7.714285714285714], ["refresh screen change", 7.666666666666667], ["exchangerateid detail id", 7.662471395881006], ["save engine template", 7.65], ["test file attach", 7.533333333333333], ["user delete cf", 7.531531531531531], ["instrument template field", 7.296153846153847], ["rfr id invalid", 7.217391304347825], ["effective date price", 7.214285714285714], ["throw '' transactionscope", 7.2], ["clean price change", 7.166666666666667], ["user account section", 7.164864864864865], ["free select asset", 7.095238095238095], ["/ detail /", 6.867137355584083], ["error message tool-tip", 6.85], ["user select type", 6.698198198198199], ["validate e-signature section", 5.972222222222222], ["system report", 5.466666666666667], ["current period", 5.35], ["pool type", 5.166666666666666], ["formula engine", 4.9714285714285715], ["/ formula", 4.912891986062718], ["accrue interest", 4.833333333333334], ["free asset", 4.761904761904762], ["' lose", 4.75], ["id field", 4.678260869565218], ["delete cfs", 4.666666666666666], ["delete record", 4.666666666666666], ["engine template", 4.65], ["static datum", 4.6], ["past period", 4.6], ["/ detail", 4.525673940949936], ["cht price", 4.5], ["credit rating", 4.5], ["original balance", 4.5], ["loan cfs", 4.466666666666667], ["loan accrual", 4.466666666666667], ["select option", 4.333333333333334], ["ta attach", 4.333333333333334], ["loanaccruedinteresthistory correct", 4.333333333333333], ["account address", 4.3], ["id invalid", 4.217391304347826], ["grid clear", 4.2], ["tooltips test", 4.2], ["additional field", 4.2], ["entry grid", 4.2], ["select user", 4.198198198198199], ["step detail", 4.184210526315789], ["user account", 4.164864864864865], ["request return 204", 4.142857142857142], ["enter 50 character", 4.0], ["james zhu", 4.0], ["malena bermudez", 4.0], ["api route", 4.0], ["api method", 4.0], ["audit trace", 4.0], ["issuance statistic", 4.0], ["search implement", 4.0], ["past future", 4.0], ["unpay balance", 4.0], ["remain amortization", 4.0], ["workflow-alternate workflow", 4.0], ["ctc pl", 4.0], ["ctc wl", 4.0], ["systemdate reference", 4.0], ["anand balashanmugam", 4.0], ["navigate user", 3.864864864864865], ["error message", 3.85], ["error ''", 3.8000000000000003], ["exchangeratesourceid invalid", 3.7391304347826084], ["interest rate", 3.7333333333333334], ["ia date", 3.7142857142857144], ["instrument", 2.8461538461538463], ["report", 2.8], ["loan", 2.466666666666667], ["template", 2.25], ["message", 2.25], ["grid", 2.2], ["detail", 2.1842105263157894], ["request 204", 2.142857142857143], ["create", 2.0], ["transactionscope", 2.0], ["user", 1.864864864864865], ["e-signature", 1.75], ["invalid", 1.7391304347826086], ["date", 1.7142857142857142], ["change", 1.6666666666666667], ["loanaccruedinteresthistory", 1.6666666666666667], ["error", 1.6], ["rate", 1.4], ["validate", 1.2222222222222223], ["low", 1.0], ["show", 1.0], ["insert", 1.0], ["post", 1.0], ["del", 1.0], ["fee", 1.0], ["update", 1.0], ["dbo", 1.0], ["trigger_loanaccountstatus_extprop", 1.0], ["multiselect", 1.0], ["general", 1.0], ["attachment", 1.0], ["open", 1.0], ["remittance", 1.0], ["offset", 1.0], ["valuate", 1.0], ["market", 1.0], ["divide 100", 1.0], ["confirmation", 1.0], ["payment", 1.0], ["rbc", 1.0], ["datasource", 1.0], ["cmlsres", 1.0], ["mcap", 1.0], ["rfa", 1.0], ["apiv2", 1.0], ["verify", 1.0], ["pagesize", 1.0], ["content", 1.0], ["detailid", 1.0], ["detailsid", 1.0], ["base", 1.0], ["2824", 0], ["143608", 0]]}}}