{"task": "extract_topic_keywords", "client_id": "azure-taosolutions", "status": "Success", "result": {"topic_id": {"0": 13}, "topic_keywords": {"0": [["continue task #114544", 9.0], ["< sd >", 9.0], ["< ed >", 9.0], ["close discard modification", 9.0], ["approve reject approver", 9.0], ["browse exist taxis", 9.0], ["null reference exception", 9.0], ["load template append", 8.375], ["group move position", 8.285714285714285], ["group current ltv", 8.285714285714285], ["country select dropdown", 8.284210526315789], ["scroll list tag", 8.25], ["period end date", 8.238095238095237], ["extract final >", 8.2], ["request approval create", 8.11111111111111], ["sample file attach", 8.0], ["number group arrears", 7.9523809523809526], ["group original ltv", 7.9523809523809526], ["number security group", 7.952380952380952], ["show default log", 7.875], ["group current balance", 7.857142857142858], ["multiple loan source", 7.833333333333334], ["schedule group ltv", 7.785714285714286], ["share user access", 7.780487804878049], ["reasonable amount time", 7.777777777777777], ["bulk loan search_", 7.761904761904762], ["fail select criterion", 7.75921052631579], ["search function properly", 7.730366492146597], ["duplicate viewablesearchresultcolumns 2022r9", 7.666666666666667], ["asset viewer >>", 7.61214953271028], ["browse exist fee", 7.588235294117647], ["loan browser-search setup", 7.583333333333334], ["loan management-search set", 7.572916666666668], ["interest adjustment date", 7.571428571428572], ["search result load", 7.570366492146597], ["column add list", 7.5], ["loan management-loan browser", 7.476190476190476], ["historical search set", 7.469949825479931], ["single search set", 7.469949825479931], ["execution search set", 7.469949825479931], ["search set grid", 7.46994982547993], ["refresh mortgage detail", 7.428571428571429], ["schedule group balance", 7.357142857142858], ["customize result column", 7.34], ["search result tab", 7.284652206432312], ["email information sort", 7.282282282282282], ["size information sort", 7.282282282282282], ["create market datum", 7.264957264957264], ["' show user", 7.209059233449477], ["search set tab", 7.184235539765645], ["column chooser present", 7.166666666666666], ["select search set", 7.154160351795721], ["search set select", 7.15416035179572], ["ownership template error", 7.125], ["search sets-verify default", 7.105366492146597], ["date time type", 7.071428571428571], ["ui search change", 7.06369982547993], ["update search template", 7.049810936591042], ["criterion group select", 7.044924812030075], ["custom result column", 7.006666666666666], ["user retrieve record", 6.980487804878049], ["add search set", 6.969949825479931], ["group index ltv", 6.9523809523809526], ["update search set", 6.914394269924376], ["user successfully create", 6.89159891598916], ["criterion select criterion", 6.83421052631579], ["change column show", 6.833333333333333], ["search field table", 6.830366492146597], ["loan status extract", 6.819047619047619], ["loan search set", 6.803283158813263], ["user view column", 6.780487804878049], ["bulk asset search", 6.771087453428306], ["' search criterion", 6.733937920718025], ["search criterion execute", 6.733937920718025], ["mortgage equipment asset", 6.731197151757899], ["equipment mortgage asset", 6.731197151757899], ["mandatory entry error", 6.659090909090909], ["column selection window", 6.642857142857142], ["search criterion work", 6.6386998254799305], ["asset browser result", 6.595006675567423], ["status information sort", 6.567996567996568], ["deal search template", 6.565366492146596], ["upload information sort", 6.4822822822822825], ["filter column header", 6.432835820895522], ["grid sort filter", 6.27067365873336], ["'' drop option", 6.231182795698925], ["change criterion search", 6.1386998254799305], ["delete recovery agent", 5.9523809523809526], ["criterion search field", 5.905366492146596], ["verify mandatory column", 5.818181818181818], ["miss fee detail", 5.731092436974789], ["filter sort '", 5.699245087304789], ["user filter asset", 5.3254731584838515], ["original balance", 5.238095238095238], ["group number", 4.9523809523809526], ["schedule interest", 4.833333333333334], ["work properly", 4.833333333333334], ["select criterion", 4.75921052631579], ["general tab", 4.714285714285714], ["select order", 4.684210526315789], ["recovery agent", 4.666666666666667], ["time database", 4.666666666666666], ["custom job", 4.666666666666666], ["execute search", 4.658937920718025], ["datum source", 4.653846153846153], ["mortgage equipment", 4.619047619047619], ["group loan", 4.619047619047619], ["asset viewer", 4.61214953271028], ["search template", 4.605366492146597], ["service balance", 4.571428571428571], ["search result", 4.570366492146597], ["'' option", 4.564516129032258], ["add searchset", 4.5], ["schedule principle", 4.5], ["pop window", 4.5], ["securehub source", 4.5], ["search setup", 4.480366492146597], ["loan browser", 4.476190476190476], ["search set", 4.46994982547993], ["equipment asset", 4.445482866043614], ["update service", 4.444444444444445], ["record date", 4.438095238095238], ["' column", 4.428571428571429], ["' process", 4.428571428571429], ["bulk reclass", 4.428571428571429], ["bulk sale", 4.428571428571429], ["mortgage asset", 4.397863818424566], ["miss loan", 4.333333333333334], ["loan cf", 4.333333333333334], ["loan management", 4.333333333333334], ["loan purpose", 4.333333333333334], ["mortgage term", 4.285714285714286], ["sale status", 4.285714285714286], ["group property", 4.285714285714286], ["funding status", 4.285714285714286], ["information sort", 4.282282282282282], ["user add", 4.280487804878049], ["asset type", 4.278816199376947], ["asset selection", 4.255006675567423], ["asset browser", 4.255006675567423], ["scroll bar", 4.25], ["system setup", 4.25], ["setup job", 4.25], ["effective date", 4.238095238095238], ["sale date", 4.238095238095238], ["payment date", 4.238095238095238], ["search action", 4.230366492146597], ["search 10k", 4.230366492146597], ["selection criterion", 4.217857142857143], ["file upload", 4.2], ["upload file", 4.2], ["select valuate", 4.184210526315789], ["result sort", 4.177837837837838], ["sort loan", 4.171171171171172], ["column chooser", 4.166666666666666], ["sale type", 4.166666666666666], ["datum point", 4.153846153846153], ["static datum", 4.153846153846153], ["column selection", 4.142857142857142], ["search verify", 4.139457401237506], ["asset owner", 4.11214953271028], ["ineligible asset", 4.11214953271028], ["asset class", 4.11214953271028], ["asset management", 4.11214953271028], ["return asset", 4.11214953271028], ["expense amount", 4.111111111111111], ["verify record", 4.109090909090909], ["add field", 4.1], ["criterion section", 4.075], ["'' obligors", 4.064516129032258], ["'' guarantor", 4.064516129032258], ["'' accountobligors", 4.064516129032258], ["'' accountguarantors", 4.064516129032258], ["'' contactobligors", 4.064516129032258], ["'' contactguarantors", 4.064516129032258], ["tab display", 4.0476190476190474], ["reserve status", 4.035714285714286], ["user search", 4.010854297024646], ["payment instruction", 4.0], ["credit rating", 4.0], ["string configname", 4.0], ["string sourcetype", 4.0], ["string scorename", 4.0], ["file file", 4.0], ["equipment-relate column", 4.0], ["cp client", 4.0], ["sale reason", 4.0], ["left column", 4.0], ["valuation method", 4.0], ["middle column", 4.0], ["chanakyudu ravuri", 4.0], ["james zhu", 4.0], ["risk rating", 4.0], ["score description", 4.0], ["additional property", 4.0], ["rankname refactor", 4.0], ["case sensitivity", 4.0], ["exclusion code", 4.0], ["warn code", 4.0], ["tenure code", 4.0], ["m_serviceraccruedamount dbo", 4.0], ["m_estimatedaccrualamount dbo", 4.0], ["implemneted db", 4.0], ["deal management", 3.96], ["cp deal", 3.96], ["verify return", 3.909090909090909], ["mandatory file", 3.909090909090909], ["change criterion", 3.908333333333333], ["column sort", 3.8378378378378377], ["save change", 3.833333333333333], ["search field", 3.830366492146597], ["verify default", 3.784090909090909], ["validate user", 3.7804878048780486], ["filter loan", 3.766169154228856], ["filter group", 3.7185501066098077], ["reserve deal", 3.71], ["user sort", 3.6183256427158867], ["miss field", 3.6], ["fee matrix", 3.5882352941176467], ["creditpullconsent ''", 3.564516129032258], ["sell entity", 3.5], ["filter column", 3.432835820895522], ["reserve pool", 3.416666666666667], ["verify low", 3.409090909090909], ["step detail", 3.392857142857143], ["run search", 3.3732236350037397], ["formula test", 3.2777777777777777], ["formula builder", 3.2777777777777777], ["pbi 96409 expose", 2.7857142857142856], ["time", 2.6666666666666665], ["dropdown", 2.6], ["update", 2.4444444444444446], ["result", 2.34], ["loan", 2.3333333333333335], ["group", 2.2857142857142856], ["date", 2.238095238095238], ["search", 2.230366492146597], ["extract", 2.2], ["detail", 2.142857142857143], ["asset", 2.1121495327102804], ["create", 2.111111111111111], ["amount", 2.111111111111111], ["criterion", 2.075], ["column", 2.0], ["miss", 2.0], ["file", 2.0], ["deal", 1.96], ["verify", 1.9090909090909092], ["mandatory", 1.9090909090909092], ["default", 1.875], ["sort", 1.837837837837838], ["change", 1.8333333333333333], ["user", 1.7804878048780488], ["error", 1.75], ["reserve", 1.75], ["pool", 1.6666666666666667], ["drop", 1.6666666666666667], ["index", 1.6666666666666667], ["duplicate", 1.6666666666666667], ["field", 1.6], ["fee", 1.588235294117647], ["creditpullconsent", 1.5], ["low", 1.5], ["valuate", 1.5], ["entity", 1.5], ["expose", 1.5], ["filter", 1.4328358208955223], ["display", 1.3333333333333333], ["pbi 112185", 1.2857142857142858], ["delete", 1.2857142857142858], ["formula", 1.2777777777777777], ["step", 1.25], ["run", 1.1428571428571428], ["medium", 1.0], ["customer", 1.0], ["asaccount", 1.0], ["creditratings", 1.0], ["latestrecordpulldate", 1.0], ["latestscore", 1.0], ["exago", 1.0], ["core", 1.0], ["liquidation", 1.0], ["maturity", 1.0], ["false", 1.0], ["schema", 1.0], ["coveredbondprogramperiodloandetails", 1.0], ["assetwainstrumentsinperiod", 1.0], ["bynotesery", 1.0], ["bynoteclass", 1.0], ["borrower", 1.0], ["collateral", 1.0], ["transaction", 1.0], ["api", 1.0], ["bottom", 1.0], ["top", 1.0], ["corner", 1.0], ["side", 1.0], ["province", 1.0], ["enter", 1.0], ["scale", 1.0], ["rbccm", 1.0], ["statistic", 1.0], ["confirmation", 1.0], ["query", 1.0], ["minimize", 1.0], ["start", 1.0], ["assetinfo", 1.0], ["associate", 1.0], ["button", 1.0], ["bug 111915", 1.0], ["long", 1.0], ["50 improvement", 1.0]]}}}