{"task": "extract_topic_keywords", "client_id": "azure-taosolutions", "status": "Success", "result": {"topic_id": {"0": 21}, "topic_keywords": {"0": [["text search bar", 8.85614296351452], ["drop-down search bar", 8.85614296351452], ["numerical search bar", 8.85614296351452], ["job scheduler path", 8.833333333333334], ["administration job scheduler", 8.833333333333334], ["indicator check mark", 8.666666666666666], ["poolassets table populate", 8.451923076923077], ["equal number unique", 8.444444444444445], ["email notification edit", 8.436363636363637], ["edit resend email", 8.436363636363636], ["clear search table", 8.3460407239819], ["email verification setup", 8.303030303030303], ["interest adjustment date", 8.195121951219512], ["cutoff date migrate", 8.195121951219512], ["'' total principal", 8.189655172413794], ["minute retrieve datum", 8.142857142857142], ["size file byte", 8.11111111111111], ["validate user successfully", 8.107142857142858], ["refer detail step", 8.051282051282051], ["date search bar", 8.051264914734032], ["process job scheduler", 8.043859649122808], ["esignatures draft table", 8.023351648351648], ["esignatures historical table", 8.007478632478632], ["display search bar", 7.999000106371662], ["esignature '' issuer", 7.951559934318555], ["validate wh pool", 7.925925925925926], ["detail transaction table", 7.836538461538462], ["esignature draft table", 7.785256410256411], ["esignature historical table", 7.769383394383395], ["email address user", 7.743506493506494], ["engine process manager", 7.710526315789474], ["period end date", 7.695121951219512], ["set path override", 7.666666666666668], ["remittance '' header", 7.66584564860427], ["file date format", 7.639566395663957], ["column header position", 7.619047619047619], ["edit email information", 7.579220779220778], ["verify general ui", 7.574025974025973], ["history display info", 7.523809523809524], ["esignature progress table", 7.436050061050061], ["override history update", 7.428571428571429], ["detail document table", 7.407967032967033], ["esignature '' file", 7.396004378762999], ["view history table", 7.395375457875458], ["equal number pool", 7.37037037037037], ["update preexist template", 7.339285714285714], ["date relevant column", 7.337979094076655], ["primary asset type", 7.333333333333334], ["step '' header", 7.332512315270936], ["remittance '' column", 7.332512315270936], ["datum single user", 7.25], ["select deselect row", 7.25], ["remittance information sort", 7.242857142857142], ["detail '' size", 7.240937223695845], ["final legal maturity", 7.151515151515151], ["'' great equal", 7.134099616858238], ["group column header", 7.119047619047619], ["view instrument date", 7.043336236933798], ["step '' column", 6.999178981937602], ["column header option", 6.891774891774892], ["header filter numerical", 6.865079365079366], ["user table '", 6.859065934065934], ["user click indicator", 6.773809523809524], ["user '' equal", 6.741242474001095], ["user create document", 6.678571428571429], ["instrument create delete", 6.619047619047619], ["batch delete user", 6.594322344322345], ["column filter design", 6.531746031746032], ["user filter legal", 6.496031746031746], ["user filter short", 6.496031746031746], ["row filter number", 6.388888888888889], ["update template row", 6.339285714285714], ["search bar", 5.85614296351452], ["duplicate pool type", 5.675925925925926], ["row filter date", 5.584010840108402], ["search set", 5.227450980392157], ["verify ui", 5.1454545454545455], ["esignature ''", 4.951559934318555], ["view history", 4.943452380952381], ["edit user", 4.907142857142857], ["search result", 4.894117647058824], ["file file", 4.888888888888889], ["'' size", 4.85632183908046], ["job enable", 4.833333333333334], ["batch setup", 4.82051282051282], ["instrument general", 4.7142857142857135], ["'' end", 4.689655172413794], ["'' great", 4.689655172413794], ["row filter character", 4.674603174603175], ["step attach", 4.666666666666666], ["indicator square", 4.666666666666666], ["'' header", 4.66584564860427], ["verify user", 4.652597402597403], ["table ''", 4.64157824933687], ["'' equal", 4.634099616858238], ["'' file", 4.634099616858238], ["delete instrument", 4.619047619047619], ["column header", 4.619047619047619], ["option '", 4.572727272727272], ["document download", 4.571428571428571], ["status view", 4.5625], ["user table", 4.559065934065934], ["table user", 4.559065934065934], ["delete batch", 4.487179487179487], ["program file", 4.444444444444445], ["'' progress", 4.411877394636015], ["formula history", 4.380952380952381], ["pool table", 4.377849002849003], ["batch process", 4.364372469635628], ["update template", 4.339285714285714], ["asset browser", 4.333333333333334], ["asset class", 4.333333333333334], ["delete show", 4.333333333333334], ["'' column", 4.332512315270936], ["click '", 4.3], ["' change", 4.3], ["user ''", 4.29679802955665], ["row select", 4.25], ["settlement engine", 4.25], ["information sort", 4.242857142857143], ["user user", 4.214285714285714], ["loan table", 4.201923076923077], ["coupon date", 4.195121951219512], ["'' start", 4.189655172413794], ["'' substitution", 4.189655172413794], ["row ''", 4.189655172413794], ["mortgage-relate column", 4.142857142857142], ["column chooser", 4.142857142857142], ["datum source", 4.142857142857142], ["pool ''", 4.115581098339719], ["user row", 4.107142857142858], ["bvd r11", 4.0], ["manual journal", 4.0], ["metro finance", 4.0], ["customer transactions-filter", 4.0], ["original balance", 4.0], ["separate space", 4.0], ["type installment", 4.0], ["insurance type", 4.0], ["dropdown show", 4.0], ["product type", 4.0], ["cap amount", 4.0], ["syndicate role", 4.0], ["deal type", 4.0], ["workflow-standard workflow", 4.0], ["/ open", 4.0], ["formula builder", 4.0], ["/ excludingcollateralageatorigination", 4.0], ["int age", 4.0], ["int minage", 4.0], ["int maxage", 4.0], ["compare result", 4.0], ["create pool", 3.9259259259259256], ["pool management", 3.9259259259259256], ["party pool", 3.9259259259259256], ["pool income", 3.9259259259259256], ["pool overview", 3.9259259259259256], ["pool analysis", 3.9259259259259256], ["duplicate batch", 3.9038461538461537], ["group filter", 3.888888888888889], ["header filter", 3.865079365079365], ["component ''", 3.8260188087774294], ["issue date", 3.7951219512195125], ["component user", 3.7435064935064934], ["issue column", 3.742857142857143], ["'' filter", 3.578544061302682], ["opti-pool result", 3.571428571428571], ["company user", 3.507142857142857], ["'' maturity", 3.341170323928945], ["issue company", 3.0], ["search", 2.8941176470588235], ["esignature", 2.761904761904762], ["email", 2.6363636363636362], ["document", 2.5714285714285716], ["draft", 2.5714285714285716], ["historical", 2.5555555555555554], ["header", 2.4761904761904763], ["table", 2.451923076923077], ["equal", 2.4444444444444446], ["detail", 2.3846153846153846], ["history", 2.380952380952381], ["override", 2.3333333333333335], ["option", 2.272727272727273], ["progress", 2.2222222222222223], ["process", 2.210526315789474], ["date", 2.1951219512195124], ["display", 2.142857142857143], ["datum", 2.142857142857143], ["column", 2.142857142857143], ["user", 2.107142857142857], ["create", 2.0], ["row", 2.0], ["type", 2.0], ["click", 2.0], ["pool", 1.9259259259259258], ["loan", 1.75], ["duplicate", 1.75], ["settlement", 1.75], ["component", 1.6363636363636365], ["template", 1.625], ["issue", 1.6], ["opti-pool", 1.5714285714285714], ["company", 1.4], ["filter", 1.3888888888888888], ["character", 1.2857142857142858], ["maturity", 1.1515151515151516], ["low", 1.0], ["setting", 1.0], ["liquidation", 1.0], ["input", 1.0], ["incomplete", 1.0], ["report", 1.0], ["reuse", 1.0], ["execute", 1.0], ["validation", 1.0], ["configure", 1.0], ["reverse", 1.0], ["extract", 1.0], ["title", 1.0], ["phone", 1.0], ["fax", 1.0], ["note", 1.0], ["submit", 1.0], ["calendar", 1.0], ["default", 1.0], ["30 day", 1.0], ["60 day", 1.0], ["performance", 1.0], ["field", 1.0], ["range", 1.0]]}}}