{"task": "extract_topic_keywords", "client_id": "azure-taosolutions", "status": "Success", "result": {"topic_id": {"0": 47}, "topic_keywords": {"0": [["row ' add", 9.0], ["comment datum grid", 9.0], ["verify corra cmb", 9.0], ["portfolio datum template", 8.714285714285715], ["process manual journal", 8.5], ["engine process manager", 8.5], ["run report loantxstore", 8.333333333333334], ["column move position", 8.0], ["' delete entity", 7.857142857142858], ["delete entity '", 7.857142857142858], ["tie delete entity", 7.857142857142858], ["update overlap field", 7.85], ["user select drop", 7.666666666666667], ["update overlap", 5.6], ["template load", 4.714285714285714], ["validate user", 4.333333333333334], ["user role", 4.333333333333334], ["single select", 4.333333333333334], ["search field", 4.25], ["amount default", 4.0], ["insurance type", 4.0], ["insurer legal", 4.0], ["insurer short", 4.0], ["asset type", 4.0], ["mortgage asset", 4.0], ["equipment asset", 4.0], ["pop state", 4.0], ["column sort", 4.0], ["column filter", 4.0], ["mortgagehub image", 4.0], ["securehub image", 4.0], ["mortgage viewer", 4.0], ["edit mortgage", 4.0], ["start date", 4.0], ["calendar drop-down", 4.0], ["end date", 4.0], ["term end", 4.0], ["change amount", 3.333333333333333], ["rmbs ''", 3.25], ["process", 2.5], ["report", 2.3333333333333335], ["field", 2.25], ["column", 2.0], ["entity", 1.8571428571428572], ["change", 1.3333333333333333], ["rmbs", 1.25], ["letter", 1.0], ["block", 1.0], ["implement", 1.0], ["equal 100", 1.0], ["error", 1.0], ["save", 1.0], ["1-1-1900", 1.0], ["refresh", 1.0], ["grouping", 1.0], ["folder", 1.0], ["currency", 1.0], ["i_occupancytype", 1.0], ["installation", 1.0]]}}}