{"task": "extract_topic_keywords", "client_id": "azure-taosolutions", "status": "Success", "result": {"topic_id": {"0": 26}, "topic_keywords": {"0": [["risk free rate", 9.0], ["pass server validation", 9.0], ["administration company setup", 9.0], ["rmbs program liability", 9.0], ["select reserve liability", 9.0], ["select liability status", 9.0], ["present january remittance", 9.0], ["bulk pool process", 9.0], ["field accept integer", 8.75], ["minimum length field", 8.75], ["minimum letter field", 8.75], ["map region field", 8.75], ["administration holiday calendar", 8.666666666666666], ["correctly show red", 8.571428571428571], ["static compliance template", 8.5], ["clone exist calendar", 8.166666666666666], ["reserve button enable", 8.136363636363637], ["release button enable", 8.136363636363637], ["valuate button enable", 8.136363636363637], ["criterion group select", 8.1], ["click search button", 7.969696969696971], ["'' show ''", 7.714285714285715], ["create riskfreerateholidaycalendars table", 7.666666666666667], ["put / riskfreerates", 7.535409035409035], ["post / riskfreerates", 7.535409035409035], ["delete / riskfreerates", 7.535409035409035], ["verify tab visibility", 7.466666666666667], ["/ riskfreerates /", 7.42002442002442], ["show criterion button", 7.3077922077922075], ["field change original", 6.416666666666667], ["calendar clone", 5.166666666666666], ["'' show", 5.142857142857143], ["criterion button", 4.736363636363636], ["general tab", 4.666666666666666], ["update button", 4.636363636363637], ["remove button", 4.636363636363637], ["show expect", 4.571428571428571], ["'' message", 4.571428571428571], ["/ riskfreerates", 4.535409035409035], ["static fee", 4.5], ["/ detail", 4.484615384615385], ["formula field", 4.25], ["require criterion", 4.1], ["criterion section", 4.1], ["build hook", 4.0], ["job scheduler", 4.0], ["product type", 4.0], ["hover '", 4.0], ["' icon", 4.0], ["asset type", 4.0], ["mortgage asset", 4.0], ["equipment asset", 4.0], ["shub rt", 4.0], ["application timeout", 4.0], ["numeric symbol", 4.0], ["tool tip", 4.0], ["upload transaction", 4.0], ["add button", 3.9696969696969697], ["monthly invoice", 3.75], ["entity type", 3.666666666666667], ["riskfreerates refactor", 3.6507936507936507], ["step detail", 3.6], ["enable", 2.5], ["click", 2.3333333333333335], ["criterion", 2.1], ["original", 2.0], ["verify", 1.8], ["invoice", 1.75], ["entity", 1.6666666666666667], ["change", 1.6666666666666667], ["create", 1.6666666666666667], ["riskfreerates", 1.6507936507936507], ["detail", 1.6], ["formula", 1.5], ["add", 1.3333333333333333], [">= 30", 1.0], [">= 0", 1.0], ["unsaved", 1.0], ["user", 1.0], ["screen", 1.0], ["tooltip", 1.0], ["rfr", 1.0], ["api", 1.0], ["invalid", 1.0], ["med", 1.0], ["dirty", 1.0], ["miniutes", 1.0], [">= 10", 1.0], ["enter", 1.0], ["core", 1.0], ["country", 1.0], ["throw", 1.0], ["2020", 0]]}}}