{"task": "extract_topic_keywords", "client_id": "azure-taosolutions", "status": "Success", "result": {"topic_id": {"0": 39}, "topic_keywords": {"0": [["/ dropdown list", 9.0], ["add list current", 9.0], ["closing current tab", 8.925925925925926], ["close current tab", 8.925925925925926], ["upload custodial document", 8.714285714285715], ["instrument past period", 8.545454545454545], ["view history company", 8.5], ["loan income tab", 8.47138047138047], ["upload file import", 8.428571428571429], ["user multiselect insurer", 8.4], ["pool compliant freeze", 8.363636363636363], ["engine result show", 8.333333333333334], ["user navigate tab", 8.325925925925926], ["view custodial document", 8.214285714285715], ["premium discount set", 8.2], ["accounting instrument template", 8.145454545454545], ["instrument instrument history", 8.09090909090909], ["detail user download", 8.0], ["delete yield curve", 8.0], ["import exist contact", 7.928571428571429], ["set document signer", 7.914285714285715], ["pool deal instrument", 7.909090909090908], ["view loan detail", 7.645454545454545], ["user click ''", 7.566666666666666], ["edit document match", 7.464285714285714], ["view pool detail", 7.463636363636363], ["save work properly", 7.333333333333333], ["reserve loan update", 7.212121212121212], ["display detail applicable", 7.1], ["asset type configuration", 7.018867924528302], ["submit document sign", 6.880952380952381], ["pool type view", 6.863636363636363], ["save location select", 6.333333333333333], ["validate left column", 6.2], ["sign document", 5.214285714285714], ["view loan", 5.045454545454545], ["import contact", 4.928571428571429], ["view user", 4.9], ["view pool", 4.863636363636363], ["delete document", 4.714285714285714], ["show pool", 4.696969696969697], ["'' pdf", 4.666666666666666], ["browse instrument", 4.545454545454545], ["filter instrument", 4.545454545454545], ["loan free", 4.545454545454545], ["loan setting", 4.545454545454545], ["entry instrument", 4.545454545454545], ["status view", 4.5], ["double click", 4.5], ["import enable", 4.428571428571429], ["delete user", 4.4], ["edit user", 4.15], ["step detail", 4.1], ["view report", 4.055555555555555], ["asset type", 4.018867924528302], ["equipment asset", 4.018867924528302], ["job scheduler", 4.0], ["grid filter", 4.0], ["grid group", 4.0], ["process amortization", 4.0], ["issuer selection", 4.0], ["change select", 4.0], ["custodian selection", 4.0], ["type selection", 4.0], ["status blank", 4.0], ["consult satya", 4.0], ["system setup", 4.0], ["execution level", 4.0], ["level owner", 4.0], ["mortgage asset", 3.818867924528302], ["create user", 3.5999999999999996], ["report time", 3.5555555555555554], ["run report", 3.5555555555555554], ["remove change", 3.333333333333333], ["field type", 3.3157894736842106], ["field edit", 3.0657894736842106], ["tab", 2.925925925925926], ["accounting", 2.6], ["instrument", 2.5454545454545454], ["user", 2.4], ["pool", 2.3636363636363638], ["set", 2.2], ["validate", 2.0], ["select", 2.0], ["delete", 2.0], ["type", 2.0], ["mortgage", 1.8], ["edit", 1.75], ["update", 1.6666666666666667], ["submit 2824", 1.6666666666666667], ["report", 1.5555555555555556], ["step", 1.5], ["display", 1.5], ["save", 1.3333333333333333], ["remove", 1.3333333333333333], ["field", 1.3157894736842106], ["create", 1.2], ["column", 1.2], ["create 2824", 1.2], ["toggle", 1.0], ["administration", 1.0], ["indexratedetails", 1.0], ["extract", 1.0], ["entity", 1.0], ["start", 1.0], ["summary", 1.0], ["grouping", 1.0], ["action", 1.0], ["editable", 1.0], ["formula", 1.0], ["compulsory", 1.0], ["month", 1.0], ["option", 1.0]]}}}