{"task": "extract_topic_keywords", "client_id": "azure-taosolutions", "status": "Success", "result": {"topic_id": {"0": 14}, "topic_keywords": {"0": [["> 112989-dev estimati", 9.0], ["< sd >", 9.0], ["< ed >", 9.0], ["sale successfully execute", 9.0], ["grouppropertyvalue / groupmarketvalue", 8.714285714285715], ["payment holiday frequency", 8.692307692307693], ["import engine configuration", 8.646341463414634], ["112587-dev work item", 8.633333333333333], ["112150-dev work item", 8.633333333333333], ["cutoff date provide", 8.619047619047619], ["' discard modification", 8.583333333333334], ["collection start-end date", 8.507936507936508], ["minsum_groupcurrentbalanceandpropertyvalue return expect", 8.5], ["minsum_groupcurrentbalanceandmarketvalue return expect", 8.5], ["partition obligors industry", 8.333333333333334], ["/ '' region", 8.214285714285715], ["tab left screen", 8.171794871794873], ["basespread documentation assetenginereferenceguide", 8.142857142857142], ["mortgagehub backlog item", 8.133333333333333], ["funding-formula builder- add", 8.11111111111111], ["mortgage selection criterion", 8.044843049327355], ["'' agricultural equipment", 8.011764705882353], ["sample screenshot description", 8.0], ["s_neighbourhood size change", 7.888888888888889], ["mortgage term amortization", 7.844843049327354], ["schedule payment tab", 7.830769230769231], ["/ consolidation id", 7.814285714285715], ["loan repayment frequency", 7.8076923076923075], ["total amt column", 7.790697674418604], ["rmbs settlement engine", 7.771341463414634], ["engine process manager", 7.737250554323725], ["dev work item", 7.733333333333333], ["loanasatdate formula result", 7.682539682539682], ["clone product type", 7.680851063829786], ["click ' '", 7.666666666666668], ["field work properly", 7.651515151515151], ["update ' present", 7.628787878787879], ["verify ' liabilitiesinstrument", 7.607429718875502], ["verify ' assetinstrument", 7.607429718875502], ["source asset number", 7.55777166437414], ["bug asset found", 7.55777166437414], ["size change code", 7.555555555555555], ["perenna borrower file", 7.515873015873016], ["interestdue ' formula", 7.515873015873016], ["perenna asset file", 7.502216108818585], ["mortgage term date", 7.463890668374972], ["assetwainstrumentsinperiod formula test", 7.432539682539682], ["row ' add", 7.421717171717171], ["group info tab", 7.40989010989011], ["additional information tab", 7.395604395604396], ["perenna collateral file", 7.37037037037037], ["cutoffdate formula builder", 7.367724867724867], ["left additional field", 7.351515151515152], ["borrower datum grid", 7.321428571428571], ["perenna transaction file", 7.301587301587302], ["engine aggregation filter", 7.271341463414634], ["rate ' formula", 7.265873015873016], ["origination product filter", 7.225], ["search loan ownership", 7.216783216783217], ["row borrower history", 7.1889452011403225], ["update month question", 7.188311688311688], ["row asset history", 7.175288294085892], ["asset type configuration", 7.138622728203927], ["duplicate asset type", 7.138622728203927], ["clone asset type", 7.138622728203927], ["workaround bycollateraltype filter", 7.125], ["file successfully upload", 7.111111111111112], ["verify asset class", 7.081868049916309], ["asset browser chooser", 7.080498937101414], ["row collateral history", 7.043442555637677], ["formula fee principal", 7.015873015873016], ["track asset ownership", 6.96686257346505], ["mortgage term amount", 6.9559541604384645], ["/ dev estimate", 6.947619047619048], ["reportingreq_rbarmbs table populate", 6.866666666666667], ["accept datetime formula", 6.84920634920635], ["engine formula instrument", 6.828881145954316], ["add remove document", 6.825396825396825], ["table ineigibility filter", 6.825], ["step list field", 6.818181818181818], ["select edit option", 6.796491228070176], ["validate type editable", 6.747517730496454], ["add bymanufacturer filter", 6.736111111111111], ["update product type", 6.726305609284333], ["validate asset object", 6.724438331040807], ["pool remittance update", 6.7219251336898385], ["asset filter method", 6.68277166437414], ["mortgage object filter", 6.669843049327355], ["add asset source", 6.668882775485251], ["field nullable mandatory", 6.595959595959595], ["remittance detail section", 6.5588235294117645], ["formula formula builder", 6.55026455026455], ["borrower information add", 6.5396825396825395], ["report requirement tab", 6.522672064777328], ["collateral history table", 6.5161698283649505], ["pool remittance create", 6.485994397759103], ["asset borrower tab", 6.467661774264251], ["borrower engine filter", 6.3427700348432055], ["field additional field", 6.336363636363637], ["asset engine filter", 6.329113127788775], ["validate left column", 6.290697674418604], ["filter ' asset", 6.266104997707474], ["collateral engine filter", 6.19726738934056], ["update asset type", 6.184077273658472], ["asset viewer mortgage", 6.135948047034828], ["asset viewer equipment", 6.1028697035898265], ["liabilitywainstrumentsinperiod formula test", 6.099206349206349], ["reserve asset pool", 6.067575585942768], ["user select country", 5.9714912280701755], ["validate middle column", 5.957364341085272], ["asset sales create", 5.86729547389795], ["add filter bygroupindexedcurrentltv", 5.736111111111111], ["schedule payment", 5.492307692307692], ["validate general section", 5.4], ["region code", 5.166666666666666], ["row group", 5.084415584415584], ["click '", 5.083333333333334], ["rate '", 5.083333333333334], ["group info", 5.071428571428571], ["additional information", 5.057142857142857], ["dev work", 4.933333333333334], ["interestdue formula", 4.932539682539682], ["112572 dev item", 4.9], ["collection period", 4.888888888888889], ["payment formula", 4.874847374847375], ["mortgage term", 4.844843049327354], ["mortgagehub source", 4.833333333333334], ["loan repayment", 4.8076923076923075], ["settlement engine", 4.771341463414634], ["date nullable", 4.73015873015873], ["top row", 4.727272727272727], ["basespread '", 4.726190476190476], ["loanasatdate formula", 4.682539682539682], ["minsum_groupcurrentbalanceandpropertyvalue formula", 4.682539682539682], ["minsum_groupcurrentbalanceandmarketvalue formula", 4.682539682539682], ["product type", 4.680851063829787], ["m_paymentamount populate", 4.666666666666666], ["trust engine", 4.646341463414634], ["sponsor engine", 4.646341463414634], ["mandate engine", 4.646341463414634], ["left column", 4.624031007751938], ["post date", 4.619047619047619], ["verify '", 4.607429718875502], ["loansasatdate '", 4.583333333333334], ["asset found", 4.55777166437414], ["defer fee", 4.5], ["field mandatory", 4.484848484848484], ["borrower history", 4.461672473867596], ["asset history", 4.448015566813165], ["principal amount", 4.444444444444445], ["group type", 4.4379939209726444], ["formula test", 4.432539682539682], ["borrower tab", 4.40989010989011], ["field '", 4.401515151515151], ["collateral file", 4.37037037037037], ["formula builder", 4.367724867724867], ["arrears information", 4.357142857142858], ["insurance information", 4.357142857142858], ["tab top", 4.338461538461539], ["byinternalborrowerid partition", 4.333333333333334], ["loan browser", 4.33041958041958], ["select asset", 4.320929559110983], ["select mortgage", 4.308000944064196], ["loan cf", 4.3076923076923075], ["loan link", 4.3076923076923075], ["middle column", 4.290697674418604], ["add pool", 4.287581699346405], ["collateral tab", 4.264387464387465], ["exchangeratetype '", 4.25], ["ownership tab", 4.247552447552447], ["dev estimate", 4.233333333333333], ["99345 dev estimate", 4.233333333333333], ["112708 dev estimate", 4.233333333333333], ["112095 dev estimate", 4.233333333333333], ["dev estimate 113579", 4.233333333333333], ["dev estimate 121546", 4.233333333333333], ["poolassets table", 4.2], ["report requirement", 4.184210526315789], ["servicingbalance formula", 4.182539682539682], ["accruedinterest formula", 4.182539682539682], ["ytdamount formula", 4.182539682539682], ["wa_groupcurrentltv formula", 4.182539682539682], ["groupnumberofproperty formula", 4.182539682539682], ["groupcount formula", 4.182539682539682], ["max_groupcurrentbalance formula", 4.182539682539682], ["wa_interest formula", 4.182539682539682], ["preciseremainingterm formula", 4.182539682539682], ["wa_preciseremainingterm formula", 4.182539682539682], ["season formula", 4.182539682539682], ["termmaturity formula", 4.182539682539682], ["appraisalvalue formula", 4.182539682539682], ["marketvalue formula", 4.182539682539682], ["originalltv formula", 4.182539682539682], ["rmbsprogramloan formula", 4.182539682539682], ["assetcount formula", 4.182539682539682], ["count formula", 4.182539682539682], ["baseamount formula", 4.182539682539682], ["wahomeloanrate formula", 4.182539682539682], ["warehouse pool", 4.1764705882352935], ["party pool", 4.1764705882352935], ["mortgageassets table", 4.174358974358975], ["process type", 4.1717601547388785], ["asset id", 4.15777166437414], ["column group", 4.147840531561462], ["funding engine", 4.146341463414634], ["day month", 4.142857142857142], ["month year", 4.142857142857142], ["asset type", 4.138622728203927], ["add logic", 4.111111111111111], ["nullable default 0", 4.111111111111111], ["base amount", 4.111111111111111], ["interest amount", 4.111111111111111], ["tax amount", 4.111111111111111], ["add overlap", 4.111111111111111], ["update asset", 4.103226209828685], ["mortgage asset", 4.102614713701495], ["dev estimate-", 4.1], ["securehub id", 4.1], ["asset viewer", 4.091104997707474], ["run process", 4.090909090909091], ["currentbalance formula", 4.082539682539682], ["select field", 4.08133971291866], ["asset browser", 4.080498937101414], ["140719 asset browser", 4.080498937101414], ["mortgage viewer", 4.078176382660688], ["general tab", 4.0717948717948715], ["equipment asset", 4.069536370256493], ["step detail", 4.0588235294117645], ["securitiescount 110665 asset", 4.05777166437414], ["asset priority", 4.05777166437414], ["asset viewer-validate", 4.05777166437414], ["asset viewer-borrower-general", 4.05777166437414], ["document tab", 4.052747252747253], ["update overlap", 4.045454545454545], ["mortgage limit", 4.044843049327355], ["verify getswapvalue", 4.024096385542169], ["field table", 4.0181818181818185], ["rename fetch_ass", 4.0], ["bastien escaich", 4.0], ["papus koulibaly", 4.0], ["james zhu", 4.0], ["ariel gonzalez", 4.0], ["ui portion", 4.0], ["legaldescription length", 4.0], ["ba activity", 4.0], ["static datum", 4.0], ["account matrix", 4.0], ["display correspondent", 4.0], ["currentltv fromula", 4.0], ["malena bermudez", 4.0], ["manually set", 4.0], ["i_transactiontype = 524288", 4.0], ["i_transactiontype = 8192", 4.0], ["i_transactiontype = 8388610", 4.0], ["isin instrument", 4.0], ["execution level", 4.0], ["minor gain", 4.0], ["joby james", 4.0], ["2 decimal point", 4.0], ["db null", 4.0], ["introduce assetcollaterals", 4.0], ["chanakyudu ravuri", 4.0], ["show blank", 4.0], ["enhancement opti-pool", 4.0], ["susel valdes", 4.0], ["verify mortgageassets", 3.998455359901143], ["formula liabilityinstrument", 3.9825396825396826], ["engine error", 3.9796747967479673], ["user select", 3.9714912280701755], ["verify mortgageassetsasatdate", 3.9440963855421685], ["transaction type", 3.9379939209726444], ["source system", 3.9], ["reserve asset", 3.8911049977074734], ["size logic", 3.888888888888889], ["exchangeratetype formula", 3.849206349206349], ["verify liabilityinstrument", 3.824096385542169], ["user add", 3.8194444444444446], ["field changeable", 3.8181818181818183], ["document type", 3.795136778115501], ["column \u2019", 3.7906976744186047], ["m_collectedpayoutprincipal column", 3.7906976744186047], ["m_collectedpayoutinterest column", 3.7906976744186047], ["m_collectedwriteoffprincipal column", 3.7906976744186047], ["m_capitalizedlegalfees column", 3.7906976744186047], ["general ui", 3.7333333333333334], ["instrument general", 3.7333333333333334], ["filter type", 3.7058510638297872], ["report body", 3.6842105263157894], ["rba report", 3.6842105263157894], ["boe report", 3.6842105263157894], ["filter asset", 3.6827716643741404], ["validate 7 section", 3.666666666666667], ["validate market", 3.666666666666667], ["validate mortgageassets", 3.6410256410256414], ["create field", 3.6277056277056277], ["exist filter", 3.625], ["filter apply", 3.625], ["edit asset", 3.5911049977074736], ["filter mortgageassetsasatdate", 3.545], ["increase mortgageassetcollaterals", 3.5], ["fixe mortgageassetsownedincollectionperiod", 3.5], ["entity group", 3.4682539682539684], ["validate column", 3.4573643410852712], ["delete formula", 3.4325396825396823], ["column filter", 3.4156976744186047], ["metro finance", 3.4], ["wnzl environment", 3.4], ["wnzl environ", 3.4], ["validate user", 3.375], ["bytransactiontype mortgageassetsownedincollectionperiod", 3.2], ["filter debttype", 2.791666666666667], ["142127 / 142164", 2.7142857142857144], ["engine", 2.6463414634146343], ["date", 2.619047619047619], ["region", 2.5], ["remittance", 2.5], ["cmb cmb", 2.5], ["bycollateraltype", 2.5], ["file", 2.4444444444444446], ["tab", 2.3384615384615386], ["table", 2.2], ["formula", 2.1825396825396823], ["pool", 2.176470588235294], ["12 month", 2.142857142857143], ["settlement", 2.125], ["add", 2.111111111111111], ["nullable", 2.111111111111111], ["dev", 2.1], ["process", 2.090909090909091], ["borrower", 2.0714285714285716], ["110664 asset", 2.0577716643741404], ["asset", 2.0577716643741404], ["update", 2.0454545454545454], ["mortgage", 2.0448430493273544], ["verify", 2.0240963855421685], ["equipment", 2.011764705882353], ["reportingreq_rbarmbs", 2.0], ["sales", 2.0], ["country", 2.0], ["section", 2.0], ["screenshot", 2.0], ["step", 2.0], ["bygroupindexedcurrentltv", 2.0], ["instrument", 2.0], ["mortgageassets", 1.9743589743589745], ["collateral", 1.9259259259259258], ["mortgageassetsasatdate", 1.92], ["ownership", 1.9090909090909092], ["currentbalance", 1.9], ["size", 1.8888888888888888], ["transaction", 1.8571428571428572], ["reserve", 1.8333333333333333], ["field", 1.8181818181818181], ["create", 1.8095238095238095], ["liabilityinstrument", 1.8], ["column", 1.7906976744186047], ["static", 1.75], ["general", 1.7333333333333334], ["document", 1.7142857142857142], ["user", 1.7083333333333333], ["report", 1.6842105263157894], ["liabilitywainstrumentsinperiod", 1.6666666666666667], ["validate", 1.6666666666666667], ["accept", 1.6666666666666667], ["upload", 1.6666666666666667], ["exchangeratetype", 1.6666666666666667], ["filter", 1.625], ["edit", 1.5333333333333334], ["mortgageassetcollaterals", 1.5], ["funding", 1.5], ["fixe", 1.5], ["wnzl", 1.4], ["system", 1.4], ["finance", 1.4], ["error", 1.3333333333333333], ["cmb", 1.25], ["delete", 1.25], ["bytransactiontype", 1.2], ["debttype", 1.1666666666666667], ["entity", 1.1111111111111112], ["obligorcount", 1.0], ["fix", 1.0], ["core", 1.0], ["ast", 1.0], ["accounting", 1.0], ["rbccm", 1.0], ["pbi 112185", 1.0], ["xml", 1.0], ["build 3", 1.0], ["performance", 1.0], ["permit", 1.0], ["eqt", 1.0], ["tsx", 1.0], ["zealand", 1.0], ["assetwainstrument", 1.0], ["bynotesery", 1.0], ["bynoteclass", 1.0], ["liabilitywainstrument", 1.0], ["fulltc", 1.0], ["sort", 1.0], ["dbo", 1.0], ["reportingreq_sprmbs", 1.0], ["cancel", 1.0], ["assetlinks", 1.0], ["assetborrowers", 1.0], ["percent", 1.0], ["start", 1.0], ["previous", 1.0], ["mbs", 1.0], ["deal", 1.0], ["status", 1.0], ["match", 1.0], ["today", 1.0], ["bycollateralprovince", 1.0], ["province", 1.0], ["aus_nsw", 1.0], ["applicable", 1.0], ["getexchangeratevalue", 1.0], ["exchangerateeffectivedate", 1.0], ["mcap", 1.0], ["assetslinks", 1.0], ["m_groupmarketvalue", 1.0], ["d_groupmarketvaluedate", 1.0], ["minsum_groupcurrentbalanceand", 1.0], ["modify", 1.0], ["rmbsprogramloans", 1.0], ["payout", 1.0], ["writeoff", 1.0], ["mqcc", 1.0], ["liability", 1.0], ["bydebttype", 1.0], ["notional", 1.0], ["rmbsloans", 1.0], ["byoriginationdate", 1.0], ["anotherdateformula", 1.0], ["amp", 1.0], ["bymortgageassettype", 1.0], ["interestonly", 1.0], ["collectionenddate", 1.0], ["excludingmortgageassettype", 1.0], ["byindexedcurrentltv", 1.0], ["nulldecimal", 1.0], ["excludingindexedcurrentltv", 1.0], ["bypreciseremainingterm", 1.0], ["excludingpreciseremainingterm", 1.0], ["excludinggroupindexedcurrentltv", 1.0], ["txtype", 1.0], ["dischargefee", 1.0], ["currentterm", 1.0], ["excludinggroupnumberofsecurity", 1.0], ["byfundingstatus", 1.0], ["fundingstatus", 1.0], ["fund", 1.0], ["byextendedproperty", 1.0], ["exp_asset_loanaccountstatus", 1.0], ["22r1", 1.0], ["bygroupnumberofsecurity", 1.0], ["determinationdate", 1.0], ["bygroupcurrentbalance", 1.0], ["bymortgageloanpurpose", 1.0], ["mortgageloanpurpose", 1.0], ["owneroccupied", 1.0], ["swaptype", 1.0], ["basis", 1.0], ["collectionstartdate", 1.0], ["collectionsenddate", 1.0], ["linkeddealmortgageassets", 1.0], ["linkeddealmortgageassetsasatdate", 1.0], ["i_ioremainingterm", 1.0], ["i_fxremainingterm", 1.0], ["assetsasatdate", 1.0], ["fullmortgageassethistory", 1.0], ["true", 1.0], ["linc3tmr 5947", 1.0], ["m003", 1.0], ["linc3tmr 5933", 1.0], ["datatype", 1.0], ["money", 1.0], ["boolean", 1.0], ["#2017-01-31", 1.0], ["speed 1 3", 1.0], ["nzl_", 1.0], ["interestrateswap", 1.0], ["interestbearing", 1.0], ["byinstrument", 1.0], ["instrumrnt", 1.0], ["port", 1.0], ["23r1", 1.0], ["view", 1.0], ["manufacturer", 1.0], ["n_ageatorigination", 1.0], ["function", 1.0], ["byenddate", 1.0], ["obligorloancount", 1.0], ["byobligorwithtotalbalance", 1.0], ["22r13", 1.0], ["join", 1.0], ["grouping", 1.0], ["110475", 0], ["109038", 0], ["107820", 0], ["55829", 0], ["112723", 0], ["112874", 0], ["113171", 0], ["113332", 0], ["3 4", 0], ["113534", 0], ["114036", 0], ["114040", 0], ["0004", 0], ["8306", 0], ["999", 0], ["121253", 0], ["100", 0], ["500000", 0], ["5946", 0], ["5945", 0], ["141833", 0], ["115069", 0], ["2023", 0]]}}}