{"task": "extract_topic_keywords", "client_id": "azure-taosolutions", "status": "Success", "result": {"topic_id": {"0": 51}, "topic_keywords": {"0": [["selection populate combobox", 9.0], ["journal configuration left", 9.0], ["essential cmls addition", 9.0], ["transfer advise upload", 9.0], ["sample file attach", 9.0], ["current settlement term", 9.0], ["generate input form", 8.5], ["search search bar", 8.333333333333332], ["enforce policy =", 8.31578947368421], ["enforce policy set", 8.31578947368421], ["funding request submit", 8.166666666666666], ["datum type long", 7.9], ["harmonize transparency template", 7.571428571428571], ["/ description field", 7.5], ["cmb reinvestment create", 7.333333333333333], ["associate process type", 7.134146341463414], ["funding process finalize", 6.800813008130081], ["program loan process", 6.217479674796748], ["/ type", 5.0], ["search result", 4.666666666666666], ["string type", 4.5], ["form tab", 4.5], ["long '", 4.4], ["password policy", 4.315789473684211], ["policy apply", 4.315789473684211], ["rmbs program", 4.25], ["setting button", 4.0], ["tooltips test", 4.0], ["validation empty", 4.0], ["' field", 4.0], ["empty '", 4.0], ["sort group", 4.0], ["error entry", 4.0], ["drag formula", 4.0], ["list formula", 4.0], ["step detail", 4.0], ["entity show", 4.0], ["loan source", 4.0], ["record compliancetemplateproducts", 4.0], ["funding process", 3.8008130081300813], ["process funding", 3.8008130081300813], ["security policy", 3.672932330827068], ["party pool", 3.666666666666667], ["compliance template", 3.571428571428571], ["security issue", 3.357142857142857], ["field", 2.0], ["source", 1.6666666666666667], ["pool", 1.6666666666666667], ["process", 1.6341463414634145], ["template", 1.5714285714285714], ["15 security", 1.3571428571428572], ["security", 1.3571428571428572], ["create", 1.3333333333333333], ["modell", 1.0], ["top", 1.0], ["corner", 1.0], ["message", 1.0], ["open", 1.0], ["editable", 1.0], ["liability", 1.0], ["grid", 1.0], ["month", 1.0], ["min_creditscore", 1.0], ["min_qualifyingcreditscore", 1.0], ["entire", 1.0], ["approve", 1.0], ["reprocess", 1.0]]}}}