{"task": "extract_topic_keywords", "client_id": "azure-taosolutions", "status": "Success", "result": {"topic_id": {"0": 5}, "topic_keywords": {"0": [["populate drill link", 9.0], ["modal scroll issue", 9.0], ["text box space", 9.0], ["bmo harry schema", 9.0], ["pivotal prod 22r2", 9.0], ["enclose xml tag", 9.0], ["override box check", 9.0], ["override box uncheck", 9.0], ["transaction balance reconciliation", 9.0], ["replace '' log", 8.923076923076923], ["id '' route", 8.811965811965813], ["manual navigation log", 8.780701754385966], ["route redirect route", 8.777777777777779], ["clear click ''", 8.756410256410257], ["audit trace browser", 8.75], ["vendor details-sell consignment", 8.566666666666666], ["nha mbs administration", 8.5], ["contact details-industry code", 8.466666666666667], ["'' vendor ''", 8.412820512820513], ["vendor details-business number", 8.366666666666667], ["delete route visit", 8.281746031746032], ["contact details-business number", 8.266666666666666], ["navigation bar authenticate", 8.233333333333334], ["cmb reinvestment button", 8.2], ["vendor details-approve vendor", 8.133333333333333], ["' button click", 8.119047619047619], ["account sole proprietor", 8.1], ["email link open", 8.0], ["change size username", 8.0], ["default user mandatory", 7.921428571428571], ["show user information", 7.85], ["login successfully log", 7.833333333333333], ["replace '' login", 7.756410256410256], ["add multiple recipient", 7.75], ["expand ability add", 7.75], ["field display blank", 7.55], ["enter email field", 7.55], ["user details-url type", 7.55], ["user details-email type", 7.55], ["delete engine template", 7.535714285714285], ["account successfully delete", 7.492857142857142], ["username delete account", 7.492857142857142], ["user account table", 7.45], ["user edit field", 7.3999999999999995], ["row click '", 7.1190476190476195], ["criterion search field", 7.05], ["verify field mandatory", 7.027678571428572], ["delete item remove", 6.992857142857142], ["verify save empty", 6.90625], ["account successfully create", 6.8999999999999995], ["delete note class", 6.892857142857142], ["verify display input", 6.40625], ["verify upload file", 5.906250000000001], ["manual navigation", 5.780701754385965], ["'' vendor", 5.48974358974359], ["navigation bar", 5.233333333333333], ["mandatory field", 5.121428571428572], ["'' icon", 4.923076923076923], ["delete class", 4.892857142857142], ["manage click", 4.833333333333334], ["asset browser", 4.75], ["remove account", 4.7], ["cmb administration", 4.7], ["user '", 4.635714285714286], ["vendor details-trade", 4.566666666666666], ["vendor details-trand", 4.566666666666666], ["disbursement vendor", 4.566666666666666], ["delete template", 4.535714285714286], ["edit lp", 4.5], ["show sin", 4.5], ["search set", 4.5], ["delete account", 4.492857142857143], ["contact details-sin", 4.466666666666667], ["verify field", 4.45625], ["user account", 4.45], ["verify input", 4.40625], ["cmb cmb", 4.4], ["delete lp", 4.392857142857142], ["user accounts-user", 4.35], ["email type", 4.2], ["phone type", 4.2], ["product type", 4.2], ["login '", 4.119047619047619], ["hide sin", 4.0], ["keyword drop-down", 4.0], ["actual function", 4.0], ["cc section", 4.0], ["general configuration", 4.0], ["customer transactions-", 4.0], ["proper permission", 4.0], ["attempt navigate", 4.0], ["negative > 999", 4.0], ["back refresh", 4.0], ["joby james", 4.0], ["save record", 4.0], ["instrument general", 4.0], ["cma clickable", 4.0], ["pool management", 4.0], ["pool sale", 4.0], ["process sale", 4.0], ["db null", 4.0], ["apply prototype", 4.0], ["activities-send email", 4.0], ["spacing option", 4.0], ["upload attachment", 3.9333333333333336], ["verify +", 3.90625], ["client contact", 3.8], ["error message", 3.75], ["verify add", 3.65625], ["attachment limit", 3.6], ["attachment tab", 3.6], ["route", 2.888888888888889], ["number", 2.8], ["mandatory", 2.5714285714285716], ["field", 2.55], ["user", 2.35], ["account", 2.1], ["email", 2.0], ["save", 2.0], ["display", 2.0], ["note", 2.0], ["change", 2.0], ["criterion", 2.0], ["row", 2.0], ["item", 2.0], ["verify", 1.90625], ["login", 1.8333333333333333], ["create", 1.8], ["error", 1.75], ["add", 1.75], ["file", 1.6666666666666667], ["attachment", 1.6], ["client", 1.3333333333333333], ["low", 1.0], ["applications-application", 1.0], ["accounts-account", 1.0], ["email-email", 1.0], ["contacts-contact", 1.0], ["string", 1.0], ["email-type", 1.0], ["vendors-vendor", 1.0], ["bcc", 1.0], ["phone-phone", 1.0], ["format", 1.0], ["med", 1.0], ["filter", 1.0], ["obligor", 1.0], ["authentication", 1.0], ["confirmation", 1.0], ["un-authenticate", 1.0], ["computer", 1.0], ["length 255", 1.0], ["equipment", 1.0], ["decimal", 1.0], ["miss", 1.0], ["static", 1.0], ["esma", 1.0], ["core", 1.0], ["account-referral", 1.0], ["workflow", 1.0], ["high", 1.0], ["s_userlogin", 1.0]]}}}