{"task": "extract_topic_keywords", "client_id": "azure-taosolutions", "status": "Success", "result": {"topic_id": {"0": 20}, "topic_keywords": {"0": [["bvd uat 22r2", 9.0], ["correctly populate grid", 9.0], ["result grid total", 9.0], ["left side column", 9.0], ["combine gds editable", 9.0], ["combine tds editable", 9.0], ["clear result grid", 9.0], ["accrue interest editable", 9.0], ["save work properly", 9.0], ["base store database", 9.0], ["journal post matrix", 8.828125], ["journal post report-", 8.828125], ["'' sales fetch", 8.818181818181818], ["attachment limit validation", 8.666666666666666], ["error prompt save", 8.636363636363637], ["weekend '' set", 8.636363636363637], ["'' term ''", 8.636363636363637], ["'' preprocess calculation", 8.618181818181817], ["system setup-system date", 8.517786561264822], ["mock discussion section", 8.5], ["execute preprocess stage", 8.466666666666667], ["ensure report result", 8.456140350877194], ["run report loanproperty", 8.456140350877194], ["post journal history", 8.411458333333334], ["funding-process viewer-run process", 8.391304347826086], ["error message occurance", 8.386363636363637], ["correct loan balance", 8.355555555555554], ["borrower service id", 8.333333333333334], ["column left blank", 8.333333333333334], ["journal post report", 8.284265350877194], ["engine process manager", 8.280193236714975], ["change save properly", 8.235294117647058], ["instrument past period", 8.2], ["visible history tab", 8.198717948717949], ["preprocess calculation process", 8.191304347826087], ["search panel top", 8.166666666666666], ["weekend holiday set", 8.151515151515152], ["administration job scheduler", 8.147058823529411], ["journal hold edit", 8.113839285714285], ["entry add save", 8.1], ["report throw error", 8.09250398724083], ["pool pend task", 8.054054054054054], ["grid export csv", 8.0], ["duplicate attachment upload", 8.0], ["list dropdown option", 8.0], ["process manual journal", 7.969429347826087], ["load template drop", 7.96078431372549], ["program loan process", 7.946859903381642], ["tab left screen", 7.901098901098901], ["process job scheduler", 7.891304347826087], ["error message '", 7.770979020979022], ["submit ' '", 7.76923076923077], ["update preexist curve", 7.75], ["report administration permission", 7.703199174406604], ["add / delete", 7.699999999999999], ["workflow-ready secure tab", 7.686813186813186], ["ready secure tab", 7.686813186813186], ["settlement engine process", 7.680193236714976], ["column accounting standard", 7.666666666666667], ["re-coupon button grey", 7.666666666666666], ["switch '' create", 7.651515151515151], ["grid export file", 7.633333333333333], ["successfully secure pool", 7.625482625482626], ["username delete account", 7.6], ["report administration report", 7.559339525283798], ["workflow-bulk sale pool", 7.554054054054054], ["report system report", 7.520976353928299], ["row add grid", 7.433333333333334], ["change manual settlement", 7.385294117647058], ["formula formula builder", 7.333333333333334], ["asset history tab", 7.292467948717949], ["template delete '", 7.278733031674209], ["reasonable entity type", 7.253968253968253], ["cap amount update", 7.25], ["template newly create", 7.127450980392156], ["click secure button", 7.071428571428571], ["pool pass compliance", 7.054054054054054], ["generate mortgagehub installer", 7.0], ["warn message user", 6.892857142857142], ["require form finalize", 6.696969696969697], ["turn user role", 5.961038961038961], ["validate description mandatory", 5.904761904761905], ["validate transaction type", 5.880952380952381], ["'' preprocess", 5.618181818181818], ["manual journal", 5.578125], ["system date", 5.517786561264822], ["engine process", 5.280193236714975], ["warn message", 5.25], ["process journal", 5.219429347826087], ["sale execute", 5.166666666666666], ["manual settlement", 5.15], ["report administration", 5.103199174406605], ["ready secure", 5.071428571428571], ["workflow-ready secure", 5.071428571428571], ["system report", 5.064836003051106], ["cap amount", 5.0], ["export csv", 5.0], ["template load", 4.96078431372549], ["'' add", 4.918181818181818], ["borrower history", 4.916666666666667], ["formula builder", 4.833333333333334], ["view journal", 4.828125], ["generic journal", 4.828125], ["attachment type", 4.809523809523809], ["affordability balance", 4.8], ["row '", 4.717948717948718], ["loan file", 4.688888888888888], ["re-coupon button", 4.666666666666666], ["update '", 4.634615384615385], ["export file", 4.633333333333333], ["secure pool", 4.625482625482626], ["system setup", 4.608695652173913], ["history retention", 4.583333333333334], ["change description", 4.568627450980392], ["loan setting", 4.555555555555555], ["job definition", 4.5], ["mock attach", 4.5], ["indemnity curve", 4.5], ["borrower type", 4.476190476190476], ["internal report", 4.4561403508771935], ["ssrs report", 4.4561403508771935], ["settlement summary", 4.4], ["cancellation process", 4.391304347826087], ["funding process", 4.391304347826087], ["option '", 4.384615384615385], ["edit asset", 4.379464285714286], ["show blank", 4.333333333333334], ["upload read", 4.333333333333334], ["form viewer", 4.333333333333334], ["template select", 4.294117647058823], ["existent template", 4.294117647058823], ["edit mode", 4.285714285714286], ["entity type", 4.253968253968254], ["asset type", 4.236607142857142], ["bold change", 4.235294117647059], ["click '", 4.217948717948718], ["permission display", 4.2], ["transaction editor", 4.166666666666666], ["search match", 4.166666666666666], ["insurance type", 4.142857142857142], ["product type", 4.142857142857142], ["turn user", 4.142857142857142], ["file attach", 4.133333333333333], ["progress tab", 4.115384615384615], ["asset browser", 4.09375], ["asset viewer", 4.09375], ["pool management", 4.054054054054054], ["pool setting", 4.054054054054054], ["party pool", 4.054054054054054], ["step deatils", 4.0], ["account creation", 4.0], ["portfolio insurance", 4.0], ["shub rt", 4.0], ["great equal 100", 4.0], ["previously select", 4.0], ["cmhc approve", 4.0], ["rbc op", 4.0], ["test case 107394", 4.0], ["m_currentpbal dbo", 4.0], ["test case 107409", 4.0], ["static datum", 4.0], ["cmhc 2824 advice", 4.0], ["sample attach", 4.0], ["string 200 character", 4.0], ["string 100 character", 4.0], ["string 255 character", 4.0], ["datum return", 4.0], ["create add", 3.9333333333333336], ["step detail", 3.888888888888889], ["mortgagehub logo", 3.8333333333333335], ["search criterion", 3.7666666666666666], ["batch '", 3.7482517482517483], ["equipment asset", 3.69375], ["workflow-standard workflow", 3.666666666666667], ["user login", 3.642857142857143], ["user account", 3.642857142857143], ["user selection", 3.642857142857143], ["display datum", 3.6], ["mandatory field", 3.5], ["mortgage asset", 3.49375], ["user create", 3.4761904761904763], ["add batch", 3.463636363636364], ["user role", 3.4610389610389607], ["screen accessible", 3.4285714285714284], ["mortgage viewer", 3.4], ["exist batch", 3.3636363636363633], ["user toggle", 3.142857142857143], ["weekend", 2.8181818181818183], ["enter batch", 2.696969696969697], ["error", 2.6363636363636362], ["tab", 2.6153846153846154], ["delete", 2.6], ["report", 2.456140350877193], ["process", 2.391304347826087], ["holiday", 2.3333333333333335], ["template", 2.2941176470588234], ["screen", 2.2857142857142856], ["update", 2.25], ["change", 2.235294117647059], ["instrument", 2.2], ["entity", 2.111111111111111], ["add", 2.1], ["pool", 2.054054054054054], ["account", 2.0], ["re-coupon", 2.0], ["compliance", 2.0], ["option", 2.0], ["2 mandatory", 2.0], ["detail", 1.8888888888888888], ["create", 1.8333333333333333], ["click", 1.8333333333333333], ["role", 1.8181818181818181], ["accounting", 1.6666666666666667], ["workflow", 1.6666666666666667], ["generate 2824", 1.6666666666666667], ["user", 1.6428571428571428], ["criterion", 1.6], ["equipment", 1.6], ["display", 1.6], ["validate", 1.5714285714285714], ["toggle", 1.5], ["field", 1.5], ["progress", 1.5], ["logo", 1.5], ["mortgage", 1.4], ["batch", 1.3636363636363635], ["6 2822 require", 1.3636363636363635], ["enter", 1.3333333333333333], ["accessible", 1.1428571428571428], ["core", 1.0], ["verify", 1.0], ["provide", 1.0], ["status", 1.0], ["country", 1.0], ["province", 1.0], ["general", 1.0], ["highlight", 1.0], ["scale", 1.0], ["default", 1.0], ["null", 1.0], ["low", 1.0], ["size", 1.0], ["action", 1.0], ["advance", 1.0], ["cusip", 1.0], ["isin", 1.0], ["reportview_journal", 1.0], ["loanstore", 1.0], ["i_cpdealid", 1.0], ["pbi 115322", 1.0], ["100", 0]]}}}