{"task": "extract_topic_keywords", "client_id": "azure-taosolutions", "status": "Success", "result": {"topic_id": {"0": 48}, "topic_keywords": {"0": [["upload poolfeelupload file", 9.0], ["principal balance owe", 9.0], ["equal sum maturity", 9.0], ["exchangerate ui implement", 8.75], ["closing mhub edit", 8.5], ["select bulk reclass", 8.428571428571429], ["process manual journal", 8.380952380952381], ["field accept integer", 8.333333333333334], ["credit account description", 8.333333333333334], ["reverse copy enable", 8.0], ["pool fee upload", 8.0], ["report show nbv", 7.986666666666666], ["run report loanstore", 7.934035087719298], ["run report searchsetdetails", 7.934035087719298], ["close search panel", 7.833333333333334], ["language field show", 7.833333333333334], ["i_reserveid = pool", 7.666666666666666], ["i_ownerid = ownerinvestors", 7.666666666666666], ["select bulk sale", 7.5396825396825395], ["report template button", 7.486666666666666], ["input report template", 7.486666666666666], ["create db object", 7.4], ["impp2020 general tab", 7.388888888888888], ["remove select result", 7.128571428571429], ["complete calculation user", 6.666666666666667], ["run process", 5.328320802005012], ["copy enable", 5.0], ["i_ownerid ownerinvestors", 5.0], ["general ui", 4.916666666666666], ["search panel", 4.833333333333334], ["closing tab", 4.722222222222222], ["remove result", 4.7], ["search field", 4.666666666666667], ["i_ownertype = 1073741824", 4.666666666666666], ["table language", 4.5], ["report template", 4.486666666666666], ["record select", 4.428571428571429], ["general tab", 4.388888888888889], ["' process", 4.380952380952381], ["debit account", 4.333333333333334], ["search set", 4.333333333333334], ["opti-pool result", 4.2], ["optimal result", 4.2], ["sale browser-", 4.111111111111111], ["sale status", 4.111111111111111], ["sale reason", 4.111111111111111], ["sale browser", 4.111111111111111], ["core poolfeeupload", 4.0], ["exchange rate", 4.0], ["password expiration", 4.0], ["cp program", 4.0], ["creation date", 4.0], ["effective date", 4.0], ["post status", 4.0], ["debit note", 4.0], ["post event", 4.0], ["datum grid", 4.0], ["' require", 4.0], ["icon '", 4.0], ["mortgage asset", 4.0], ["equipment asset", 4.0], ["james zhu", 4.0], ["chanakyudu ravuri", 4.0], ["error pop", 4.0], ["/ open", 4.0], ["mortgage viewer", 4.0], ["window pop", 4.0], ["entry date", 4.0], ["rmbs program", 4.0], ["m_monthlypaymentequiv late", 4.0], ["step detail", 4.0], ["checkbox add", 4.0], ["base rate", 4.0], ["program setup", 4.0], ["system report", 3.9866666666666664], ["sale type", 3.9444444444444446], ["asset type", 3.833333333333333], ["rbc op", 3.833333333333333], ["instrument general", 3.7222222222222223], ["delete instrument", 3.5555555555555554], ["popup state", 3.5], ["click '", 3.333333333333333], ["development discussion", 3.125], ["process", 2.380952380952381], ["field", 2.3333333333333335], ["pool", 2.0], ["user", 2.0], ["report", 1.9866666666666666], ["type", 1.8333333333333333], ["rbc", 1.8333333333333333], ["complete", 1.6666666666666667], ["instrument", 1.5555555555555556], ["popup", 1.5], ["create", 1.4], ["click", 1.3333333333333333], ["development", 1.125], ["day", 1.0], [">= 0", 1.0], ["amount", 1.0], ["currency", 1.0], ["dropdown", 1.0], ["list", 1.0], ["test", 1.0], ["screen", 1.0], ["assetborrowers", 1.0], ["exchangerates", 1.0], ["month", 1.0], ["entity", 1.0], ["confirmation", 1.0], ["datagrid", 1.0], ["year", 1.0], ["i_poolid", 1.0], ["d_nextcutoffdate", 1.0], ["gst", 1.0], ["populate", 1.0], ["uncheck", 1.0], ["exchangeratesources", 1.0]]}}}