{"task": "extract_topic_keywords", "client_id": "azure-taosolutions", "status": "Success", "result": {"topic_id": {"0": 53}, "topic_keywords": {"0": [["upload purchase file", 8.8], ["error tooltip show", 8.5], ["tooltips display empty", 8.2], ["settlement-report templates-lock template", 8.142857142857142], ["test opti-pool age", 8.073170731707318], ["test opti-pool apr", 8.073170731707318], ["purchase set entry", 7.866666666666667], ["engine process manager", 7.824561403508772], ["income process log", 7.824561403508772], ["pre-fund process button", 7.824561403508772], ["calculate fee enable", 7.75], ["funding request entry", 7.707692307692307], ["mandatory field report", 7.701298701298702], ["mandatory field form", 7.095238095238096], ["test migration estimate", 7.082879469571395], ["purchase set", 5.466666666666667], ["detail show", 4.5], ["field grid", 4.428571428571429], ["report template", 4.415584415584416], ["correct entry", 4.4], ["tooltips test", 4.273170731707317], ["view report", 4.272727272727273], ["exist template", 4.142857142857142], ["funding process", 4.132253711201079], ["test estimate", 4.082879469571395], ["test estimate 110611", 4.082879469571395], ["93345 test estimate", 4.082879469571395], ["112708 test estimate", 4.082879469571395], ["112711 test estimate", 4.082879469571395], ["coupon instrument", 4.0], ["pend approval", 4.0], ["single criterion", 4.0], ["multiple criterion", 4.0], ["asset type", 4.0], ["user update", 4.0], ["email history", 4.0], ["work properly", 4.0], ["/ open", 4.0], ["specific issuer", 4.0], ["step detail", 4.0], ["system setting", 4.0], ["process instrument", 3.824561403508772], ["automatically select", 3.3529411764705883], ["fee select", 3.1029411764705883], ["entry", 2.4], ["process", 1.8245614035087718], ["fee", 1.75], ["form", 1.6666666666666667], ["select", 1.3529411764705883], ["list", 1.0], ["create", 1.0], ["verify", 1.0], ["clone", 1.0], ["delete", 1.0], ["mortgage", 1.0], ["great", 1.0], ["offset", 1.0], ["continue", 1.0], ["red", 1.0], ["settlement", 1.0], ["click", 1.0], ["client", 1.0], ["functionality", 1.0], ["administration", 1.0]]}}}