{"task": "extract_topic_keywords", "client_id": "azure-taosolutions", "status": "Success", "result": {"topic_id": {"0": 28}, "topic_keywords": {"0": [["update ssi user1", 9.0], ["update ssi screen", 9.0], ["row '' >", 9.0], ["nha mbs administration", 9.0], ["refer detail step", 9.0], ["error tooltip show", 9.0], ["warehouse settlement engine", 8.894736842105264], ["standard settlement instruction", 8.894736842105264], ["process action finish", 8.866666666666667], ["process manual journal", 8.755555555555556], ["mqcc loan property", 8.75], ["mqcc loan borrower", 8.75], ["mqcc loan general", 8.75], ["term button enable", 8.75], ["late term finalize", 8.75], ["return previous term", 8.75], ["column header grid", 8.666666666666666], ["weight average instrument", 8.5], ["deal ' toggle", 8.294117647058822], ["item datum grid", 8.125], ["warehouse settlement template", 8.116959064327485], ["journal date configuration", 8.055555555555555], ["search template tab", 8.022222222222222], ["file export show", 8.0], ["undo action finish", 8.0], ["search effective date", 7.823809523809523], ["' personal info", 7.794117647058823], ["define default ssi", 7.533333333333333], ["settlement instructions-validate user", 7.37092731829574], ["load template replace", 7.222222222222222], ["save date type", 7.166666666666666], ["' field selectable", 6.96078431372549], ["' holiday calendar", 6.794117647058823], ["settlement template", 5.116959064327485], ["effective date", 5.023809523809524], ["search template", 5.022222222222222], ["post journal", 4.888888888888889], ["comforming loan", 4.75], ["column \u2019", 4.666666666666666], ["' '", 4.588235294117647], ["personal information", 4.5], ["holiday calendar", 4.5], ["switch '", 4.294117647058823], ["term create", 4.15], ["static datum", 4.125], ["select '", 4.044117647058823], ["remove \u2018", 4.0], ["password expire", 4.0], ["password composition", 4.0], ["string type", 4.0], ["boolean type", 4.0], ["tooltips test", 4.0], ["original balance", 4.0], ["b0c compliant", 4.0], ["validation maximum", 4.0], ["string length", 4.0], ["past future", 4.0], ["positive negative", 4.0], ["entry delete", 4.0], ["entry modify", 4.0], ["description download", 4.0], ["pool type", 4.0], ["investor remittance", 4.0], ["corra pool", 4.0], ["23r1 regression", 4.0], ["/ open", 3.9], ["type select", 3.75], ["ui display", 3.666666666666667], ["duplicate price", 3.666666666666667], ["user password", 3.4761904761904763], ["user account", 3.4761904761904763], ["click create", 3.4], ["price default", 3.2], ["process", 2.8666666666666667], ["instrument", 2.5], ["template", 2.2222222222222223], ["date", 2.1666666666666665], ["replace", 2.0], ["undo", 2.0], ["file", 2.0], ["type", 2.0], ["open", 1.9], ["select", 1.75], ["field", 1.6666666666666667], ["display", 1.6666666666666667], ["price", 1.6666666666666667], ["default", 1.5333333333333334], ["default 0", 1.5333333333333334], ["user", 1.4761904761904763], ["user 2", 1.4761904761904763], ["create", 1.4], ["2021 r6", 1.0], ["currency", 1.0], ["day", 1.0], [">= 0", 1.0], ["copy", 1.0], ["append", 1.0], ["fulltc", 1.0], ["approver", 1.0], ["holidaycalendar", 1.0], ["canada", 1.0], ["great", 1.0], ["position", 1.0], ["status", 1.0], ["compress", 1.0], ["size", 1.0], ["upload", 1.0], ["purge", 1.0], ["issue", 1.0], ["vcurrent", 1.0], ["100", 0], ["880", 0], ["885", 0], ["881", 0], ["886", 0], ["981", 0], ["986", 0]]}}}