{"task": "extract_topic_keywords", "client_id": "azure-taosolutions", "status": "Success", "result": {"topic_id": {"0": 31}, "topic_keywords": {"0": [["datum source sort", 9.0], ["header sort test", 9.0], ["rmbs program click", 9.0], ["rmbs program produce", 9.0], ["screen modal window", 8.818181818181818], ["portfolio datum template", 8.777777777777779], ["assetborrowers click update", 8.714285714285715], ["select corra pool", 8.690476190476192], ["validate original loan", 8.666666666666666], ["validate current loan", 8.666666666666666], ["remove change make", 8.6], ["correct cashflows generate", 8.6], ["sale perform external", 8.6], ["check attachment detail", 8.5], ["exist rmbs program", 8.4], ["purchase entity mandatory", 8.333333333333334], ["process manual journal", 8.301587301587302], ["user click '", 8.25], ["multiple ownership total", 8.25], ["add overlap field", 8.2], ["start number provide", 8.2], ["curve create proper", 8.2], ["portfolio insurance screen", 8.095959595959595], ["validation pool number", 8.057142857142857], ["saml / scim", 7.8], ["corra pool type", 7.757142857142858], ["tab change make", 7.4], ["system setup screen", 7.026515151515152], ["corra pool", 5.690476190476191], ["add overlap", 5.6], ["manual journal", 5.301587301587302], ["portfolio insurance", 5.277777777777778], ["loan browser", 4.666666666666666], ["sale reason", 4.6], ["generate form", 4.6], ["attachment screenshot", 4.5], ["entity type", 4.4], ["entity group", 4.333333333333334], ["screen open", 4.318181818181818], ["verify user", 4.25], ["user account", 4.25], ["full ownership", 4.25], ["system setup", 4.208333333333334], ["duplicate curve", 4.2], ["asset type", 4.066666666666666], ["devops packager", 4.0], ["funding engine", 4.0], ["settlement engine", 4.0], ["record bold", 4.0], ["search execute", 4.0], ["application service", 4.0], ["rest api", 4.0], ["shub rt", 4.0], ["format xx-xxx-xxx", 4.0], ["result filter", 4.0], ["result group", 4.0], ["15th month", 4.0], ["business day", 4.0], ["error message", 4.0], ["affordability balance", 4.0], ["confirmation message", 4.0], ["sample attach", 4.0], ["floating-cdor tpp", 4.0], ["post event", 4.0], ["exist batch", 3.9384615384615387], ["general tab", 3.8], ["movement tab", 3.8], ["equipment asset", 3.666666666666667], ["transaction date", 3.666666666666667], ["settlement date", 3.666666666666667], ["batch setup", 3.6217948717948723], ["return mortgage", 3.5294117647058822], ["mortgage asset", 3.5294117647058822], ["cmhc 2834 form", 3.391304347826087], ["2834 cmhc report", 3.391304347826087], ["finalize secure", 3.1538461538461537], ["cmhc 2834 english", 2.991304347826087], ["update", 2.7142857142857144], ["change", 2.6], ["field", 2.6], ["journal", 2.4444444444444446], ["number", 2.2], ["tab", 1.8], ["saml", 1.8], ["date", 1.6666666666666667], ["equipment", 1.6666666666666667], ["english", 1.6], ["batch", 1.5384615384615385], ["mortgage", 1.5294117647058822], ["open", 1.5], ["cmhc 2824", 1.391304347826087], ["cmhc 2840", 1.391304347826087], ["finalize", 1.1538461538461537], ["3 digit", 1.0], ["med", 1.0], ["show", 1.0], ["fulltc", 1.0], ["rate", 1.0], ["extract", 1.0], ["grey", 1.0], ["database", 1.0], ["analytics", 1.0], ["default", 1.0], ["maximum", 1.0], ["minimum", 1.0], ["low", 1.0], ["fee", 1.0], ["length 8", 1.0], ["column", 1.0], ["undo", 1.0], ["instrument", 1.0], ["equal 100", 1.0], ["workflow", 1.0], ["text", 1.0], ["enter", 1.0], ["security", 1.0], ["denomination", 1.0], ["price", 1.0], ["modify", 1.0], ["save", 1.0], ["cmb", 1.0], ["i_occupancytype", 1.0], ["cmhc_2824_change", 1.0], ["cmhc_2824", 1.0], ["french", 1.0], ["partialownership", 1.0], ["147", 0], ["483", 0], ["648 2", 0], ["647", 0], ["000000000000000", 0], ["999", 0], ["999999999999990", 0], ["886", 0], ["986", 0], ["881", 0], ["981", 0]]}}}