{"task": "extract_topic_keywords", "client_id": "azure-taosolutions", "status": "Success", "result": {"topic_id": {"0": 59}, "topic_keywords": {"0": [["reset simple average", 9.0], ["reset compound average", 9.0], ["row ' add", 9.0], ["verify floor compliance", 9.0], ["process manual journal", 9.0], ["boc qualify gds", 9.0], ["b20 qualify gds", 9.0], ["approve b20 gds", 9.0], ["boc qualify tds", 9.0], ["b20 qualify tds", 9.0], ["approve b20 tds", 9.0], ["clone button enable", 9.0], ["administration job scheduler", 9.0], ["job definition scheduler", 9.0], ["select pdf admin", 9.0], ["section regular form", 9.0], ["column change position", 9.0], ["form select list", 9.0], ["nha mbs administration", 9.0], ["override box check", 9.0], ["override box uncheck", 9.0], ["select calendar day", 8.666666666666666], ["enter day month", 8.666666666666666], ["s_loannumber populate loan", 8.333333333333334], ["i_sourceid populate servicer", 8.333333333333334], ["i_sourceid = loanstore", 8.066666666666666], ["run report dbo", 8.058823529411764], ["run report loanstore", 7.725490196078431], ["run report datasources", 7.5588235294117645], ["purchaser = cht", 7.066666666666666], ["purchaser cht", 4.666666666666667], ["business day", 4.666666666666666], ["s_name datasources", 4.5], ["i_ownertype = 64", 4.4], ["internal report", 4.0588235294117645], ["show report", 4.0588235294117645], ["system report", 4.0588235294117645], ["qa estimate", 4.0], ["rfr methodology", 4.0], ["rfr module", 4.0], ["asset type", 4.0], ["mortgage asset", 4.0], ["equipment asset", 4.0], ["general tab", 4.0], ["tooltips test", 4.0], ["spread prime", 4.0], ["require status", 4.0], ["screen divide", 4.0], ["pool management", 4.0], ["pool sale", 4.0], ["attach spreadsheet", 4.0], ["precision validation", 3.5], ["loanstore", 2.6666666666666665], ["populate", 2.3333333333333335], ["report", 2.0588235294117645], ["precision 13", 1.5], ["precision 19", 1.5], ["precision 9", 1.5], ["maximum", 1.0], ["$999", 1.0], ["minimum", 1.0], ["validate", 1.0], ["scale 10", 1.0], ["scale 4", 1.0], ["entity", 1.0], ["dirty", 1.0], ["unadd", 1.0], ["finalize", 1.0], ["description", 1.0], ["field", 1.0], ["999", 0]]}}}