{"task": "extract_topic_keywords", "client_id": "azure-taosolutions", "status": "Success", "result": {"topic_id": {"0": 25}, "topic_keywords": {"0": [["classify asset ineligible", 9.0], ["remove ineligible asset", 9.0], ["proxy address populate", 9.0], ["formula- > filter", 9.0], ["risk free rate", 9.0], ["journal date configuration", 8.837837837837839], ["exchange rate detail", 8.833333333333334], ["/ detail /", 8.593333333333334], ["rmbs settlement engine", 8.555555555555555], ["refer term period", 8.5], ["run allocation series", 8.5], ["run allocation template", 8.5], ["select finalize cmb", 8.333333333333334], ["engine process manager", 8.254901960784313], ["day month selection", 8.25], ["process manual journal", 8.092739798622151], ["change effective date", 8.0], ["exchangeratedetails table update", 8.0], ["update exist role", 8.0], ["loan pool fund", 7.863636363636363], ["remove report delete", 7.823529411764706], ["bulk synchronize add", 7.789473684210526], ["add formula builder", 7.789473684210526], ["business day convention", 7.75], ["role user add", 7.646616541353383], ["verify journal create", 7.6378378378378375], ["mail setup complete", 7.509803921568627], ["dev estimate core", 7.333333333333333], ["test estimate core", 7.333333333333333], ["' precede '", 7.333333333333332], ["/ exchangerates /", 7.31], ["system setup >", 7.287581699346405], ["cmb administration impp2020", 7.208333333333334], ["cmb offer sell", 7.19047619047619], ["update exist user", 6.857142857142858], ["/ adddetails endpoint", 6.524444444444445], ["error '' pool", 6.169191919191919], ["/ exchangerates endpoint", 5.874444444444444], ["loan fund", 5.5], ["settlement detail", 5.388888888888889], ["/ adddetails", 5.08], ["formula builder", 5.0], ["/ button", 4.88], ["offer sell", 4.857142857142857], ["eirpoolsalecashflowperiods journal", 4.837837837837838], ["business day", 4.75], ["cmb administration", 4.708333333333334], ["cmb cmb", 4.666666666666667], ["settlement summary", 4.555555555555555], ["mail setup", 4.509803921568627], ["collection period", 4.5], ["fully allocation", 4.5], ["/ exchangerates", 4.43], ["pool management", 4.363636363636363], ["party pool", 4.363636363636363], ["floating-cdor pool", 4.363636363636363], ["cmb reinvestment", 4.333333333333334], ["system setup", 4.287581699346405], ["process remittance", 4.254901960784314], ["report administration", 4.198529411764706], ["matrix setup", 4.1764705882352935], ["' modify", 4.166666666666666], ["ariel gonzalez", 4.0], ["bastien escaich", 4.0], ["put request", 4.0], ["shub rt", 4.0], ["james zhu", 4.0], ["b_delete = 0", 4.0], ["string length", 4.0], ["insurance type", 4.0], ["originator field", 4.0], ["screen load", 4.0], ["outstand tab", 4.0], ["submit tab", 4.0], ["holiday calendar", 4.0], ["obligorcount securitycount", 4.0], ["00 site notification", 4.0], ["report out-of-sync", 3.8235294117647056], ["error ''", 3.8055555555555554], ["validation maxmium", 3.75], ["static datum", 3.5294117647058822], ["add", 2.789473684210526], ["impp2020", 2.5], ["process", 2.2549019607843137], ["day", 2.25], ["change", 2.0], ["synchronize", 2.0], ["update", 2.0], ["precede", 2.0], ["user", 1.8571428571428572], ["report", 1.8235294117647058], ["verify", 1.8], ["validation", 1.75], ["error", 1.5555555555555556], ["exchangerates", 1.55], ["static", 1.5294117647058822], ["modify", 1.5], ["endpoint", 1.4444444444444444], ["core", 1.3333333333333333], ["api", 1.0], ["rateid", 1.0], ["detailid", 1.0], ["sourceid", 1.0], ["wnzl", 1.0], ["med", 1.0], ["low", 1.0], ["open", 1.0], ["essential", 1.0], ["option", 1.0], ["calculate", 1.0], ["settle", 1.0], ["byclosingrmbsbalance", 1.0], ["minvalue", 1.0], ["maxvalue", 1.0], ["totalprincipaladvancesdeferrals", 1.0], ["totalprincipaladvancesarrears", 1.0], ["totalinterestadvancesdeferrals", 1.0], ["totalinterestadvancesarrears", 1.0], ["accounting", 1.0], ["mandatory", 1.0], ["checkbox", 1.0], ["optional", 1.0], ["uncheck", 1.0], ["face", 1.0], ["amount", 1.0], ["floor", 1.0], ["i_occupancytype", 1.0], ["hyperlink", 1.0], ["installation", 1.0], ["86704377", 0], ["120633", 0], ["255", 0]]}}}