{"task": "extract_topic_keywords", "client_id": "azure-taosolutions", "status": "Success", "result": {"topic_id": {"0": 41}, "topic_keywords": {"0": [["borrower service id", 9.0], ["delete compliance template", 9.0], ["administration job scheduler", 9.0], ["' column sort", 8.5], ["process job scheduler", 8.333333333333334], ["bulk sale pool", 8.25], ["accounting instrument template", 7.666666666666667], ["criterion search field", 7.6], ["unique db validation", 7.181818181818182], ["settlement activity type", 7.166666666666666], ["field validate", 4.6], ["' trust", 4.5], ["process type", 4.5], ["pool type", 4.416666666666666], ["settlement process", 4.333333333333334], ["tpp pool", 4.25], ["asset type", 4.166666666666666], ["upload trade", 4.0], ["development item", 4.0], ["deprecate b_accruefees", 4.0], ["server host", 4.0], ["static datum", 4.0], ["filter group", 4.0], ["tab selection", 4.0], ["blue underline", 4.0], ["workflow-standard workflow", 4.0], ["ownership assign", 4.0], ["regular 2824 finalize", 4.0], ["regular 2824 require", 4.0], ["remove file", 4.0], ["error message", 4.0], ["guarantee fee", 4.0], ["phone number", 4.0], ["date birth", 4.0], ["/ sum", 4.0], ["total line", 4.0], ["accounting matrix", 3.666666666666667], ["accounting book", 3.666666666666667], ["screen open", 3.666666666666667], ["screen select", 3.666666666666667], ["criterion", 2.0], ["settlement", 2.0], ["accounting", 1.6666666666666667], ["screen", 1.6666666666666667], ["validation", 1.1818181818181819], ["pbi 112569", 1.0], ["placeholder", 1.0], ["accrue", 1.0], ["company", 1.0], ["argument", 1.0], ["fulltc", 1.0], ["duplicate", 1.0], ["mortgage", 1.0], ["equipment", 1.0], ["user", 1.0], ["freeze", 1.0], ["show", 1.0], ["integration", 1.0], ["numerator", 1.0], ["denominator", 1.0]]}}}