{"task": "extract_topic_keywords", "client_id": "azure-taosolutions", "status": "Success", "result": {"topic_id": {"0": 50}, "topic_keywords": {"0": [["compliance template select", 9.0], ["change provincial threshold", 9.0], ["nha mbs administration", 9.0], ["delete rfr methodology", 8.875], ["add debit account", 8.75], ["add credit account", 8.75], ["'' approval ticker", 8.6], ["schedule payment tab", 8.5], ["additional information tab", 8.5], ["loan reserve state", 8.5], ["column ' change", 8.461538461538462], ["delete ib instrument", 8.25], ["delete wa instrument", 8.25], ["switch date type", 8.166666666666666], ["total amt +", 7.885714285714286], ["secure revolve pool", 7.685714285714286], ["execute opti pool", 7.685714285714286], ["alter pool secure", 7.685714285714285], ["'' grand total", 7.552380952380952], ["grand total amt", 7.552380952380952], ["settle fee amount", 7.523809523809524], ["multiple fee time", 7.523809523809524], ["asset financial category", 7.404761904761905], ["manually add fee", 7.273809523809524], ["commitment amt column", 6.894871794871795], ["user delete instrument", 6.508064516129032], ["exclude mandatory fee", 6.357142857142858], ["delete instrument", 5.25], ["grand total", 4.9523809523809526], ["'' total", 4.885714285714286], ["total amt", 4.885714285714286], ["add currency", 4.75], ["opti pool", 4.685714285714285], ["secure pool", 4.685714285714285], ["general tab", 4.5], ["collateral tab", 4.5], ["borrower tab", 4.5], ["loan source", 4.5], ["invalid column", 4.461538461538462], ["commitment amt", 4.433333333333334], ["collateral category", 4.333333333333334], ["mandatory show", 4.333333333333334], ["commitment column", 4.294871794871795], ["pool management", 4.285714285714286], ["pool sale", 4.285714285714286], ["asset type", 4.238095238095238], ["asset viewer", 4.071428571428571], ["equipment asset", 4.071428571428571], ["asset browser", 4.071428571428571], ["mortgage asset", 4.071428571428571], ["sample purpose", 4.0], ["assetborrowers table", 4.0], ["i_reservestatus dbo", 4.0], ["searchsetdetails update", 4.0], ["opti-pool result", 4.0], ["result match", 4.0], ["/ operator", 4.0], ["calendar drop", 4.0], ["workflow-alternate workflow", 4.0], ["error entry", 4.0], ["display completely", 4.0], ["space provide", 4.0], ["screenshot attach", 4.0], ["mandatory fee", 3.857142857142857], ["user exclude", 3.758064516129032], ["search set", 3.75], ["fee place", 3.5238095238095237], ["fee section", 3.5238095238095237], ["top row", 3.5], ["user search", 3.008064516129032], ["instrument", 2.375], ["total", 2.2857142857142856], ["commitment", 1.8333333333333333], ["search", 1.75], ["fee", 1.5238095238095237], ["row", 1.5], ["user", 1.2580645161290323], ["finding", 1.0], ["s_assetnumber", 1.0], ["cancel", 1.0], ["2812 require", 1.0], ["2812 finalize", 1.0], ["red", 1.0], ["boe", 1.0], ["verify", 1.0], ["100", 0]]}}}