{"task": "extract_topic_keywords", "client_id": "azure-taosolutions", "status": "Success", "result": {"topic_id": {"0": 19}, "topic_keywords": {"0": [["key present dictionary", 9.0], ["suppose show client", 9.0], ["correctly show cell", 9.0], ["override toggle visible", 9.0], ["mqcc module formula", 9.0], ["count business day", 9.0], ["asset type configuration", 8.6], ["edit revolve pool", 8.6], ["remove item contex", 8.5], ["export result csv", 8.5], ["export result excel", 8.5], ["unable update amount", 8.48], ["post / cptradesfull", 8.46923076923077], ["risk rating template", 8.4], ["field accept letter", 8.357142857142858], ["fee amount column", 8.349397590361445], ["engine process manager", 8.346153846153847], ["client specific test", 8.285714285714285], ["term advisory deal", 8.25], ["delete asset type", 8.2], ["define pool type", 8.2], ["administration holiday calendar", 8.187177597641856], ["holiday calendar associate", 8.187177597641856], ["add httponly attribute", 8.181818181818182], ["match datagrid display", 8.166666666666666], ["administration job scheduler", 8.108108108108109], ["violate validation ui", 8.016666666666666], ["/ formula /", 7.938461538461539], ["/ engine /", 7.938461538461539], ["/ cpinvoice /", 7.938461538461539], ["id query parm", 7.916666666666666], ["id query param", 7.916666666666666], ["general ledger detail", 7.8769230769230765], ["provide description field", 7.857142857142858], ["save holiday calendar", 7.853844264308524], ["return expect response", 7.85], ["issue swagger documentation", 7.777777777777778], ["warehouse fee matrix", 7.755647590361446], ["delete fee schedule", 7.749397590361446], ["user update override", 7.694285714285714], ["retrieve holiday calendar", 7.687177597641856], ["create yieldcurveholidaycalendars table", 7.684210526315789], ["update holiday calendar", 7.667177597641857], ["overlap tax date", 7.666666666666666], ["update fee schedule", 7.629397590361445], ["verify engine run", 7.617021276595745], ["click top grid", 7.583333333333334], ["schedule fee matrix", 7.5556475903614455], ["update template multiple", 7.546666666666667], ["program fee calculate", 7.460508701472557], ["process job scheduler", 7.454261954261954], ["verify function isbusinessday", 7.429521276595745], ["verify function modifiedfollowing", 7.429521276595745], ["verify function modifiedpreceding", 7.429521276595745], ["template multiple field", 7.423809523809524], ["verify formula detail", 7.417021276595745], ["effective date click", 7.416666666666666], ["require field ''", 7.357142857142858], ["delete fee matrix", 7.355647590361446], ["instrument history functional", 7.3], ["duplicate fee type", 7.282730923694778], ["update fee matrix", 7.235647590361445], ["user update calendar", 7.185811138014527], ["click datum grid", 7.183333333333334], ["create calendar existent", 7.1757359500446025], ["field instrument table", 7.1571428571428575], ["invalid cpdealsextendedpropertyid provide", 7.128571428571428], ["id query params", 7.116666666666666], ["fee matrix successfully", 7.088980923694779], ["fee matrix change", 7.088980923694779], ["field mandatory user", 7.071428571428572], ["post / cptrades", 7.031214240305149], ["/ allocation /", 7.0293706293706295], ["account actual nil", 7.0], ["/ extendedproperty /", 6.974175824175824], ["add fee matrix", 6.937465772179627], ["fee matrix error", 6.922314257028113], ["cp fee matrix", 6.898504733218589], ["/ entitydata /", 6.884407484407484], ["create holiday calendar", 6.8713881239576455], ["verify holiday calendar", 6.804198874237601], ["/ cptrades /", 6.500445009535919], ["verify user save", 6.497973657548126], ["create wa instrument", 6.484210526315789], ["field length verify", 6.4741641337386024], ["/ cpdeals /", 6.438461538461539], ["return validation error", 6.283333333333333], ["api environment issue", 5.943492063492063], ["add api endpoint", 5.847532467532467], ["verify matrix boundary", 5.773271276595745], ["match ui", 5.416666666666666], ["remove holiday", 5.195652173913043], ["retrieve holiday", 5.195652173913043], ["holiday calendar", 5.187177597641857], ["update holiday", 5.175652173913043], ["effective date", 5.166666666666666], ["fee schedule", 5.1493975903614455], ["delete calendar", 5.091525423728814], ["save change", 5.0], ["/ result", 4.969230769230769], ["fee type", 4.949397590361446], ["process type", 4.946153846153846], ["update template", 4.88], ["query params", 4.866666666666667], ["holiday error", 4.86231884057971], ["mandatory field", 4.857142857142858], ["calendar duplicate", 4.824858757062147], ["detail journal", 4.8], ["template field", 4.757142857142857], ["fee matrix", 4.755647590361446], ["duplicate fee", 4.682730923694779], ["flag delete", 4.6], ["pool sale", 4.6], ["/ program", 4.58034188034188], ["/ job", 4.577338877338877], ["/ allocation", 4.56013986013986], ["/ extendedproperty", 4.504945054945055], ["verify- display", 4.5], ["max length 100", 4.5], ["deal id", 4.5], ["search result", 4.5], ["' calendar", 4.491525423728813], ["calendar explicitly", 4.491525423728813], ["update ticketname", 4.48], ["/ cpfundingdefinition", 4.469230769230769], ["/ feesummary", 4.469230769230769], ["/ entitycontacts", 4.469230769230769], ["/ tradeallocation", 4.469230769230769], ["program fee", 4.460508701472557], ["multiple issue", 4.444444444444445], ["verify function", 4.429521276595745], ["/ entitydata", 4.415176715176715], ["report template", 4.4], ["cp deal", 4.392857142857142], ["create holiday", 4.379862700228832], ["/ step", 4.358119658119659], ["field require", 4.357142857142858], ["require field", 4.357142857142858], ["facility fee", 4.349397590361446], ["unused fee", 4.349397590361446], ["instrument history", 4.3], ["pass validation", 4.266666666666667], ["cp program", 4.253968253968254], ["id internal", 4.25], ["validate user", 4.214285714285714], ["calendar create", 4.1757359500446025], ["create calendar", 4.1757359500446025], ["prompt error", 4.166666666666666], ["job definition", 4.108108108108108], ["reuse delete", 4.1], ["/ cptrades", 4.031214240305149], ["exago object", 4.0], ["insert database", 4.0], ["james zhu", 4.0], ["express view", 4.0], ["code review", 4.0], ["entitity header", 4.0], ["portfolio insurance", 4.0], ["yield curve", 4.0], ["throw exception", 4.0], ["tooltip '", 4.0], ["party issuer", 4.0], ["james coyle", 4.0], ["search sets-verify", 4.0], ["additional finding", 4.0], ["extend precision", 4.0], ["issuingtrustid dealerid", 4.0], ["0 qa requirement", 4.0], ["status code", 4.0], ["trigger execute 200", 4.0], ["shub rt", 3.9722222222222223], ["shub apiv1", 3.9722222222222223], ["/ cpdeals", 3.9692307692307693], ["request fundingdefinition", 3.916666666666667], ["id invalid", 3.8785714285714286], ["instrument general", 3.8769230769230774], ["return 404 found", 3.85], ["pend approval", 3.833333333333333], ["verify user", 3.831306990881459], ["extract file", 3.8], ["instrument clone", 3.8], ["file pend", 3.8], ["funding type", 3.8], ["request return 204", 3.7666666666666666], ["validate boundary", 3.75], ["return return", 3.7], ["core add", 3.6818181818181817], ["api endpoint", 3.6657142857142855], ["verify precede", 3.617021276595745], ["entitity contact", 3.5], ["closing balance", 3.5], ["create instrument", 3.484210526315789], ["verify return", 3.4670212765957444], ["api test", 3.451428571428571], ["put request", 3.416666666666667], ["issue entity", 3.2777777777777777], ["select exist", 3.166666666666667], ["api route", 3.1657142857142855], ["api method", 3.1657142857142855], ["shub api", 3.137936507936508], ["shub apiv2", 2.992356450410142], ["datum", 2.6], ["provide", 2.5], ["calendar", 2.4915254237288136], ["update", 2.48], ["121568 / 139908", 2.4692307692307693], ["134712 / 139900", 2.4692307692307693], ["field", 2.357142857142857], ["fee", 2.3493975903614457], ["process", 2.3461538461538463], ["successfully", 2.3333333333333335], ["grid", 2.3333333333333335], ["click", 2.25], ["user", 2.2142857142857144], ["add", 2.1818181818181817], ["error", 2.1666666666666665], ["allocation", 2.090909090909091], ["extendedproperty", 2.0357142857142856], ["overlap", 2.0], ["require", 2.0], ["account", 2.0], ["nil", 2.0], ["shub", 1.9722222222222223], ["entitydata", 1.945945945945946], ["request", 1.9166666666666667], ["step", 1.8888888888888888], ["return", 1.85], ["approval", 1.8333333333333333], ["file", 1.8], ["instrument", 1.8], ["issue", 1.7777777777777777], ["boundary", 1.75], ["create", 1.6842105263157894], ["invalid", 1.6285714285714286], ["verify", 1.6170212765957446], ["cptrades", 1.56198347107438], ["put", 1.5], ["reuse", 1.5], ["cpdeals", 1.5], ["entity", 1.5], ["core", 1.5], ["0 balance", 1.5], ["contact", 1.5], ["funding", 1.2], ["exist", 1.1666666666666667], ["api", 1.1657142857142857], ["api 2", 1.1657142857142857], ["api 4", 1.1657142857142857], ["apiv2", 1.0201342281879195], ["engineid", 1.0], ["shub-324", 1.0], ["selectable", 1.0], ["nbc", 1.0], ["20r3", 1.0], ["cptermadvisorydeal", 1.0], ["shub-api", 1.0], ["pair", 1.0], ["entityid", 1.0], ["entitytype", 1.0], ["batch", 1.0], ["insurer", 1.0], ["access", 1.0], ["enter", 1.0], ["system", 1.0], ["nullreferenceexception", 1.0], ["build 3", 1.0], ["low", 1.0], ["blocker", 1.0], ["med", 1.0], ["filenotfoundexception", 1.0], ["high", 1.0], ["typeinitializationexception", 1.0], ["copy", 1.0], ["editable", 1.0], ["set", 1.0], ["sponsor", 1.0], ["trust", 1.0], ["loan", 1.0], ["property", 1.0], ["othermortgages", 1.0], ["borrower", 1.0], ["numberofothermortgages", 1.0], ["settlement", 1.0], ["scratch", 1.0], ["activity", 1.0], ["metadataexception", 1.0], ["time", 1.0], ["addbusinessdays", 1.0], ["startdate", 1.0], ["int", 1.0], ["continue", 1.0], ["pagesize", 1.0], ["content", 1.0], ["yieldcurves", 1.0], ["holidaycalendars", 1.0], ["extendedpropertyid", 1.0], ["allocationid", 1.0], ["extprptyid", 1.0], ["work", 1.0], ["mandate", 1.0], ["extensibleentitytypeid", 1.0], ["0 enhancement", 1.0], ["lock", 1.0], ["unusedfee", 1.0], ["enhancement", 1.0], ["definitionid", 1.0], ["recalculation", 1.0], ["miss", 1.0], ["shub-apiv1", 1.0], ["0004", 0], ["9768", 0], ["9812", 0]]}}}