{"task": "extract_topic_keywords", "client_id": "azure-taosolutions", "status": "Success", "result": {"topic_id": {"0": 62}, "topic_keywords": {"0": [["change make unsaved", 9.0], ["cancel unsaved change", 9.0], ["yes- > close", 9.0], ["click datum grid", 9.0], ["search search panel", 9.0], ["provide cusip valid", 9.0], ["drop-down clear selection", 9.0], ["rmbs settlement engine", 9.0], ["pay / receive", 9.0], ["settlement-report templates-export template", 8.666666666666666], ["settlement-report templates-modify date", 8.666666666666666], ["additional field show", 8.6], ["engine process manager", 8.384615384615385], ["string field city", 7.433333333333334], ["save pool type", 6.25], ["field city", 5.1], ["settlement-report templates-add", 4.666666666666666], ["pool type", 4.583333333333334], ["string length", 4.333333333333334], ["opti pool", 4.333333333333334], ["asset type", 4.25], ["chart account", 4.0], ["system setup", 4.0], ["row match", 4.0], ["' match", 4.0], ["mortgage asset", 4.0], ["equipment asset", 4.0], ["validation maxmium", 4.0], ["instrument general", 4.0], ["tool tip", 4.0], ["original principal", 4.0], ["base rate", 4.0], ["loan cf", 4.0], ["loan cfs", 4.0], ["detail step", 4.0], ["inactivate account", 4.0], ["pip default 0", 3.666666666666667], ["pip max", 3.666666666666667], ["process", 2.3846153846153846], ["save", 1.6666666666666667], ["pip", 1.6666666666666667], ["delete", 1.0], ["confirmation", 1.0], ["enter", 1.0], ["negative", 1.0], ["update", 1.0], ["set", 1.0], ["user", 1.0], ["100", 0]]}}}