{"task": "extract_topic_keywords", "client_id": "azure-taosolutions", "status": "Success", "result": {"topic_id": {"0": 2}, "topic_keywords": {"0": [["read property undefine", 9.0], ["amal ally interface", 9.0], ["contacts-equifax canada consumer", 9.0], ["accounts-equifax canada commercial", 9.0], ["vendors-equifax canada commercial", 9.0], ["collection mark nsf", 9.0], ["service provider obligor", 9.0], ["discharge / inactive", 9.0], ["content email correct", 9.0], ["bmo harry schema", 9.0], ["return expect result", 9.0], ["remit adjustment threshold", 9.0], ["annual liquidation assumption", 9.0], ["email servicer cif", 9.0], ["result export csv", 9.0], ["nha mbs construction", 9.0], ["accounts-paynet canada commercial", 9.0], ["cof result expect", 9.0], ["gray reverse change", 8.916666666666666], ["penalty pass set", 8.857142857142858], ["boolean record show", 8.796296296296296], ["action request anymore", 8.789473684210526], ["populate correctly ui", 8.75], ["treelistview display control", 8.75], ["m_saleamount ui market", 8.75], ["additional details-date incorporation", 8.714285714285715], ["approval receive email", 8.604651162790699], ["pass limit text-box", 8.6], ["show properly list", 8.579365079365079], ["resubmit request request", 8.578947368421051], ["result export file", 8.529411764705882], ["a-z = a-z", 8.523809523809524], ["search set result", 8.46583850931677], ["grouping expand test", 8.45945945945946], ["validate dropdown menu", 8.444444444444445], ["pool identify poolsale", 8.434782608695652], ["approval request send", 8.394124847001224], ["record deletion test", 8.380755755755755], ["change detection test", 8.376126126126126], ["update payment instruction", 8.35], ["ppr prepayment spread", 8.333333333333334], ["coupon spread override", 8.333333333333334], ["service term product", 8.333333333333334], ["display information instrument", 8.3], ["field editable anymore", 8.297297297297298], ["navigate exisiting record", 8.296296296296298], ["approvers reject request", 8.289473684210526], ["administration company setup", 8.217391304347826], ["export engine configuration", 8.214285714285715], ["tab popup control", 8.208333333333334], ["file export definition", 8.184584178498985], ["approve benchmark rate", 8.151428571428571], ["column equal face", 8.11111111111111], ["ability pull equifax", 8.11111111111111], ["approvers approval level", 8.104651162790699], ["asset browser result", 8.089887640449438], ["merge statement entity", 8.0], ["datum crossreference sort", 8.0], ["add extra obligor", 8.0], ["add extra guarantor", 8.0], ["add extra payer", 8.0], ["add extra payee", 8.0], ["validation exchange rate", 7.991111111111111], ["field generate system", 7.963963963963964], ["instrument instrument history", 7.928571428571429], ["error indicator clear", 7.896551724137931], ["schedule payment tab", 7.875], ["field work properly", 7.868725868725869], ["login user advise", 7.862903225806452], ["deal show grouping", 7.86036036036036], ["change require approval", 7.854651162790698], ["pal type-full_review require", 7.8533333333333335], ["group move position", 7.85], ["= edit share", 7.841991341991342], ["loan pool ltv", 7.834782608695653], ["loan pool arrears", 7.834782608695653], ["engine process manager", 7.8109243697479], ["fiscal years-effective date", 7.730769230769231], ["llms cprs default", 7.7272727272727275], ["additional information tab", 7.722619047619048], ["renew exist deal", 7.71933471933472], ["administration job scheduler", 7.717391304347826], ["import engine configuration", 7.714285714285714], ["settlement amount column", 7.694444444444445], ["save work properly", 7.671428571428573], ["unfinalizing funding engine", 7.637362637362638], ["pal facility document", 7.60994708994709], ["update expiry date", 7.5807692307692305], ["trust / seller", 7.533333333333334], ["pull credit score", 7.5171875], ["activities-pull credit score", 7.5171875], ["verify request pass", 7.447368421052632], ["validation percentage round", 7.444444444444445], ["asset viewer >>", 7.442828816920027], ["remove approval totally", 7.437984496124031], ["populate user select", 7.434331797235023], ["nesto test task", 7.41945945945946], ["delete unmap group", 7.41], ["update deal user1", 7.377027027027028], ["mortgage term amount", 7.375], ["user close screen", 7.362903225806452], ["object ' update", 7.35], ["equifax paynet work", 7.325396825396825], ["credit approval limit", 7.321838662790698], ["set pool type", 7.318952492865537], ["merge document field", 7.315815815815816], ["seller dropdown visibility", 7.311111111111112], ["approve reject approver", 7.271428571428571], ["approval definition enable", 7.259823576583802], ["'' investor remittance", 7.25], ["development effort estimate", 7.233766233766233], ["give unexpected error", 7.2298850574712645], ["cancel / reject", 7.22], ["edit field valid", 7.215479115479116], ["approval add approval", 7.209302325581396], ["static compliance template", 7.2], ["deal search template", 7.1690560125342735], ["document field pdf", 7.1491491491491495], ["deal pal facility", 7.118455598455599], ["cancel approval request", 7.114124847001223], ["verify approvers turn", 7.086466165413533], ["user enter string", 7.0771889400921655], ["automate tests-not migrate", 7.064516129032258], ["coupon spread default", 7.060606060606061], ["exist credit condition", 7.0594951923076925], ["delete field valid", 7.057297297297298], ["delete criterion search", 7.054409937888199], ["verify duplicate entry", 6.991228070175438], ["verify tag read-only", 6.907894736842105], ["update exist user", 6.905210918114145], ["delete criterion test", 6.905173745173745], ["deal credit decision", 6.894214527027027], ["create merge document", 6.893518518518519], ["add extra vendor", 6.854166666666667], ["update fee matrix", 6.85], ["mandatory field enter", 6.835112423347717], ["update exist batch", 6.792307692307693], ["create field valid", 6.772297297297298], ["mark deal default", 6.754299754299755], ["delete unmap contact", 6.752592592592593], ["credit decision status", 6.7421875], ["verify filter filter", 6.734817813765182], ["verify filter '", 6.734817813765182], ["user refresh screen", 6.696236559139785], ["mouse button click", 6.666666666666667], ["verify object '", 6.657894736842105], ["update error message", 6.646551724137931], ["process manual journal", 6.646103896103896], ["import file permission", 6.640522875816993], ["update exist contact", 6.634900284900286], ["credit rating test", 6.6229432557557555], ["administration document create", 6.610909822866345], ["account additional detail", 6.605590062111801], ["/ option deal", 6.527027027027027], ["verify bp user", 6.520797962648556], ["verify share user", 6.520797962648556], ["vendor credit score", 6.371354166666666], ["credit condition add", 6.3671875], ["deal select default", 6.325728325728327], ["delete credit rating", 6.323483796296296], ["error user turn", 6.188026378515811], ["verify credit score", 6.175082236842105], ["select add contact", 6.164021164021164], ["verify user select", 6.092226534077128], ["verify '' open", 6.074561403508772], ["save deal error", 6.023578751164958], ["credit rating verify", 5.821378533138401], ["verify field mandatory", 5.778721445904108], ["rate ui", 5.63], ["work properly", 5.571428571428571], ["system information", 5.466666666666667], ["search set", 5.46583850931677], ["facility set", 5.428571428571429], ["document manager", 5.400871459694989], ["verify vendor create", 5.387061403508772], ["user permission create", 5.349014336917563], ["approval definition", 5.259823576583802], ["entity visibility", 5.166666666666666], ["schedule job", 5.166666666666666], ["show field", 5.13063063063063], ["approval level", 5.104651162790698], ["pal facility", 5.091428571428572], ["' 0 '", 5.076923076923077], ["compliance engine", 5.0476190476190474], ["merge document", 5.018518518518519], ["save change", 5.016666666666667], ["field enter", 5.011583011583012], ["additional field", 5.011583011583012], ["loan limit", 5.0], ["investor remittance", 5.0], ["object '", 5.0], ["settlement engine", 4.964285714285714], ["group exist", 4.9423076923076925], ["change discussion", 4.916666666666666], ["paynet score", 4.9], ["corporate list", 4.888888888888889], ["trust '", 4.871794871794872], ["credit decision", 4.8671875], ["compliance template", 4.866666666666667], ["select criterion", 4.857142857142858], ["= edit", 4.841991341991342], ["duplicate configuration", 4.833333333333334], ["valid date", 4.830769230769231], ["document field", 4.8158158158158155], ["button display", 4.75], ["exist role", 4.6923076923076925], ["delete document", 4.678518518518519], ["pdf pdf", 4.666666666666667], ["great equal 1", 4.666666666666666], ["manual test", 4.641277641277641], ["deal search", 4.63572267920094], ["initial search", 4.608695652173913], ["approval proceed", 4.604651162790698], ["approval dashboard", 4.604651162790698], ["pal type", 4.547027027027028], ["role '", 4.538461538461538], ["'' approve", 4.521428571428571], ["clone document", 4.518518518518519], ["credit score", 4.5171875], ["update delete", 4.51], ["fee matrix", 4.5], ["left screen", 4.5], ["string length", 4.5], ["approver add", 4.5], ["add approver", 4.5], ["new-add approver", 4.5], ["approval status", 4.479651162790698], ["mortgage history", 4.470238095238095], ["match record", 4.462962962962963], ["pool type", 4.4618096357226795], ["creditassignedtouser object", 4.461538461538462], ["automation test", 4.45945945945946], ["tool-tip test", 4.45945945945946], ["tooltips test", 4.45945945945946], ["option deletion", 4.458333333333334], ["delete criterion", 4.445714285714286], ["end dropdown", 4.444444444444445], ["column chooser", 4.444444444444445], ["asset viewer", 4.442828816920027], ["remove approval", 4.437984496124031], ["pool management", 4.434782608695652], ["manual journal", 4.431818181818182], ["disable turn", 4.428571428571429], ["lock turn", 4.428571428571429], ["test task", 4.41945945945946], ["loan cf", 4.4], ["loan cfs", 4.4], ["message box", 4.4], ["mortgage viewer", 4.394607843137255], ["update deal", 4.377027027027028], ["mortgage term", 4.375], ["credit condition", 4.3671875], ["remove document", 4.351851851851852], ["date asset", 4.320656871218669], ["pool status", 4.309782608695652], ["addtional field", 4.297297297297297], ["error message", 4.296551724137931], ["details-funding-deal tag", 4.25], ["post journal", 4.25], ["sort group", 4.25], ["'' lender", 4.25], ["deal administration", 4.244418331374853], ["development estimate", 4.233766233766234], ["date time", 4.230769230769231], ["maturity date", 4.230769230769231], ["unexpected error", 4.2298850574712645], ["general configuration", 4.214285714285714], ["collateral tab", 4.208333333333334], ["borrower tab", 4.208333333333334], ["switch tab", 4.208333333333334], ["exposure tab", 4.208333333333334], ["open deal", 4.193693693693694], ["save estimate", 4.190909090909091], ["edit user", 4.18108504398827], ["funding condition", 4.173076923076923], ["fiscal year", 4.166666666666667], ["step detail", 4.166666666666667], ["16 credit rating", 4.163483796296296], ["credit rating", 4.163483796296296], ["verify approver", 4.157894736842105], ["error ''", 4.146551724137931], ["mortgage asset", 4.1315543071161045], ["approve vendor", 4.125595238095238], ["field mandatory", 4.120826709062003], ["asset type", 4.116914667476466], ["equifax report", 4.111111111111111], ["validation maxmium", 4.111111111111111], ["rmbs history", 4.095238095238095], ["= view", 4.095238095238095], ["import contact", 4.092592592592593], ["nonreplacement asset", 4.089887640449438], ["replacement asset", 4.089887640449438], ["percentage ownership", 4.083333333333334], ["deal type", 4.054054054054054], ["equipment asset", 4.0482209737827715], ["workflow template", 4.033333333333333], ["access test", 4.030888030888031], ["deal grid", 4.027027027027027], ["payout deal", 4.027027027027027], ["deal origination", 4.027027027027027], ["deal short", 4.027027027027027], ["deal management", 4.027027027027027], ["cp deal", 4.027027027027027], ["master deal", 4.027027027027027], ["link deal", 4.027027027027027], ["add deal", 4.027027027027027], ["lock deal", 4.027027027027027], ["word word", 4.0], ["compound period", 4.0], ["multiple selection", 4.0], ["portfolio insurance", 4.0], ["exceed max", 4.0], ["max length 255", 4.0], ["calculate sale", 4.0], ["execute sale", 4.0], ["scroll bar", 4.0], ["detect dirty", 4.0], ["accounting book", 4.0], ["james zhu", 4.0], ["geographic diversity", 4.0], ["toggle button", 4.0], ["cmb cmb", 4.0], ["formula builder", 4.0], ["obligor-search function", 4.0], ["guarantor-search function", 4.0], ["vendor-search function", 4.0], ["payer-search function", 4.0], ["payee-search function", 4.0], ["chanakyudu ravuri", 4.0], ["original extract", 4.0], ["applicationid formula", 4.0], ["attempt add", 4.0], ["qa est", 3.9774011299435026], ["ba task", 3.96], ["ownership tab", 3.9583333333333335], ["verify field", 3.9551920341394027], ["dev estismate", 3.954022988505747], ["dev destimate", 3.954022988505747], ["dev estiamte", 3.954022988505747], ["variable pool", 3.9347826086956523], ["dev est", 3.93142411844925], ["verify approve", 3.9293233082706767], ["finalize funding", 3.9230769230769234], ["general tab", 3.9226190476190474], ["deal create", 3.902027027027027], ["user scroll", 3.8629032258064515], ["user long", 3.8629032258064515], ["user role", 3.8629032258064515], ["user link", 3.8629032258064515], ["disbursement vendor", 3.854166666666667], ["unsaved update", 3.85], ["group contact", 3.8425925925925926], ["minimum $999", 3.833333333333333], ["funding status", 3.7980769230769234], ["portfolio batch", 3.75], ["boundary ''", 3.75], ["securitization ''", 3.75], ["verification default", 3.7272727272727275], ["empty default", 3.7272727272727275], ["step attach", 3.666666666666667], ["year incorporationdate", 3.666666666666667], ["verify long", 3.6578947368421053], ["permission add", 3.611111111111111], ["express view", 3.571428571428571], ["grid view", 3.571428571428571], ["verify user", 3.520797962648557], ["shub rt", 3.5], ["user permission", 3.4740143369175627], ["lp account", 3.391304347826087], ["expire expire", 3.3333333333333335], ["user account", 3.2542075736325384], ["remove fixe", 3.1666666666666665], ["client contact", 3.0925925925925926], ["verify integer", 2.9912280701754383], ["verify submit", 2.9912280701754383], ["account contact", 2.9838969404186795], ["client account", 2.891304347826087], ["rate", 2.88], ["request", 2.789473684210526], ["instrument", 2.75], ["move", 2.6], ["filter", 2.5384615384615383], ["file", 2.5294117647058822], ["document", 2.5185185185185186], ["import", 2.5], ["reject", 2.5], ["pool", 2.4347826086956523], ["owner blank", 2.3666666666666667], ["update", 2.35], ["navigate", 2.3333333333333335], ["static", 2.3333333333333335], ["spread", 2.3333333333333335], ["require", 2.3333333333333335], ["refresh", 2.3333333333333335], ["edit", 2.3181818181818183], ["field", 2.2972972972972974], ["approve", 2.2714285714285714], ["group", 2.25], ["administration", 2.217391304347826], ["process", 2.2142857142857144], ["tab", 2.2083333333333335], ["seller", 2.2], ["open", 2.1666666666666665], ["delete", 2.16], ["equifax", 2.111111111111111], ["validation", 2.111111111111111], ["save", 2.1], ["deal", 2.027027027027027], ["button", 2.0], ["add", 2.0], ["sort", 2.0], ["enable", 2.0], ["est", 1.9774011299435028], ["task 108758", 1.96], ["task 108924", 1.96], ["equipment", 1.9583333333333333], ["dev", 1.9540229885057472], ["funding", 1.9230769230769231], ["error", 1.896551724137931], ["500 error", 1.896551724137931], ["create", 1.875], ["status", 1.875], ["user", 1.8629032258064515], ["vendor", 1.8541666666666667], ["remove", 1.8333333333333333], ["minimum 999", 1.8333333333333333], ["mandatory", 1.8235294117647058], ["batch", 1.75], ["ownership", 1.75], ["default", 1.7272727272727273], ["cancel", 1.72], ["general", 1.7142857142857142], ["expire", 1.6666666666666667], ["step 01", 1.6666666666666667], ["click", 1.6666666666666667], ["rmbs", 1.6666666666666667], ["year", 1.6666666666666667], ["step", 1.6666666666666667], ["verify", 1.6578947368421053], ["permission", 1.6111111111111112], ["contact", 1.5925925925925926], ["access", 1.5714285714285714], ["view", 1.5714285714285714], ["client", 1.5], ["workflow", 1.5], ["option", 1.5], ["match", 1.5], ["unsaved", 1.5], ["variable", 1.5], ["shub", 1.5], ["boundary", 1.5], ["securitization", 1.5], ["account", 1.391304347826087], ["integer", 1.3333333333333333], ["submit", 1.3333333333333333], ["fixe", 1.3333333333333333], ["blank", 1.2], ["owner", 1.1666666666666667], ["automate", 1.064516129032258], ["modify", 1.0], ["low", 1.0], ["med", 1.0], ["unfinalize", 1.0], ["high", 1.0], ["mths", 1.0], ["clients-account", 1.0], ["address", 1.0], ["overwrite", 1.0], ["accounts-account", 1.0], ["vendors-vendor", 1.0], ["month", 1.0], ["asterisk", 1.0], ["trigger", 1.0], ["medium", 1.0], ["operator", 1.0], ["selector", 1.0], ["non-integer", 1.0], ["255 character", 1.0], ["typeerror", 1.0], ["invalid", 1.0], ["bp-permission", 1.0], ["bp-application", 1.0], ["pbi 112065", 1.0], ["application", 1.0], ["gridcontrol", 1.0], ["pbi 113936", 1.0], ["pbi 114388", 1.0], ["datafix**", 1.0], ["confirmation", 1.0], ["disallow", 1.0], ["fulltc", 1.0], ["2 decimal", 1.0], ["make", 1.0], ["appropriately", 1.0], ["scale", 1.0], ["row", 1.0], ["adjustable", 1.0], ["blend", 1.0], ["maximum 999", 1.0], ["nullable", 1.0], ["drop", 1.0], ["voe", 1.0], ["voi", 1.0], ["ui-low", 1.0], ["predefine", 1.0], ["secure", 1.0], ["cusip", 1.0], ["country", 1.0], ["clv", 1.0], ["version", 1.0], ["screenshot", 1.0], ["undo", 1.0], ["d_maturitydate", 1.0], ["security", 1.0], ["framework", 1.0], ["deals-deal", 1.0], ["deals-collateral", 1.0], ["deals-booking", 1.0], ["deals-funding", 1.0], ["amp", 1.0], ["boe", 1.0], ["esma", 1.0], ["systemdate", 1.0], ["bug 111208", 1.0], ["pbi 112806", 1.0], ["bug 114398", 1.0], ["bug 114072", 1.0], ["bug 139876", 1.0], ["pbi 36779", 1.0], ["pbi 48758", 1.0], ["bug 116307", 1.0], ["bug 121302", 1.0], ["bug 121411", 1.0], ["pbi 134656", 1.0], ["bug 134154", 1.0], ["note", 1.0], ["bug 111059", 1.0], ["bug 111065", 1.0], ["bug 111067", 1.0], ["bug 112606", 1.0], ["bug 113580", 1.0], ["bug 134894", 1.0], ["pbi 40004", 1.0], ["leasespark", 1.0], ["creditratingsapidata", 1.0], ["core", 1.0], ["wave", 1.0], ["11111", 0], ["01111", 0], ["00111", 0], ["255", 0], ["999", 0], ["225", 0], ["100", 0], ["0 999", 0]]}}}