{"task": "extract_topic_keywords", "client_id": "azure-taosolutions", "status": "Success", "result": {"topic_id": {"0": 29}, "topic_keywords": {"0": [["dev estimate evan", 7.011793085720903], ["dev estimate jeanette", 7.011793085720903], ["dev estimate task", 7.011793085720903], ["dev estimate require", 7.011793085720903], ["dev task estimate", 7.011793085720903], ["dev review estimate", 7.011793085720903], ["dev estimate", 4.011793085720903], ["dev estimate 1", 4.011793085720903], ["dev estimate 2", 4.011793085720903], ["dev estimati", 4.010118043844857], ["dev estimate3", 4.010118043844857], ["dev estimation", 4.010118043844857], ["save estimate", 4.001675041876046], ["estimate", 2.0016750418760467], ["pr042", 1.0]]}}}