{"task": "extract_topic_keywords", "client_id": "azure-taosolutions", "status": "Success", "result": {"topic_id": {"0": 9}, "topic_keywords": {"0": [["fixe issue bulkobservablecollection", 9.0], ["fixe issue bulkobservablecollectio", 9.0], ["drop-down clear selection", 9.0], ["menu option visible", 8.8], ["result '' null", 8.777777777777779], ["finance amount exceed", 8.75], ["amount ui db", 8.75], ["date select calendar", 8.6], ["borrower industry category", 8.5], ["tranche funding engine", 8.333333333333334], ["populate field null", 8.333333333333334], ["' retrieve correct", 8.333333333333334], ["account contact access", 8.2], ["calculate asset percentage", 8.1875], ["collateral equipment information", 8.123711340206185], ["extend property collateral", 8.123711340206185], ["edit collateral information", 8.123711340206185], ["collateral region mapping", 8.123711340206185], ["collateral details-cca class", 8.123711340206185], ["collateral fit criterion", 8.123711340206185], ["dev estimate collateral", 8.123711340206185], ["' deal tab", 8.055555555555555], ["deal list display", 8.055555555555555], ["set general configuration", 8.0], ["finance fee row", 8.0], ["refer detail step", 7.928571428571429], ["requirement test step", 7.928571428571429], ["collateral details-industry code", 7.923711340206185], ["collateral industry code", 7.923711340206185], ["collateral details-finance amount", 7.873711340206185], ["filter single select", 7.800000000000001], ["filter multiple select", 7.800000000000001], ["user role ''", 7.777777777777778], ["verify formula '", 7.689655172413794], ["delete deal card", 7.611111111111111], ["collateral types-collateral type", 7.582044673539519], ["loan collateral type", 7.582044673539519], ["collateral type category", 7.582044673539519], ["collateral extend field", 7.457044673539519], ["delete completely system", 7.455555555555556], ["search field failure", 7.392156862745098], ["return mortgage asset", 7.330357142857142], ["' collateral appraisal", 7.323711340206185], ["verify option ''", 7.26743295019157], ["create approve invoice", 7.2], ["generate deal collateral", 7.1792668957617405], ["delete collateral type", 7.137600229095074], ["collateral status type", 7.082044673539519], ["verify field mandatory", 7.022988505747127], ["deal type clone", 7.013888888888889], ["payout option ''", 6.9111111111111105], ["tax detail save", 6.833333333333334], ["delete funder create", 6.7555555555555555], ["collateral filter filter", 6.523711340206186], ["collateral type add", 6.394544673539519], ["collateral management verify", 5.980033179286645], ["update exist deal", 5.722222222222222], ["deals-collateral detail verify", 5.343501326259947], ["low / med", 5.311111111111111], ["med / low", 5.311111111111111], ["approve invoice", 5.0], ["step detail", 4.928571428571429], ["amount collateral", 4.873711340206185], ["view option", 4.8], ["delete contact", 4.7555555555555555], ["code system", 4.699999999999999], ["/ collateralsasatdate", 4.666666666666666], ["asset type", 4.645833333333334], ["collateral borrower", 4.623711340206185], ["collateral status", 4.623711340206185], ["clone collateral", 4.623711340206185], ["select dropdown", 4.6], ["collateral type", 4.582044673539519], ["manual test", 4.5], ["start type", 4.458333333333334], ["pool type", 4.458333333333334], ["transaction type", 4.458333333333334], ["contract type", 4.458333333333334], ["collateral retrieve", 4.457044673539519], ["collateral tax", 4.457044673539519], ["search field", 4.392156862745098], ["field carry", 4.333333333333334], ["address field", 4.333333333333334], ["mortgage asset", 4.330357142857142], ["collateral appraisal", 4.323711340206186], ["collateral management", 4.290378006872852], ["'' remove", 4.277777777777778], ["validate appraisal", 4.2], ["asset browser-verify", 4.1875], ["deal collateral", 4.1792668957617405], ["cross collateral", 4.123711340206185], ["collateral lienholder", 4.123711340206185], ["refresh collateral", 4.123711340206185], ["collateral grid", 4.123711340206185], ["deal search", 4.11437908496732], ["search set", 4.0588235294117645], ["deal save", 4.055555555555555], ["deal origination", 4.055555555555555], ["deal origaination", 4.055555555555555], ["deal box", 4.055555555555555], ["share user", 4.0], ["origination portal", 4.0], ["funder user", 4.0], ["ls-bp lp", 4.0], ["bastien escaich", 4.0], ["warn msg", 4.0], ["record insert", 4.0], ["jon pocock", 4.0], ["insurance policies-collateral", 4.0], ["compliance template", 4.0], ["validate market", 4.0], ["james zhu", 4.0], ["collection period", 4.0], ["yield curve", 4.0], ["rmbs program", 4.0], ["static datum", 4.0], ["reopen =", 4.0], ["pool fee", 4.0], ["sample attach", 4.0], ["script attach", 4.0], ["collateralstatus_history table", 4.0], ["anand balashanmugam", 4.0], ["case sensitive", 4.0], ["group market", 4.0], ["datum fix", 4.0], ["add collateral", 3.9362113402061856], ["collateral add", 3.9362113402061856], ["add deal", 3.8680555555555554], ["retrieve incorrect", 3.8333333333333335], ["error message", 3.833333333333333], ["error perform", 3.833333333333333], ["add index", 3.8125], ["sp add", 3.8125], ["ppsa search", 3.7254901960784315], ["verify user", 3.689655172413793], ["deals-collateral- verify", 3.689655172413793], ["recovery transaction", 3.4], ["system report", 3.4], ["individual entity", 3.333333333333333], ["entity visibility", 3.333333333333333], ["default inventory", 3.166666666666667], ["deals-collateral verify", 2.843501326259947], ["remove application", 2.833333333333333], ["funding", 2.3333333333333335], ["filter", 2.2], ["create", 2.2], ["collateral", 2.1237113402061856], ["deal", 2.0555555555555554], ["funder", 2.0], ["save", 2.0], ["set", 2.0], ["exist", 2.0], ["user", 2.0], ["fee", 2.0], ["system", 1.9], ["error", 1.8333333333333333], ["add", 1.8125], ["verify", 1.6896551724137931], ["ppsa", 1.6666666666666667], ["update", 1.6666666666666667], ["remove", 1.5], ["incorrect", 1.5], ["report", 1.5], ["med", 1.4444444444444444], ["recovery", 1.4], ["application", 1.3333333333333333], ["entity", 1.3333333333333333], ["payout", 1.3333333333333333], ["low", 1.2], ["default", 1.1666666666666667], ["deals-collateral", 1.1538461538461537], ["general-name", 1.0], ["asterisk", 1.0], ["general-description", 1.0], ["automate", 1.0], ["relationship", 1.0], ["integer", 1.0], ["delimiter", 1.0], ["year", 1.0], ["high", 1.0], ["bug 19481", 1.0], ["bug 17409", 1.0], ["bug 22184", 1.0], ["bug 83370", 1.0], ["bug 27720", 1.0], ["side", 1.0], ["replace", 1.0], ["collateralinputtaxcredittaxdetails", 1.0], ["accounts-account", 1.0], ["maximum", 1.0], ["$999", 1.0], ["minimum", 1.0], ["core", 1.0], ["substitution", 1.0], ["portfolio", 1.0], ["obligor", 1.0], ["free", 1.0], ["rbc", 1.0], ["cmbs", 1.0], ["cmb", 1.0], ["flag", 1.0], ["stare", 1.0], ["automation", 1.0], ["star", 1.0], ["linc3tmr-5239", 1.0], ["fileimport_collateral", 1.0], ["bvd", 1.0], ["wnzl", 1.0], ["failing", 1.0], ["bycollateralageatorigination", 1.0], ["rank", 1.0], ["bycollateralloanallocation", 1.0], ["balloon", 1.0], ["demonstration", 1.0], ["function", 1.0], ["bug 111491", 1.0], ["bug 113204", 1.0], ["bug 115116", 1.0], ["bug 115155", 1.0], ["bug 115469", 1.0], ["bug 141639", 1.0], ["bug 112707", 1.0], ["recover", 1.0], ["hide", 1.0], ["dpb", 1.0], ["999", 0], ["800", 0], ["900", 0]]}}}