{"task": "extract_topic_keywords", "client_id": "azure-taosolutions", "status": "Success", "result": {"topic_id": {"0": 61}, "topic_keywords": {"0": [["criterion select criterion", 9.0], ["export result excel", 9.0], ["export result csv", 9.0], ["devexpress infiniteasyncsource prototype", 9.0], ["engine process manager", 8.718181818181819], ["run process engine", 8.718181818181819], ["nha mbs administration", 8.666666666666666], ["remove eir clr", 8.555555555555555], ["standard settlement instruction", 8.333333333333332], ["assign settlement instruction", 8.333333333333332], ["active instrument general", 8.166666666666666], ["mature instrument general", 8.166666666666666], ["settlement instruction test", 8.0], ["instrument history tab", 7.666666666666666], ["remove select asset", 7.646464646464646], ["remove free asset", 7.646464646464646], ["engine process", 5.718181818181819], ["settlement instruction", 5.333333333333333], ["' process", 4.818181818181818], ["deal administration", 4.666666666666666], ["instrument history", 4.666666666666666], ["remove asset", 4.646464646464646], ["asset type", 4.090909090909091], ["mortgage asset", 4.090909090909091], ["equipment asset", 4.090909090909091], ["verify mortgageassetsasatdate", 4.0], ["max_groupcurrentltv formula", 4.0], ["avg_groupcurrentltv formula", 4.0], ["max_originalltv formula", 4.0], ["max_currentltv formula", 4.0], ["current period", 4.0], ["part period", 4.0], ["past period", 4.0], ["avg_currentltv formula", 4.0], ["dev test", 3.7878787878787876], ["report header", 3.2], ["dev time", 3.121212121212121], ["dev etimate", 3.121212121212121], ["instrument", 2.1666666666666665], ["header", 1.2], ["dev", 1.121212121212121], ["create", 1.0], ["today", 1.0], ["drop", 1.0], ["currentterm", 1.0], ["collectionenddate", 1.0], ["0000000000", 0], ["999", 0], ["9999999999", 0]]}}}