{"task": "extract_topic_keywords", "client_id": "azure-taosolutions", "status": "Success", "result": {"topic_id": {"0": 56}, "topic_keywords": {"0": [["promotional period remain", 9.0], ["scroll show text", 9.0], ["purge-new / edit", 9.0], ["verification automatically populate", 8.666666666666666], ["minimum payment percentage", 8.666666666666666], ["payment reset frequency", 8.666666666666666], ["numeber day arrears", 8.5], ["red icon tooltip", 8.5], ["integer numerical field", 7.851063829787234], ["pair tooltips verification", 7.684684684684685], ["currency base currency", 7.666666666666668], ["term remain term", 7.5], ["string length index", 7.5], ["choose type ''", 7.333333333333332], ["require field ''", 6.976063829787234], ["require field '", 6.6427304964539005], ["payment day", 5.166666666666666], ["' require", 4.791666666666667], ["choose type", 4.666666666666666], ["'' fill", 4.666666666666666], ["string length", 4.5], ["mandatory tooltip", 4.5], ["require field", 4.309397163120567], ["term low", 4.25], ["settlement type", 4.166666666666666], ["product type", 4.166666666666666], ["invalid ''", 4.166666666666666], ["tooltips test", 4.018018018018018], ["mandatory tooltips", 4.018018018018018], ["low upper", 4.0], ["cmhc number", 4.0], ["issue date", 4.0], ["settlement date", 4.0], ["description accept", 4.0], ["box size", 4.0], ["display empty", 4.0], ["deal field", 3.851063829787234], ["amortization field", 3.851063829787234], ["precision validation", 3.6], ["' pool", 3.5833333333333335], ["validation maximum", 3.5], ["general tab", 3.0555555555555554], ["verification", 2.6666666666666665], ["currency", 2.3333333333333335], ["term", 2.25], ["field", 1.851063829787234], ["precision 19", 1.6], ["precision 7", 1.6], ["precision 9", 1.6], ["maximum", 1.5], ["invalid", 1.5], ["pool", 1.25], ["general", 1.0555555555555556], ["grid", 1.0], ["scale 4", 1.0], ["scale 3", 1.0], ["open", 1.0], ["default 0", 1.0], ["select", 1.0], ["255 character", 1.0], ["scale 6", 1.0]]}}}