{"task": "extract_bundle_keywords", "client_id": "azure-taosolutions", "status": "Success", "result": {"bundle_topic_ids": {"0": [3, 4, 9, 17, 25, 35]}, "bundle_keywords": {"0": [["expose risk rating", 9.0], ["loss fundingdefinition inheritance", 9.0], ["m_groupcurrentltv datatype numeric", 9.0], ["m_groupindexedcurrentltv datatype numeric", 9.0], ["auto renewal enhancement", 9.0], ["transactions-commission defer payable", 9.0], ["approve reject approver", 8.833333333333334], ["provide benchmark rate", 8.757575757575758], ["reflect lp properly", 8.75], ["risk rating dashboard", 8.75], ["turfcare uat 22r1", 8.740315638450502], ["turfcare prod 2021r1", 8.730807577268195], ["turfcare uat r7", 8.709065638450502], ["read property undefine", 8.7], ["turfcare prod r7", 8.699557577268195], ["bvd uat r11", 8.687148217636022], ["primary industry code", 8.666666666666666], ["additional configuration-other downpayment", 8.666666666666666], ["deposit percentage ab", 8.666666666666666], ["fixe discount rate", 8.657575757575758], ["bvd uat r7", 8.655898217636022], ["'' tds bc", 8.617857142857144], ["'' tds mb", 8.617857142857144], ["'' tds sk", 8.617857142857144], ["'' tds nb", 8.617857142857144], ["'' tds nf", 8.617857142857144], ["'' tds pei", 8.617857142857144], ["'' tds ns", 8.617857142857144], ["'' gds bc", 8.617857142857144], ["'' gds mb", 8.617857142857144], ["'' gds sk", 8.617857142857144], ["'' gds nb", 8.617857142857144], ["'' gds nf", 8.617857142857144], ["'' gds pei", 8.617857142857144], ["'' gds ns", 8.617857142857144], ["multiple issue found", 8.615384615384615], ["fixe issue bulkobservablecollection", 8.592307692307692], ["fixe issue bulkobservablecollectio", 8.592307692307692], ["tc uat 22r2", 8.57953132472501], ["tc prod 22r2", 8.570023263542705], ["turfcare uat 22r2", 8.544237207077952], ["originator portal onboarding", 8.52864044168392], ["pivotal uat r11", 8.52322880371661], ["read property null", 8.51818181818182], ["pivotal prod 2020r2plus", 8.513720742534302], ["'' benchmark rate", 8.500432900432902], ["credits-obligor unapplied receipt", 8.5], ["credits-guarantor unapplied receipt", 8.5], ["borrower industry category", 8.5], ["pivotal uat r7", 8.49197880371661], ["bvd uat 22r2", 8.491069786263473], ["pivotal prod r7", 8.482470742534302], ["bvd prod 22r2", 8.481561725081168], ["proxy address populate", 8.464285714285715], ["hillary payment direction", 8.437908496732026], ["final payment front", 8.437908496732026], ["ifrs lease payment", 8.437908496732026], ["auto reconciliation matrix", 8.4125], ["group original ltv", 8.410714285714285], ["interest rate swap", 8.357575757575757], ["apply 2021r7 2022r1", 8.333333333333334], ["aggregate field panel", 8.333333333333334], ["formula- > filter", 8.327635327635328], ["pivotal uat 22r2", 8.32715037234406], ["adjust payment scenario", 8.326797385620916], ["pivotal prod 22r2", 8.317642311161752], ["originator portal role", 8.306418219461698], ["ii vault fix", 8.285714285714285], ["payment > $0", 8.284062342885873], ["validation primary key", 8.28125], ["auto calculate field-field", 8.272727272727273], ["calculate earnings schedule-field", 8.272727272727273], ["lock / unlock", 8.267441860465116], ["securitization pes post", 8.25], ["pivotal memory issue", 8.23992673992674], ["pivotal amortization issue", 8.23992673992674], ["add exago object", 8.239583333333334], ["additional configuration-payment adjustment", 8.238095238095237], ["additional configuration-balance adjustment", 8.238095238095237], ["commission enhancement fixe", 8.233333333333334], ["rmbs settlement engine", 8.232854864433811], ["pass server validation", 8.204326923076923], ["cp trade dealer", 8.2], ["portal communication bp", 8.19047619047619], ["' true '", 8.177777777777777], ["' false '", 8.177777777777777], ["money field insert", 8.166666666666668], ["classify asset ineligible", 8.1651376146789], ["run allocation series", 8.142857142857142], ["datatypes exclusioncodetype entry", 8.117647058823529], ["extend property collateral", 8.107843137254902], ["collateral region mapping", 8.107843137254902], ["collateral fit criterion", 8.107843137254902], ["additional configuration-extra payment", 8.104575163398692], ["additional configuration-interest payment", 8.104575163398692], ["additional configuration-advance payment", 8.104575163398692], ["additional configuration-other payment", 8.104575163398692], ["payment processor queue", 8.104575163398692], ["exchangeratedetails table update", 8.101626016260163], ["project closing balance", 8.1], ["bp lp communication", 8.083333333333332], ["index rate row", 8.067099567099566], ["additional configuration- exception", 8.066666666666666], ["additional information tab", 8.023809523809524], ["general uat r7", 8.01332527333894], ["seller sale balance", 8.0], ["recalculate payment scenario", 7.993464052287582], ["/ regular transaction", 7.98172757475083], ["unapplied payment enhancement", 7.937908496732026], ["/ detail /", 7.931942544459645], ["payment date fall", 7.930216189039719], ["daily corra rate", 7.924242424242424], ["exit funding engine", 7.917004048582996], ["tranche funding engine", 7.917004048582996], ["funding engine uat", 7.892613804680557], ["'' frequency type", 7.8912442396313365], ["deal list display", 7.879710144927536], ["tc cancell deal", 7.879710144927536], ["schedule group ltv", 7.875], ["auto generate invoice", 7.8730158730158735], ["filter single select", 7.872785829307568], ["populate field null", 7.865800865800866], ["engine process manager", 7.862058993637941], ["leasespark security issue", 7.858974358974359], ["asset viewer >>", 7.857445306986591], ["contact details-industry code", 7.833333333333332], ["administration job scheduler", 7.827564102564103], ["execution date recent", 7.825641025641026], ["user allocate receipt", 7.814814814814815], ["remove db completely", 7.803030303030303], ["filter multiple select", 7.795862752384491], ["settlement type drop", 7.78475073313783], ["set overwrite issue", 7.783216783216783], ["collateral details-industry code", 7.774509803921568], ["collateral industry code", 7.774509803921568], ["dev estimate collateral", 7.774509803921568], ["securitization lvr calculation", 7.772727272727273], ["standard settlement instruction", 7.7696969696969695], ["process impp2020 accrual", 7.7655677655677655], ["exchange rate detail", 7.754634581105169], ["business information-applicant type", 7.748387096774193], ["book interest rate", 7.732575757575757], ["verify combination letter", 7.7006369426751595], ["pricing information-compound interest", 7.693023255813953], ["clear exchange rate", 7.690909090909091], ["tab popup control", 7.690476190476192], ["payment scenario-total profit", 7.687908496732026], ["' monthly '", 7.677777777777777], ["index rate issuance", 7.674242424242424], ["iis lock leasespark", 7.666666666666666], ["post effective date", 7.6513986013986015], ["menu option visible", 7.64], ["pricing information-compound period", 7.638477801268499], ["administration company setup", 7.632388663967612], ["transaction balance reconciliation", 7.626785714285715], ["regular payment amount", 7.619726678550208], ["refund-unapplied payment refund", 7.619726678550208], ["run mqcc job", 7.601190476190476], ["business day convention", 7.6], ["mail setup complete", 7.5964912280701755], ["result '' null", 7.588065988065988], ["properly function calendar", 7.583333333333334], ["hillary deal model", 7.579710144927536], ["run report loanborrowers", 7.575060532687651], ["tooltip message '", 7.56984126984127], ["recalculate payment schedule", 7.568860877684407], ["sit-shub-316 funding group", 7.564560439560439], ["114283- funding group", 7.564560439560439], ["process job scheduler", 7.5572344322344325], ["refer term period", 7.545454545454545], ["row payment schedule", 7.545051353874883], ["external datum management", 7.534313725490195], ["run allocation template", 7.534161490683229], ["mandatory opt =", 7.5242914979757085], ["payment date '", 7.519105077928607], ["' description '", 7.511111111111111], ["' quarterly '", 7.511111111111111], ["' semi-annual '", 7.511111111111111], ["interest rate type", 7.505962854349951], ["refer detail step", 7.504201680672269], ["current remittance period", 7.503787878787879], ["payment schedule balance", 7.502194211017741], ["verify list display", 7.500636942675159], ["booking details-first payment", 7.500408496732026], ["year phone number", 7.5], ["delete multiple field", 7.493252361673415], ["update exist role", 7.484959349593495], ["lock pricing scenario", 7.481912144702843], ["product list select", 7.474637681159421], ["amount ui db", 7.473484848484848], ["collateral mileage field", 7.4411764705882355], ["collateral extend field", 7.4411764705882355], ["calculate asset percentage", 7.437864887406172], ["move portfolio assignment", 7.433333333333334], ["pricing information-auto-calculate field", 7.426356589147288], ["multiple unfinalize session", 7.423076923076923], ["nsf outstand transaction", 7.414285714285715], ["geolin datafixed deal", 7.41304347826087], ["deal payment scenario", 7.406507530548451], ["undo finalize funding", 7.403846153846153], ["refund transaction complete", 7.396103896103896], ["journal date configuration", 7.38974358974359], ["month ' residual", 7.388888888888889], ["funding definition clean", 7.384615384615385], ["dynamic double tax", 7.383333333333334], ["filter effective date", 7.382880082880083], ["2022r2 funding transaction", 7.368131868131868], ["file insert table", 7.350877192982457], ["remove regular transaction", 7.350649350649351], ["finance amount exceed", 7.348484848484848], ["add additional payment", 7.344158496732026], ["verify lease row", 7.343494085532303], ["scenario deal administration", 7.337829803047194], ["residual purchase date-default", 7.333333333333334], ["2021r7 geolin feature", 7.333333333333334], ["purchaser sale balance", 7.333333333333334], ["show payment arrears", 7.330381615011596], ["verify setting ui", 7.3256369426751595], ["delete deal card", 7.3165522501906946], ["process manual journal", 7.3156403345082595], ["edit collateral information", 7.307843137254903], ["' mortgage '", 7.302777777777777], ["remove ineligible asset", 7.301501251042536], ["return document engine", 7.296491228070176], ["program exist deal", 7.296376811594203], ["collateral details-finance amount", 7.289661319073083], ["issue pricing residual", 7.285330948121646], ["' retrieve correct", 7.283333333333333], ["verify '' approve", 7.276827418865636], ["delete completely system", 7.273879142300195], ["accrue interest calculation", 7.272727272727273], ["city field validate", 7.270833333333334], ["matrix link purchaser", 7.2666666666666675], ["display description fee", 7.258333333333333], ["collateral types-collateral type", 7.256230234029095], ["collateral type category", 7.256230234029095], ["collateral details-cca class", 7.250700280112044], ["approval funding engine", 7.25033738191633], ["date range overlap", 7.242307692307692], ["overlap date range", 7.242307692307692], ["bulk synchronize add", 7.239583333333334], ["manual transaction ui", 7.235512129380054], ["tax exempt amount", 7.2318181818181815], ["matt product type", 7.2317204301075275], ["price definitions-price definition", 7.230769230769231], ["user role ''", 7.224338624338624], ["search field failure", 7.222222222222222], ["transaction apply deposit", 7.2142857142857135], ["combination set datum", 7.208556149732621], ["verify toggle switchable", 7.2006369426751595], ["verify unapplied receipt", 7.2006369426751595], ["' precede '", 7.177777777777777], ["calculation payment schedule", 7.174921483745014], ["finalize funding engine", 7.167004048582996], ["requirement test step", 7.165966386554622], ["portfolio definition title", 7.164102564102564], ["edit exist group", 7.160714285714286], ["collateral equipment information", 7.160474716202271], ["miss historical date", 7.158974358974359], ["risk free rate", 7.157575757575758], ["add funding engine", 7.15658738191633], ["sgbm-loan transaction report", 7.146489104116223], ["system setup >", 7.1463487779277255], ["error message prompt", 7.140952380952381], ["date select calendar", 7.133612040133779], ["payment schedule amendment", 7.124416433239963], ["journal funding type", 7.122746071133168], ["monthly payment amount", 7.119726678550208], ["refund unapplied payment", 7.119726678550208], ["pricing tab throw", 7.116832779623477], ["correct field field", 7.1111111111111125], ["additional advance payment", 7.104575163398692], ["/ marketdata /", 7.098520084566596], ["onboard originator user", 7.097423510466989], ["validate end date", 7.096474358974358], ["asset viewer show", 7.083251758599494], ["post / marketdata", 7.081078224101479], ["nbv sync deal", 7.079710144927536], ["collateral filter filter", 7.070806100217865], ["datum fix script", 7.0700280112044815], ["fee select exist", 7.066304347826087], ["catch validate fee", 7.0625], ["define application template", 7.057971014492754], ["datafix reverse payout", 7.040983606557377], ["/ exchangerates /", 7.034883720930232], ["verify field input", 7.033970276008493], ["verify field read-only", 7.033970276008493], ["verify field expand", 7.033970276008493], ["verify principal amortize", 7.033970276008493], ["drop option select", 7.031304347826087], ["verify payment scenario", 7.027434328296074], ["' deal tab", 7.025741890959283], ["template delete template", 7.019450800915332], ["loan pool fund", 7.017011494252873], ["pricing payment schedule", 6.995217466831694], ["datafix update transaction", 6.982578397212543], ["payout payment scenario-tax", 6.978892103289404], ["day month selection", 6.966666666666667], ["delete select field", 6.961479786422579], ["create approve invoice", 6.951559934318555], ["handling delete transaction", 6.951127819548872], ["update exist fee", 6.943292682926829], ["verify conduit add", 6.940220276008493], ["update exist entry", 6.935939741750358], ["finance fee row", 6.934523809523808], ["delete tax row", 6.929699248120301], ["bug / enhancement", 6.928732183045762], ["enhancement / bug", 6.928732183045761], ["origination / pricing", 6.927131782945737], ["add extract file", 6.923793859649123], ["cmb administration impp2020", 6.915897435897435], ["instrument current period", 6.9111952861952854], ["add formula builder", 6.903762437810945], ["update exist deal", 6.8980028278543655], ["' collateral appraisal", 6.896732026143791], ["dev estimate core", 6.888888888888888], ["error '' pool", 6.879868637110016], ["geolin undo payout", 6.874316939890711], ["update exist tax", 6.868292682926829], ["drop-down clear selection", 6.866666666666667], ["verify enter customize", 6.858531679517265], ["incorrectly calculate deal", 6.8524374176548095], ["deal administration detail", 6.845999737687716], ["add relationship-entity type", 6.842515884652982], ["refund transaction generate", 6.840548340548341], ["change effective date", 6.834731934731935], ["payment amount transaction", 6.834012392835922], ["update funding group", 6.832853122487268], ["add trust '", 6.8284722222222225], ["show arrears report", 6.824676508110079], ["delete funding group", 6.801402544823597], ["funding group delete", 6.801402544823597], ["commission amount pay", 6.800865800865801], ["principal amount pay", 6.800865800865801], ["mark hide default", 6.790476190476191], ["'' ' default", 6.78888888888889], ["generate fee transaction", 6.783730158730159], ["verify payment row", 6.781402582264329], ["book funding finalize", 6.778846153846153], ["deal load correctly", 6.746376811594203], ["pool parameter report", 6.742548217416715], ["obtain perform payout", 6.740983606557377], ["cmb offer sell", 6.737142857142857], ["lock deal type", 6.72809724170173], ["role user add", 6.721064814814815], ["portfolio datum script", 6.717647058823529], ["remove contact group", 6.713744588744588], ["incorrect date transaction", 6.706593406593407], ["verify url provide", 6.7006369426751595], ["verify accrue interest", 6.700636942675159], ["geolin fix deal", 6.698757763975155], ["pivotal deal origination", 6.693995859213251], ["exist insurer short", 6.684615384615384], ["2022r2 geolin accounting", 6.666666666666667], ["grid fee tab", 6.663961038961039], ["transaction deal administration", 6.66322662844402], ["deal tab show", 6.662659453683296], ["current balance visibility", 6.6625], ["update exist user", 6.633107497741644], ["generate deal collateral", 6.631997726626883], ["return mortgage asset", 6.623470948012233], ["delete funding definition", 6.6214574898785425], ["funding disbursement transaction", 6.618131868131868], ["lender quote template", 6.617494824016563], ["price field validation", 6.614583333333334], ["enter pricing tab", 6.608060849798916], ["add funding transaction", 6.607715201465202], ["pricing tab quote", 6.593023255813954], ["bvd partial payout", 6.585855401429173], ["trust funding group", 6.564560439560439], ["deal type clone", 6.535789549394037], ["booking booking detail", 6.522058823529411], ["select finalize cmb", 6.521304347826087], ["funding process update", 6.521039935674082], ["corra index file", 6.517543859649122], ["collateral status type", 6.506230234029095], ["click refresh element", 6.5], ["collateral type add", 6.495813567362429], ["unexpected error throw", 6.493333333333333], ["delete collateral type", 6.493072339292254], ["verify field mandatory", 6.481338697061124], ["commission error message", 6.474285714285715], ["verify ' amount", 6.47134401338223], ["delete product type", 6.468562535370685], ["deal type add", 6.467680575035063], ["geolin r7 bug", 6.463373655913979], ["reuse delete field", 6.459064327485381], ["verify formula '", 6.45370493604166], ["require field check", 6.45], ["add task note", 6.406250000000001], ["require funding condition", 6.403846153846153], ["deal booking finalize", 6.392210144927536], ["field clear create", 6.35632183908046], ["clone legal insurer", 6.335164835164836], ["remove report delete", 6.305409131457303], ["loan collateral type", 6.296230234029096], ["test estimate core", 6.281045751633987], ["/ adddetails endpoint", 6.270709834321325], ["set general configuration", 6.236797685073547], ["collateral management verify", 6.225146746596728], ["residual amount payout", 6.222801788375559], ["uninsured insurance type", 6.216568914956012], ["verify journal create", 6.210804935601773], ["tax detail save", 6.208963585434174], ["datafix update visibility", 6.205792682926829], ["verify boolean flag", 6.2006369426751595], ["bug datum fixe", 6.178937381404175], ["delete entity group", 6.175858277769897], ["verify pricing tab", 6.15080305563197], ["verify advance payment", 6.138545439407186], ["save administration term", 6.131135531135531], ["create system administration", 6.0959229786816], ["verify option ''", 6.083494085532302], ["search result view", 6.0825825825825826], ["tax applicable enable", 6.05], ["max character length", 6.037037037037037], ["deal document verify", 5.980347087602696], ["exist share entity", 5.973038728897715], ["prod prod", 5.932203389830509], ["delete funder create", 5.926497277676951], ["payout option ''", 5.92384074941452], ["party lienholders verify", 5.888671130709348], ["verify email address", 5.8792083712465875], ["payment change large", 5.825787284610815], ["miss error message", 5.807619047619047], ["full payout report", 5.806520329721219], ["verify user update", 5.783744440416804], ["day month default", 5.757142857142857], ["verify field verify", 5.734607218683652], ["turfcare r7", 5.733455882352941], ["/ exchangerates endpoint", 5.7118863049095605], ["save duplicate entry", 5.692051820728292], ["bvd uat 11", 5.687148217636023], ["onboarding originator", 5.671497584541063], ["verify duplicate entry", 5.630784001498689], ["'' tds", 5.617857142857143], ["'' gds", 5.617857142857143], ["tc 22r2", 5.603921568627451], ["accounting configuration grid", 5.592074592074592], ["post journal", 5.570512820512821], ["'' display", 5.542857142857143], ["portal communication", 5.523809523809524], ["bvd 22r2", 5.5154600301659125], ["rmbs program", 5.5], ["'' 0 ''", 5.485714285714286], ["null db", 5.484848484848484], ["rate code", 5.424242424242424], ["account contact access", 5.4], ["exchange rate", 5.357575757575757], ["insurance broker verify", 5.352152094190311], ["pivotal 22r2", 5.351540616246498], ["button cancel button", 5.331154684095861], ["payment scenario", 5.326797385620916], ["read '", 5.28888888888889], ["onboard originator", 5.282608695652174], ["partial payout execute", 5.27431693989071], ["approve invoice", 5.261904761904762], ["multiple field", 5.256410256410256], ["role '", 5.2555555555555555], ["deals-collateral detail verify", 5.251541920050725], ["mqcc dashboard", 5.25], ["enable ''", 5.242857142857143], ["toggle ''", 5.242857142857143], ["post date", 5.242307692307692], ["commission fixe", 5.233333333333333], ["exist role", 5.216666666666667], ["verify user create", 5.205106929903767], ["verify share broker", 5.178707118113755], ["dev task", 5.166666666666666], ["/ detail", 5.164500683994528], ["end date", 5.158974358974358], ["correct issue", 5.136752136752137], ["current date", 5.117307692307692], ["originator field", 5.115942028985508], ["payment processor", 5.104575163398692], ["job run", 5.101190476190476], ["amendment verify bug", 5.084149487478027], ["address field", 5.083333333333334], ["add reconciliation", 5.052083333333334], ["detail row", 5.0399159663865545], ["settlement detail", 5.033422459893048], ["additional field", 5.0], ["accrue interest", 5.0], ["/ transaction", 4.981727574750831], ["rbc eft file", 4.969924812030075], ["unapplied payment", 4.937908496732026], ["update role", 4.934959349593496], ["payment date", 4.930216189039719], ["origination portal", 4.923809523809524], ["' field", 4.9222222222222225], ["rate formula", 4.921754862053369], ["funding engine", 4.917004048582996], ["add index", 4.90625], ["payment schedule", 4.902194211017741], ["schedule payment", 4.902194211017741], ["effective date", 4.9013986013986015], ["effective date 1", 4.9013986013986015], ["filter group", 4.892195767195767], ["low / med", 4.890461431760549], ["med / low", 4.890461431760549], ["pay interest", 4.885714285714286], ["field exist", 4.883333333333333], ["populate leasespark", 4.880952380952381], ["delete row", 4.879699248120301], ["'' remove", 4.879220779220779], ["broker verify broker", 4.867303609341826], ["matrix setup", 4.863157894736842], ["asset viewer", 4.857445306986591], ["closing tab", 4.857142857142858], ["offer sell", 4.857142857142857], ["recalculate amount", 4.848484848484848], ["transaction ui", 4.839285714285714], ["record insert", 4.833333333333334], ["collateralstatus_history table", 4.833333333333334], ["corra index", 4.833333333333333], ["/ adddetails", 4.82626538987688], ["eirpoolsalecashflowperiods journal", 4.820512820512821], ["bp quote", 4.809523809523809], ["bvd deal 21396", 4.791248606465998], ["move validation", 4.78125], ["mandatory field", 4.780701754385965], ["date validation", 4.773557692307692], ["payment date-default", 4.77124183006536], ["principal payment", 4.77124183006536], ["/ collateralsasatdate", 4.767441860465116], ["turfcare uatr7", 4.764705882352941], ["turfcare prod-22r2", 4.764705882352941], ["turfcare phase3", 4.764705882352941], ["commision rate", 4.757575757575758], ["detail tab", 4.754201680672269], ["ls-bp lp", 4.75], ["incorrectly retrieve", 4.75], ["server error", 4.74974358974359], ["enter '", 4.746783625730995], ["reconciliation report", 4.744703389830509], ["group control", 4.744047619047619], ["additional configuration", 4.743589743589744], ["calendar date", 4.742307692307692], ["process run", 4.741758241758242], ["pool management", 4.727011494252873], ["tooltip test", 4.725490196078431], ["populate eft", 4.714285714285714], ["loan fund", 4.706666666666667], ["transaction date", 4.706593406593407], ["code system", 4.703703703703704], ["read scrollintoview", 4.7], ["add relationship-entity", 4.694128787878788], ["exist legal", 4.692857142857143], ["eft issue", 4.6923076923076925], ["job definition", 4.689102564102564], ["residual amount 0", 4.681818181818182], ["calculate sale", 4.672727272727273], ["' deal", 4.668599033816426], ["update exception", 4.668292682926829], ["general-include arrears", 4.666666666666666], ["credits-security deposit", 4.666666666666666], ["selection location", 4.666666666666666], ["additional work", 4.666666666666666], ["additional configuration-deposit", 4.666666666666666], ["additional configuration-fee", 4.666666666666666], ["additional config", 4.666666666666666], ["script attach", 4.666666666666666], ["delinquency code", 4.666666666666666], ["initially fund", 4.666666666666666], ["formula builder", 4.664179104477611], ["generate transaction", 4.658730158730159], ["unfinalize funding", 4.653846153846153], ["phone type", 4.648387096774194], ["generate document", 4.644444444444445], ["delete exception", 4.636842105263158], ["settlement summary", 4.636363636363637], ["pivotal deal", 4.627329192546584], ["correct amount", 4.626262626262626], ["payment amount", 4.619726678550208], ["pay principal", 4.619047619047619], ["phone entry", 4.617647058823529], ["field validation", 4.614583333333334], ["collateral borrower", 4.607843137254902], ["refresh collateral", 4.607843137254902], ["change number", 4.6], ["interest paydowns", 4.6], ["interest revenue", 4.6], ["business day", 4.6], ["balance as-at", 4.6], ["start balance", 4.6], ["mail setup", 4.5964912280701755], ["trust '", 4.588888888888889], ["hover '", 4.588888888888889], ["' ticket", 4.588888888888889], ["' long", 4.588888888888889], ["coupon '", 4.588888888888889], ["datafix deal 2803", 4.579710144927536], ["lock deal", 4.579710144927536], ["geolin add", 4.572916666666667], ["payment instruction", 4.571241830065359], ["delete field", 4.5701754385964914], ["error ''", 4.56952380952381], ["administration document", 4.569230769230769], ["funding group", 4.56456043956044], ["correctly show", 4.559139784946236], ["pricing schedule", 4.557308970099668], ["outstand tab", 4.557142857142857], ["invoice fee", 4.553571428571429], ["647 grace period", 4.545454545454545], ["collection period", 4.545454545454545], ["collateral management", 4.5245098039215685], ["' require", 4.5055555555555555], ["step detail", 4.504201680672269], ["lock turn", 4.5], ["fully allocation", 4.5], ["asset link", 4.4984709480122325], ["error throw", 4.493333333333333], ["date format", 4.492307692307692], ["creation date", 4.492307692307692], ["start date", 4.492307692307692], ["coupon date", 4.492307692307692], ["enter field", 4.491228070175438], ["funding condition", 4.487179487179487], ["tax group", 4.460714285714285], ["booking detail", 4.459558823529411], ["pool type", 4.4587319243604], ["manual test", 4.455049944506104], ["pricing tab", 4.450166112956811], ["cp issuance", 4.45], ["deal administration", 4.448940914158305], ["current user", 4.439814814814815], ["advance payment", 4.437908496732026], ["late payment", 4.437908496732026], ["pool fee", 4.435344827586206], ["update asset", 4.433430297605728], ["process remittance", 4.4322344322344325], ["loan select", 4.431304347826087], ["general tab", 4.426108374384237], ["calculation type", 4.421114369501467], ["clone collateral", 4.41553544494721], ["/ button", 4.414500683994528], ["description = 255", 4.410256410256411], ["finalize funding", 4.403846153846153], ["funding finalize", 4.403846153846153], ["delete contact", 4.4035087719298245], ["datum fix", 4.4033613445378155], ["quick sale", 4.4], ["capping exception", 4.4], ["calculate fee", 4.397727272727273], ["booking-booking detail", 4.397058823529411], ["comment detail", 4.397058823529411], ["transaction grid", 4.396103896103896], ["compliance template", 4.391304347826087], ["sample template", 4.391304347826087], ["clone deal", 4.387402452619844], ["party pool", 4.387267904509284], ["funding definition", 4.384615384615385], ["geminus book", 4.375], ["administration term", 4.36923076923077], ["funding transaction", 4.368131868131869], ["transaction type", 4.362672811059908], ["collateral status", 4.357843137254902], ["collateral retrieve", 4.357843137254902], ["submit tab", 4.357142857142858], ["exist dbo", 4.35], ["finance amount", 4.348484848484848], ["update deal", 4.348002827854366], ["add collateral", 4.3474264705882355], ["collateral add", 4.3474264705882355], ["clear click", 4.333333333333334], ["field carry", 4.333333333333334], ["dynamic nbv", 4.333333333333334], ["unamortize commission", 4.333333333333334], ["principal paydowns", 4.333333333333334], ["field empty", 4.333333333333334], ["screen load", 4.333333333333334], ["auto-calculate field", 4.333333333333334], ["dealtransaction field", 4.333333333333334], ["/ marketdata", 4.33107822410148], ["error handling", 4.326666666666666], ["edit mortgage", 4.325], ["tax calculation", 4.322727272727272], ["delete lender", 4.3201754385964914], ["add deal", 4.319293478260869], ["delete deal", 4.3165522501906946], ["asset type", 4.313524711453093], ["finalize booking", 4.3125], ["wearhouse pool", 4.310344827586206], ["floating-cdor pool", 4.310344827586206], ["asset class", 4.307994757536042], ["collateral appraisal", 4.307843137254903], ["duplicate date", 4.304807692307692], ["' modify", 4.303174603174603], ["remove contact", 4.303030303030303], ["funding type", 4.302233250620347], ["report administration", 4.3014341590612775], ["verify balance", 4.300636942675159], ["system setup", 4.300194931773879], ["day month", 4.3], ["month aug", 4.3], ["deal transaction", 4.2939958592132506], ["finance fee", 4.291666666666666], ["mortgage asset", 4.290137614678899], ["amount collateral", 4.289661319073083], ["collateral grid", 4.289661319073083], ["tax add", 4.289583333333333], ["verify '", 4.289525831564048], ["validation maxmium", 4.28125], ["deal document", 4.279710144927536], ["booking transaction", 4.276785714285714], ["fee type", 4.273387096774194], ["calculation development", 4.272727272727273], ["m_paymentamount update", 4.268292682926829], ["/ exchangerates", 4.267441860465116], ["collateral type", 4.256230234029095], ["funding process", 4.252747252747253], ["gross profit", 4.25], ["80 profit $3", 4.25], ["issuance paydowns", 4.25], ["total issuance", 4.25], ["require field", 4.25], ["approval require", 4.25], ["retrieve incorrect", 4.25], ["holiday calendar", 4.25], ["total profit", 4.25], ["cmb administration", 4.249230769230769], ["clone report", 4.239895697522816], ["add pricing-large", 4.239583333333334], ["unable add", 4.239583333333334], ["add relationship-relationship", 4.239583333333334], ["attempt add", 4.239583333333334], ["add session", 4.239583333333334], ["sp add", 4.239583333333334], ["' button", 4.235947712418301], ["quote pricing", 4.235880398671096], ["deal funding", 4.23355629877369], ["amount tax", 4.2318181818181815], ["tax amount", 4.2318181818181815], ["product type", 4.2317204301075275], ["price definition", 4.230769230769231], ["deal type", 4.22809724170173], ["show screen", 4.225806451612903], ["open ui", 4.225], ["deal quote", 4.222567287784679], ["search field", 4.222222222222222], ["equipment asset", 4.217769193626268], ["insurance type", 4.216568914956012], ["transaction section", 4.214285714285714], ["modify parameter", 4.214285714285714], ["unreconciling transaction", 4.214285714285714], ["july transaction", 4.214285714285714], ["transaction screen", 4.214285714285714], ["transaction history", 4.214285714285714], ["adjustment option", 4.211428571428572], ["duplicate template", 4.203804347826087], ["configuration fee", 4.201923076923077], ["cp maturity", 4.2], ["outstand collection", 4.2], ["party lienholders", 4.188034188034188], ["deal collateral", 4.187553282182439], ["securitization file", 4.184210526315789], ["general-fee amount", 4.181818181818182], ["max amount", 4.181818181818182], ["refund send", 4.181818181818182], ["change add", 4.172916666666667], ["deal pricing", 4.17273340074149], ["customer transaction", 4.170807453416149], ["workflow-grid view", 4.166666666666666], ["leasespark packaging", 4.166666666666666], ["payout ui", 4.165983606557377], ["asset owner", 4.165137614678899], ["asset browser-verify", 4.165137614678899], ["originaladvanced formula", 4.164179104477611], ["originalbalance formula", 4.164179104477611], ["committedamount formula", 4.164179104477611], ["min_term formula", 4.164179104477611], ["max_term formula", 4.164179104477611], ["remainingterm formula", 4.164179104477611], ["min_remainingterm formula", 4.164179104477611], ["max_remainingterm formula", 4.164179104477611], ["min_projectedremainingterm formula", 4.164179104477611], ["max_projectedremainingterm formula", 4.164179104477611], ["originalamortization formula", 4.164179104477611], ["min_originalamortization formula", 4.164179104477611], ["max_originalamortization formula", 4.164179104477611], ["remainingamortization formula", 4.164179104477611], ["min_remainingamortization formula", 4.164179104477611], ["max_remainingamortization formula", 4.164179104477611], ["min_rate formula", 4.164179104477611], ["max_rate formula", 4.164179104477611], ["min_arrearcount formula", 4.164179104477611], ["max_arrearcount formula", 4.164179104477611], ["formula collection", 4.164179104477611], ["attach formula", 4.164179104477611], ["portfolio definition", 4.164102564102564], ["error execution", 4.16], ["enter great 9", 4.157894736842105], ["collateral tax", 4.157843137254902], ["funding projection", 4.153846153846153], ["commitment funding", 4.153846153846153], ["interim funding", 4.153846153846153], ["funding record", 4.153846153846153], ["principal-applicant type", 4.148387096774194], ["url type", 4.148387096774194], ["pal type", 4.148387096774194], ["start type", 4.148387096774194], ["investor type", 4.148387096774194], ["deal origination", 4.1463768115942035], ["general configuration", 4.1458885941644565], ["require show", 4.14247311827957], ["deal booking", 4.142210144927536], ["error message", 4.140952380952381], ["validate appraisal", 4.1375], ["insurer short", 4.134615384615385], ["tax configuration", 4.126923076923077], ["delete reuse", 4.125730994152047], ["reuse delete", 4.125730994152047], ["non-finance fee", 4.125], ["cancel deal", 4.116747181964573], ["check require", 4.116666666666667], ["collateral level", 4.107843137254902], ["cross collateral", 4.107843137254902], ["collateral lienholder", 4.107843137254902], ["step attach", 4.107142857142858], ["update account", 4.1016260162601625], ["eod process", 4.0989010989010985], ["eft process", 4.0989010989010985], ["leasespark report", 4.098870056497175], ["view report", 4.098870056497175], ["pricing information-large", 4.093023255813954], ["pricing info", 4.093023255813954], ["set percent", 4.090909090909091], ["funding report", 4.086049543676662], ["show expect", 4.08294930875576], ["deal service", 4.079710144927536], ["deal origaination", 4.079710144927536], ["deal box", 4.079710144927536], ["terminate deal", 4.079710144927536], ["deal owner", 4.079710144927536], ["deal sales", 4.079710144927536], ["b_delete = 0", 4.076923076923077], ["reopen =", 4.076923076923077], ["= 250 char", 4.076923076923077], ["pricing-additional configuration", 4.076923076923077], ["status 500 error", 4.076666666666666], ["add relationship", 4.072916666666667], ["insurance policies-collateral", 4.068181818181818], ["tooltips test", 4.0588235294117645], ["select dropdown", 4.057971014492754], ["verify tab", 4.057779799818016], ["error show", 4.05247311827957], ["disbursement vendor", 4.05], ["loan cfs", 4.04], ["loan browser", 4.04], ["trust system", 4.037037037037037], ["max length", 4.037037037037037], ["max length 50", 4.037037037037037], ["max length 255", 4.037037037037037], ["max length 100", 4.037037037037037], ["datum source", 4.034313725490196], ["verify field", 4.033970276008493], ["purchase entity", 4.028301886792453], ["insurer legal", 4.027472527472527], ["error perform", 4.026666666666667], ["type drop-down", 4.015053763440861], ["user edit", 4.014814814814815], ["portfolio insurance", 4.001515151515152], ["anand balashanmugam", 4.0], ["ariel gonzalez", 4.0], ["bastien escaich", 4.0], ["turfcareuat 21r7", 4.0], ["principal-sign officer", 4.0], ["general-fee subtype", 4.0], ["price definitions-lender", 4.0], ["pal type-name", 4.0], ["jon pocock", 4.0], ["internal cost", 4.0], ["admin level", 4.0], ["geolin application 9496", 4.0], ["james zhu", 4.0], ["warn msg", 4.0], ["june 28th", 4.0], ["disable turn", 4.0], ["auto-match tolerance", 4.0], ["nim accts", 4.0], ["max char", 4.0], ["constant yield", 4.0], ["yield curve", 4.0], ["pick eft", 4.0], ["put request", 4.0], ["shub rt", 4.0], ["28th july", 4.0], ["28th june", 4.0], ["currency cad", 4.0], ["workflow-ready secure", 4.0], ["2824 summary pdf", 4.0], ["time feature", 4.0], ["left empty", 4.0], ["+ new-product", 4.0], ["sample attach", 4.0], ["case sensitive", 4.0], ["development effort", 4.0], ["obligorcount securitycount", 4.0], ["portion thereof", 4.0], ["< min", 4.0], ["click alert", 4.0], ["navigation bar", 4.0], ["pal facility", 4.0], ["payout generate", 3.9854280510018216], ["search set", 3.9797979797979797], ["system report", 3.969240426867546], ["deal search", 3.968599033816425], ["payment entity", 3.966210383524479], ["static fee", 3.961734693877551], ["create update", 3.957947855340622], ["model default", 3.9571428571428573], ["toggle default", 3.9571428571428573], ["customer transactions-", 3.9565217391304346], ["customer transactions-filter", 3.9565217391304346], ["static datum", 3.9543817527010807], ["entry error", 3.944313725490196], ["manual payout", 3.9372100216517167], ["payout manual", 3.9372100216517167], ["update application", 3.9349593495934956], ["make change", 3.9333333333333336], ["portfolio ownership", 3.9333333333333336], ["report out-of-sync", 3.9322033898305087], ["geolin broker", 3.916666666666667], ["mortgagehub source", 3.916666666666667], ["source owner", 3.916666666666667], ["search result", 3.915915915915916], ["transaction verify", 3.914922656960874], ["group market", 3.9107142857142856], ["share with-share", 3.894736842105263], ["share with-access", 3.894736842105263], ["verify amount", 3.882455124493341], ["cmb reinvestment", 3.88], ["entry save", 3.8795518207282913], ["partial payout", 3.8743169398907105], ["full payout", 3.8743169398907105], ["keyword drop-down", 3.8666666666666667], ["drop-down box", 3.8666666666666667], ["verify enter", 3.858531679517265], ["deal save", 3.841614906832298], ["credit condition", 3.8333333333333335], ["js error", 3.8266666666666667], ["verify fee", 3.8256369426751595], ["delete broker", 3.8201754385964914], ["admin user", 3.814814814814815], ["funder user", 3.814814814814815], ["user long", 3.814814814814815], ["user click", 3.814814814814815], ["instrument general", 3.8097062579821204], ["entry create", 3.8073022312373226], ["view option", 3.8066666666666666], ["remove application", 3.8030303030303028], ["lender verify", 3.7839702760084926], ["remove button", 3.783422459893048], ["deal verify", 3.7803470876026957], ["verify deal", 3.7803470876026957], ["calculation difference", 3.772727272727273], ["modify tax", 3.7642857142857142], ["unable save", 3.761904761904762], ["save successfully", 3.761904761904762], ["cmb cmb", 3.76], ["application pricing", 3.7596899224806206], ["share account", 3.7280701754385963], ["recovery transaction", 3.7142857142857144], ["share user", 3.7095516569200777], ["status default", 3.7071428571428573], ["payout formula", 3.7051627110349887], ["string length", 3.703703703703704], ["verify element", 3.7006369426751595], ["funder verify", 3.7006369426751595], ["deals-collateral- verify", 3.7006369426751595], ["verify +", 3.7006369426751595], ["create tag", 3.689655172413793], ["file upload", 3.6842105263157894], ["securitizatrion file", 3.6842105263157894], ["open deal", 3.6797101449275362], ["entity type", 3.6766889835666463], ["js jquery", 3.666666666666667], ["resubmit application", 3.666666666666667], ["application submission", 3.666666666666667], ["submit application", 3.666666666666667], ["insurance broker", 3.6515151515151514], ["contract type", 3.6483870967741936], ["entry entity", 3.6459489456159826], ["verify validate", 3.6381369426751595], ["open session", 3.6], ["insurer verify", 3.5852523272905437], ["broker details-trade", 3.583333333333333], ["broker details-tag", 3.583333333333333], ["broker details-description", 3.583333333333333], ["email type", 3.5769585253456224], ["marketdata refactor", 3.5636363636363635], ["ppsa search", 3.5555555555555554], ["tax applicable", 3.55], ["individual entity", 3.5283018867924527], ["verify user", 3.5154517574899744], ["verify duplicate", 3.5131369426751595], ["vendor verify", 3.5006369426751593], ["recovery agent", 3.5], ["notification feature", 3.5], ["branch 22 r1", 3.5], ["00 site notification", 3.5], ["error occur", 3.493333333333333], ["default inventory", 3.4571428571428573], ["verification default", 3.4571428571428573], ["default size", 3.4571428571428573], ["advance large", 3.4545454545454546], ["validate market", 3.4375], ["pay taxis", 3.3968253968253967], ["amendment bug", 3.3835125448028673], ["base formula", 3.3641791044776115], ["expire expire", 3.3333333333333335], ["eft batch", 3.333333333333333], ["verify broker", 3.2839702760084926], ["bug getcpdeal", 3.161290322580645], ["bug april11-22", 3.161290322580645], ["verify default", 3.1577797998180164], ["verify large", 3.1551823972206137], ["workflow event", 3.142857142857143], ["report bug", 3.0934937124111537], ["entity visibility", 2.9658018867924527], ["verify currentpaymentscenario", 2.9506369426751595], ["deals-collateral verify", 2.854483096521313], ["> 50", 2.8461538461538463], ["009 rate", 2.757575757575758], ["'' 0", 2.742857142857143], ["bvd", 2.7115384615384617], ["impp2020", 2.6666666666666665], ["bug pbis", 2.661290322580645], ["balance", 2.6], ["balance 0", 2.6], ["exist", 2.55], ["pivotal", 2.5476190476190474], ["datafix", 2.5], ["monthly", 2.5], ["lock", 2.5], ["residual", 2.5], ["filter", 2.4814814814814814], ["mandatory", 2.4473684210526314], ["generate", 2.4444444444444446], ["correct 5", 2.4444444444444446], ["payment", 2.4379084967320264], ["detail", 2.3970588235294117], ["manual", 2.3962264150943398], ["select", 2.391304347826087], ["template", 2.391304347826087], ["book", 2.375], ["field", 2.3333333333333335], ["year", 2.3333333333333335], ["apply", 2.3333333333333335], ["clear", 2.3333333333333335], ["geolin", 2.3333333333333335], ["description", 2.3333333333333335], ["quarterly", 2.3333333333333335], ["semi-annual", 2.3333333333333335], ["purchaser", 2.3333333333333335], ["commission", 2.3333333333333335], ["function", 2.3333333333333335], ["hide", 2.3333333333333335], ["return", 2.3333333333333335], ["month", 2.3], ["fix", 2.2857142857142856], ["pay", 2.2857142857142856], ["validation", 2.28125], ["calculate", 2.272727272727273], ["update", 2.268292682926829], ["finalize", 2.25], ["calendar", 2.25], ["add", 2.2395833333333335], ["delete", 2.236842105263158], ["amendment", 2.2222222222222223], ["transaction", 2.2142857142857144], ["edit", 2.2], ["amount", 2.1818181818181817], ["refund", 2.1818181818181817], ["contact", 2.1666666666666665], ["leasespark", 2.1666666666666665], ["corra", 2.1666666666666665], ["enter", 2.1578947368421053], ["funding", 2.1538461538461537], ["type", 2.1483870967741936], ["quote", 2.142857142857143], ["remove", 2.1363636363636362], ["113706 remove", 2.1363636363636362], ["fee", 2.125], ["entry", 2.1176470588235294], ["datum", 2.1176470588235294], ["collateral", 2.107843137254902], ["step", 2.107142857142857], ["process", 2.098901098901099], ["pricing", 2.0930232558139537], ["set 0", 2.090909090909091], ["set", 2.090909090909091], ["lender", 2.0833333333333335], ["product", 2.0833333333333335], ["deal 2509", 2.079710144927536], ["deal 20955", 2.079710144927536], ["deal", 2.079710144927536], ["deal 2765", 2.079710144927536], ["configuration", 2.076923076923077], ["= 1", 2.076923076923077], ["booking", 2.0625], ["tax", 2.05], ["loan", 2.04], ["system", 2.037037037037037], ["result", 2.027027027027027], ["day", 2.0], ["url", 2.0], ["funder", 2.0], ["nbv", 2.0], ["trust", 2.0], ["advance", 2.0], ["character", 2.0], ["feature", 2.0], ["uninsured", 2.0], ["price", 2.0], ["incorrect", 2.0], ["synchronize", 2.0], ["click", 2.0], ["element", 2.0], ["precede", 2.0], ["term", 2.0], ["max", 2.0], ["session", 2.0], ["unexpected", 2.0], ["eft", 2.0], ["customer", 1.9565217391304348], ["validate", 1.9375], ["portfolio", 1.9333333333333333], ["change", 1.9333333333333333], ["report", 1.9322033898305084], ["require", 1.9166666666666667], ["source", 1.9166666666666667], ["share", 1.894736842105263], ["reuse", 1.8888888888888888], ["search", 1.8888888888888888], ["insurer", 1.8846153846153846], ["cmb", 1.88], ["drop-down", 1.8666666666666667], ["expect", 1.8571428571428572], ["static", 1.836734693877551], ["relationship", 1.8333333333333333], ["account", 1.8333333333333333], ["error", 1.8266666666666667], ["user", 1.8148148148148149], ["duplicate", 1.8125], ["dbo", 1.8], ["vendor", 1.8], ["save", 1.7619047619047619], ["overlap", 1.75], ["instrument", 1.7407407407407407], ["modify", 1.7142857142857142], ["verify", 1.7006369426751593], ["create", 1.6896551724137931], ["file", 1.6842105263157894], ["miss", 1.6666666666666667], ["application", 1.6666666666666667], ["string", 1.6666666666666667], ["note", 1.6666666666666667], ["expire", 1.6666666666666667], ["jquery", 1.6666666666666667], ["ppsa", 1.6666666666666667], ["dropdown", 1.6666666666666667], ["occur", 1.6666666666666667], ["button", 1.6470588235294117], ["option", 1.64], ["open", 1.6], ["broker", 1.5833333333333333], ["marketdata", 1.5636363636363637], ["payout", 1.540983606557377], ["entity", 1.528301886792453], ["notification", 1.5], ["contract 25743", 1.5], ["pbis", 1.5], ["credit", 1.5], ["2022 r1", 1.5], ["exchangerates", 1.5], ["recovery", 1.5], ["applicable", 1.5], ["flag", 1.5], ["market", 1.5], ["difference", 1.5], ["default", 1.457142857142857], ["large", 1.4545454545454546], ["endpoint", 1.4444444444444444], ["visibility", 1.4375], ["email", 1.4285714285714286], ["access", 1.4], ["free", 1.4], ["execute", 1.4], ["batch", 1.3333333333333333], ["accounting", 1.3333333333333333], ["rbc", 1.2857142857142858], ["currentpaymentscenario", 1.25], ["core", 1.2222222222222223], ["base", 1.2], ["bug", 1.1612903225806452], ["bug 112745", 1.1612903225806452], ["bug 113055", 1.1612903225806452], ["bug 19481", 1.1612903225806452], ["bug 17409", 1.1612903225806452], ["bug 22184", 1.1612903225806452], ["bug 83370", 1.1612903225806452], ["bug 27720", 1.1612903225806452], ["bug 96589", 1.1612903225806452], ["bug 97603", 1.1612903225806452], ["bug 98333", 1.1612903225806452], ["bug 105780", 1.1612903225806452], ["bug 112807", 1.1612903225806452], ["bug 107709", 1.1612903225806452], ["bug 110792", 1.1612903225806452], ["bug 121264", 1.1612903225806452], ["bug 113267", 1.1612903225806452], ["bug 139963", 1.1612903225806452], ["bug 108226", 1.1612903225806452], ["bug 110537", 1.1612903225806452], ["bug 111491", 1.1612903225806452], ["bug 113996", 1.1612903225806452], ["bug 106141", 1.1612903225806452], ["bug 139339", 1.1612903225806452], ["bug 106325", 1.1612903225806452], ["bug 108419", 1.1612903225806452], ["bug 110375", 1.1612903225806452], ["bug 107077", 1.1612903225806452], ["bug 113204", 1.1612903225806452], ["bug 115116", 1.1612903225806452], ["bug 115155", 1.1612903225806452], ["bug 115469", 1.1612903225806452], ["bug 141639", 1.1612903225806452], ["bug 113676", 1.1612903225806452], ["bug 134786", 1.1612903225806452], ["bug 105979", 1.1612903225806452], ["bug 106131", 1.1612903225806452], ["bug 106259", 1.1612903225806452], ["bug 114631", 1.1612903225806452], ["bug 110417", 1.1612903225806452], ["bug 110453", 1.1612903225806452], ["bug 107492", 1.1612903225806452], ["bug 109858", 1.1612903225806452], ["bug 112580", 1.1612903225806452], ["bug 116574", 1.1612903225806452], ["bug 107018", 1.1612903225806452], ["bug 107181", 1.1612903225806452], ["bug 107826", 1.1612903225806452], ["bug 107982", 1.1612903225806452], ["bug 110425", 1.1612903225806452], ["bug 110437", 1.1612903225806452], ["bug 110455", 1.1612903225806452], ["bug 112354", 1.1612903225806452], ["bug 112907", 1.1612903225806452], ["bug 114606", 1.1612903225806452], ["bug 139836", 1.1612903225806452], ["bug 106356", 1.1612903225806452], ["bug 112390", 1.1612903225806452], ["bug 114068", 1.1612903225806452], ["bug 114069", 1.1612903225806452], ["bug 115231", 1.1612903225806452], ["bug 112707", 1.1612903225806452], ["bug 111479", 1.1612903225806452], ["bug 105813", 1.1612903225806452], ["bug 105681", 1.1612903225806452], ["bug 105692", 1.1612903225806452], ["bug 106307", 1.1612903225806452], ["bug 109579", 1.1612903225806452], ["bug 97436", 1.1612903225806452], ["bug 134652", 1.1612903225806452], ["bug 109566", 1.1612903225806452], ["bug 112860", 1.1612903225806452], ["bug 113990", 1.1612903225806452], ["bug 113367", 1.1612903225806452], ["bug 111158", 1.1612903225806452], ["bug 111165", 1.1612903225806452], ["bug 112792", 1.1612903225806452], ["bug 114724", 1.1612903225806452], ["bug 120847", 1.1612903225806452], ["deals-collateral", 1.1538461538461537], ["workflow", 1.1428571428571428], ["taxis", 1.1111111111111112], ["med", 1.0689655172413792], ["low", 1.054054054054054], ["brokerage", 1.0], ["medium", 1.0], ["paymentschedulesummary", 1.0], ["high", 1.0], ["amount-default", 1.0], ["quotes-pricing", 1.0], ["automate", 1.0], ["payment-default", 1.0], ["applications-application", 1.0], ["import", 1.0], ["accounts-account", 1.0], ["contacts-contact", 1.0], ["fees-fee", 1.0], ["general-finance", 1.0], ["brokers-broker", 1.0], ["email-email", 1.0], ["email-type", 1.0], ["icon", 1.0], ["rim", 1.0], ["phone-phone", 1.0], ["phone-type", 1.0], ["url-type", 1.0], ["url-url", 1.0], ["asterisk", 1.0], ["visibility-owner", 1.0], ["visibility-visibility", 1.0], ["creator", 1.0], ["general-name", 1.0], ["general-description", 1.0], ["calculatedterm", 1.0], ["tostring", 1.0], ["sql", 1.0], ["trigger", 1.0], ["integer", 1.0], ["delimiter", 1.0], ["ls-lp", 1.0], ["unobtrustive", 1.0], ["api", 1.0], ["rateid", 1.0], ["detailid", 1.0], ["sourceid", 1.0], ["investigation", 1.0], ["match", 1.0], ["pbi 112518", 1.0], ["colin", 1.0], ["organization", 1.0], ["side", 1.0], ["permission", 1.0], ["wnzl", 1.0], ["misc", 1.0], ["replace", 1.0], ["waterfall", 1.0], ["collateralinputtaxcredittaxdetails", 1.0], ["call", 1.0], ["$177", 1.0], ["night", 1.0], ["utilization", 1.0], ["cpdeals", 1.0], ["unique", 1.0], ["assetlinks", 1.0], ["scale", 1.0], ["maximum", 1.0], ["$999", 1.0], ["minimum", 1.0], ["blank", 1.0], ["projectedremainingterm", 1.0], ["substitution", 1.0], ["obligor", 1.0], ["invalid", 1.0], ["payment_desc", 1.0], ["cmbs", 1.0], ["position", 1.0], ["reserve", 1.0], ["trading", 1.0], ["confirmation", 1.0], ["essential", 1.0], ["settle", 1.0], ["non-positive", 1.0], ["negative", 1.0], ["n_minimumpaymentpercent", 1.0], ["recognize", 1.0], ["loanstore", 1.0], ["genworth", 1.0], ["purge", 1.0], ["integration", 1.0], ["byclosingrmbsbalance", 1.0], ["minvalue", 1.0], ["maxvalue", 1.0], ["totalprincipaladvancesdeferrals", 1.0], ["totalprincipaladvancesarrears", 1.0], ["totalinterestadvancesdeferrals", 1.0], ["totalinterestadvancesarrears", 1.0], ["checkbox", 1.0], ["optional", 1.0], ["uncheck", 1.0], ["face", 1.0], ["floor", 1.0], ["i_occupancytype", 1.0], ["corra_compounded_index", 1.0], ["indexrates", 1.0], ["bulkmbsprice", 1.0], ["exposure", 1.0], ["m_dailyaccrualamount", 1.0], ["origination-pricing", 1.0], ["stare", 1.0], ["automation", 1.0], ["star", 1.0], ["linc3tmr-5239", 1.0], ["fileimport_collateral", 1.0], ["notify", 1.0], ["hyperlink", 1.0], ["intrument", 1.0], ["installation", 1.0], ["failing", 1.0], ["bycollateralageatorigination", 1.0], ["rank", 1.0], ["bycollateralloanallocation", 1.0], ["balloon", 1.0], ["bill", 1.0], ["demonstration", 1.0], ["22r13", 1.0], ["pretax", 1.0], ["pbi 59789", 1.0], ["pbi 109562", 1.0], ["pbi 106569", 1.0], ["pbi 107015", 1.0], ["pbi 113560", 1.0], ["bp-application", 1.0], ["highlight", 1.0], ["pbi 113952", 1.0], ["color", 1.0], ["originatorentity", 1.0], ["dealdisbursement", 1.0], ["accept", 1.0], ["pbi 99050", 1.0], ["lastupdatedbyuserid", 1.0], ["pbi 120594", 1.0], ["ls-transaction", 1.0], ["pbi 39721", 1.0], ["pbi 97805", 1.0], ["lp-payout", 1.0], ["pbi 107934", 1.0], ["pbi 107017", 1.0], ["version", 1.0], ["forward", 1.0], ["recover", 1.0], ["dpb", 1.0], ["147", 0], ["483", 0], ["109811", 0], ["978", 0], ["109592", 0], ["112580", 0], ["113993", 0], ["113998", 0], ["86704377", 0], ["385", 0], ["2022", 0], ["999", 0], ["800", 0], ["900", 0], ["120633", 0], ["255", 0], ["999999", 0]]}}}