{"task": "extract_bundle_keywords", "client_id": "azure-taosolutions", "status": "Success", "result": {"bundle_topic_ids": {"0": [19, 27]}, "bundle_keywords": {"0": [["key present dictionary", 9.0], ["ownership ans sales", 9.0], ["nha mbs administration", 9.0], ["override toggle visible", 9.0], ["m_accruedinterest d_accrueddate loanstore", 9.0], ["count business day", 9.0], ["mqcc module formula", 8.8], ["asset viewer count", 8.75], ["edit revolve pool", 8.636363636363637], ["pool sales journalize", 8.636363636363637], ["sgbm-loan transaction report", 8.631578947368421], ["add httponly attribute", 8.608695652173914], ["suppose show client", 8.6], ["correctly show cell", 8.6], ["remove item contex", 8.5], ["trigger datafix investigation", 8.5], ["export result csv", 8.5], ["export result excel", 8.5], ["original pbal iadate", 8.5], ["unable update amount", 8.423076923076923], ["delete multiple export", 8.420689655172414], ["add tag formula", 8.408695652173913], ["post / cptradesfull", 8.371827242524917], ["asset type configuration", 8.325757575757576], ["field accept letter", 8.31578947368421], ["report correct complete", 8.298245614035087], ["savings loan movement", 8.294117647058822], ["engine process manager", 8.290476190476191], ["fee amount column", 8.28735632183908], ["term advisory deal", 8.25], ["client specific test", 8.235294117647058], ["process manual journal", 8.233333333333334], ["define pool type", 8.212121212121213], ["administration holiday calendar", 8.187177597641856], ["holiday calendar associate", 8.187177597641856], ["match datagrid display", 8.166666666666666], ["row ' add", 8.108695652173914], ["administration job scheduler", 8.108108108108109], ["id query parm", 8.05974025974026], ["id query param", 8.05974025974026], ["risk rating template", 8.023809523809524], ["violate validation ui", 8.016666666666666], ["json request body", 8.0], ["save engine template", 7.964285714285715], ["delete asset type", 7.946447230929989], ["save holiday calendar", 7.937177597641856], ["loan pool arrears", 7.930481283422459], ["rmbs program pool", 7.90909090909091], ["/ cpinvoice /", 7.9036544850498345], ["return expect response", 7.863636363636363], ["scorecard datum grid", 7.85], ["criterion datum grid", 7.85], ["accrue interest populate", 7.833333333333334], ["provide description field", 7.815789473684211], ["refresh screen change", 7.8], ["mandatory instrument check", 7.782945736434108], ["issue swagger documentation", 7.777777777777778], ["/ engine /", 7.76079734219269], ["debit credit account", 7.75], ["refresh e-signature image", 7.75], ["effective date default", 7.75], ["create yieldcurveholidaycalendars table", 7.714285714285714], ["dispose thread create", 7.714285714285714], ["delete fee schedule", 7.708045977011494], ["/ formula /", 7.703654485049833], ["warehouse fee matrix", 7.693606321839081], ["retrieve holiday calendar", 7.687177597641856], ["instrument history functional", 7.616279069767442], ["update holiday calendar", 7.6102545207187795], ["exchangerateid detail id", 7.601268498942918], ["user delete cf", 7.581473968897904], ["update template multiple", 7.58021978021978], ["user add image", 7.569479965899403], ["program fee calculate", 7.560083594566354], ["disable approval definition", 7.545454545454545], ["reenable approval definition", 7.545454545454545], ["process job scheduler", 7.541441441441441], ["update fee schedule", 7.510433244916004], ["click top grid", 7.5], ["schedule fee matrix", 7.4936063218390805], ["template multiple field", 7.472932330827067], ["instrument current period", 7.466279069767442], ["field instrument table", 7.432068543451653], ["id query params", 7.393073593073593], ["user update override", 7.383861236802413], ["free select asset", 7.383333333333333], ["verify engine run", 7.375], ["report system report", 7.374269005847953], ["verify function isbusinessday", 7.330357142857142], ["verify function modifiedfollowing", 7.330357142857142], ["verify function modifiedpreceding", 7.330357142857142], ["delete fee matrix", 7.314295977011494], ["add fee matrix", 7.302301974012994], ["clean price change", 7.3], ["effective date price", 7.25], ["account actual nil", 7.25], ["user account section", 7.21078431372549], ["create calendar existent", 7.2058111380145276], ["duplicate fee type", 7.196447230929991], ["general ledger detail", 7.189147286821706], ["invalid cpdealsextendedpropertyid provide", 7.172413793103448], ["/ detail /", 7.159468438538205], ["update fee matrix", 7.116683244916004], ["click datum grid", 7.1], ["fee matrix successfully", 7.026939655172415], ["rfr id invalid", 7.017868338557994], ["error message tool-tip", 7.011904761904762], ["effective date click", 7.0], ["overlap tax date", 7.0], ["/ allocation /", 6.994563575958924], ["field mandatory user", 6.943240454076367], ["/ extendedproperty /", 6.939368770764119], ["post / cptrades", 6.933810713599297], ["throw '' transactionscope", 6.928571428571429], ["create holiday calendar", 6.9014633119275715], ["user update calendar", 6.875386660531227], ["/ entitydata /", 6.84960043099578], ["user select type", 6.836541889483065], ["cp fee matrix", 6.836463464696223], ["create wa instrument", 6.8305647840531565], ["instrument template field", 6.78921140059451], ["require field ''", 6.7443609022556394], ["test file attach", 6.711484593837536], ["verify holiday calendar", 6.705034740499], ["instrument id instrument", 6.57801268498943], ["verify formula detail", 6.573671096345516], ["fee matrix change", 6.4936063218390805], ["/ cptrades /", 6.465637956124214], ["fee matrix error", 6.4555110837438425], ["/ cpdeals /", 6.403654485049834], ["field length verify", 6.333646616541353], ["add api endpoint", 6.288470933072789], ["verify user save", 6.228641456582633], ["validate e-signature section", 6.166666666666667], ["api environment issue", 5.9575530586766545], ["return validation error", 5.892207792207792], ["verify matrix boundary", 5.674107142857142], ["formula engine", 5.657142857142857], ["match ui", 5.416666666666666], ["current period", 5.35], ["/ formula", 5.251827242524916], ["engine template", 5.214285714285714], ["pool type", 5.212121212121212], ["remove holiday", 5.195652173913043], ["retrieve holiday", 5.195652173913043], ["holiday calendar", 5.187177597641857], ["credit rating", 5.166666666666666], ["update holiday", 5.118729096989966], ["delete calendar", 5.112215078901228], ["fee schedule", 5.0873563218390805], ["free asset", 5.083333333333334], ["detail journal", 5.0558139534883715], ["query params", 5.0476190476190474], ["process type", 5.009090909090909], ["' calendar", 4.991525423728813], ["report template", 4.988721804511279], ["mandatory field", 4.982456140350877], ["/ result", 4.951827242524917], ["fee type", 4.863113897596657], ["accrue interest", 4.833333333333334], ["calendar duplicate", 4.824858757062147], ["update template", 4.78021978021978], ["effective date", 4.75], ["system report", 4.742690058479532], ["/ program", 4.72455451525219], ["/ detail", 4.707641196013289], ["fee matrix", 4.693606321839081], ["template field", 4.672932330827068], ["id field", 4.661244019138756], ["pool sale", 4.636363636363637], ["duplicate fee", 4.620689655172415], ["flag delete", 4.620689655172414], ["delete cfs", 4.620689655172414], ["delete record", 4.620689655172414], ["instrument history", 4.616279069767442], ["job definition", 4.608108108108108], ["static datum", 4.6], ["past period", 4.6], ["deal id", 4.595454545454546], ["multiple issue", 4.5777777777777775], ["program fee", 4.560083594566354], ["/ job", 4.559935350633024], ["save change", 4.55], ["/ allocation", 4.542736333434007], ["verify- display", 4.5], ["max length 100", 4.5], ["throw exception", 4.5], ["cht price", 4.5], ["tooltip '", 4.5], ["' lose", 4.5], ["trigger execute 200", 4.5], ["search result", 4.5], ["calendar explicitly", 4.491525423728813], ["/ extendedproperty", 4.487541528239202], ["holiday error", 4.457556935817806], ["/ cpfundingdefinition", 4.451827242524917], ["/ feesummary", 4.451827242524917], ["/ entitycontacts", 4.451827242524917], ["/ tradeallocation", 4.451827242524917], ["update ticketname", 4.423076923076923], ["cp program", 4.415584415584416], ["create holiday", 4.409937888198757], ["/ entitydata", 4.397773188470863], ["cp deal", 4.392857142857142], ["/ step", 4.37490416560184], ["id internal", 4.345454545454546], ["ta attach", 4.333333333333334], ["original balance", 4.333333333333333], ["loanaccruedinteresthistory correct", 4.333333333333333], ["verify function", 4.330357142857142], ["field require", 4.315789473684211], ["require field", 4.315789473684211], ["additional field", 4.315789473684211], ["select option", 4.3], ["loan cfs", 4.294117647058823], ["loan accrual", 4.294117647058823], ["facility fee", 4.287356321839081], ["unused fee", 4.287356321839081], ["pass validation", 4.266666666666667], ["select user", 4.26078431372549], ["account address", 4.25], ["grid clear", 4.25], ["entry grid", 4.25], ["tooltips test", 4.235294117647059], ["user account", 4.21078431372549], ["calendar create", 4.2058111380145276], ["create calendar", 4.2058111380145276], ["error ''", 4.19047619047619], ["step detail", 4.178890876565295], ["extract file", 4.142857142857142], ["file pend", 4.142857142857142], ["reuse delete", 4.120689655172414], ["instrument clone", 4.116279069767442], ["core add", 4.108695652173913], ["instrument general", 4.049612403100776], ["pend approval", 4.045454545454545], ["id invalid", 4.017868338557993], ["/ cptrades", 4.013810713599296], ["error message", 4.011904761904762], ["exago object", 4.0], ["james zhu", 4.0], ["malena bermudez", 4.0], ["express view", 4.0], ["code review", 4.0], ["audit trace", 4.0], ["entitity header", 4.0], ["portfolio insurance", 4.0], ["yield curve", 4.0], ["issuance statistic", 4.0], ["search implement", 4.0], ["past future", 4.0], ["remain amortization", 4.0], ["ia date", 4.0], ["workflow-alternate workflow", 4.0], ["party issuer", 4.0], ["ctc pl", 4.0], ["ctc wl", 4.0], ["james coyle", 4.0], ["search sets-verify", 4.0], ["additional finding", 4.0], ["extend precision", 4.0], ["request fundingdefinition", 4.0], ["issuingtrustid dealerid", 4.0], ["0 qa requirement", 4.0], ["status code", 4.0], ["systemdate reference", 4.0], ["anand balashanmugam", 4.0], ["shub rt", 3.9722222222222223], ["shub apiv1", 3.9722222222222223], ["navigate user", 3.9607843137254903], ["/ cpdeals", 3.951827242524917], ["request return 204", 3.8636363636363633], ["return 404 found", 3.8636363636363633], ["unpay balance", 3.833333333333333], ["closing balance", 3.833333333333333], ["create instrument", 3.8305647840531565], ["funding type", 3.7757575757575754], ["prompt error", 3.761904761904762], ["interest rate", 3.7333333333333334], ["return return", 3.727272727272727], ["api endpoint", 3.6797752808988764], ["exchangeratesourceid invalid", 3.6724137931034484], ["insert database", 3.666666666666667], ["verify precede", 3.517857142857143], ["entitity contact", 3.5], ["put request", 3.5], ["verify user", 3.4786414565826327], ["select exist", 3.466666666666667], ["api test", 3.4150693985459353], ["verify return", 3.3814935064935066], ["validate user", 3.377450980392157], ["enter 50 character", 3.333333333333333], ["issue entity", 3.2777777777777777], ["api route", 3.1797752808988764], ["api method", 3.1797752808988764], ["validate boundary", 3.166666666666667], ["shub api", 3.1519975031210987], ["shub apiv2", 2.9859208523592087], ["post", 2.92], ["report", 2.6315789473684212], ["add", 2.608695652173913], ["show", 2.6], ["datum", 2.6], ["provide", 2.5], ["calendar", 2.4915254237288136], ["121568 / 139908", 2.451827242524917], ["134712 / 139900", 2.451827242524917], ["process", 2.433333333333333], ["update", 2.423076923076923], ["template", 2.357142857142857], ["successfully", 2.3333333333333335], ["field", 2.3157894736842106], ["loan", 2.2941176470588234], ["fee", 2.2873563218390807], ["detail", 2.255813953488372], ["grid", 2.25], ["click", 2.25], ["account", 2.25], ["message", 2.25], ["file", 2.142857142857143], ["instrument", 2.116279069767442], ["system", 2.111111111111111], ["allocation", 2.090909090909091], ["approval", 2.0454545454545454], ["extendedproperty", 2.0357142857142856], ["overlap", 2.0], ["request", 2.0], ["date", 2.0], ["require", 2.0], ["nil", 2.0], ["request 204", 2.0], ["transactionscope", 2.0], ["shub", 1.9722222222222223], ["user", 1.9607843137254901], ["entitydata", 1.945945945945946], ["general", 1.9333333333333333], ["step", 1.9230769230769231], ["return", 1.8636363636363635], ["0 balance", 1.8333333333333333], ["change", 1.8], ["issue", 1.7777777777777777], ["error", 1.7619047619047619], ["boundary", 1.75], ["e-signature", 1.75], ["create", 1.7142857142857142], ["invalid", 1.6724137931034482], ["insert", 1.6666666666666667], ["loanaccruedinteresthistory", 1.6666666666666667], ["cptrades", 1.56198347107438], ["verify", 1.5178571428571428], ["put", 1.5], ["reuse", 1.5], ["cpdeals", 1.5], ["entity", 1.5], ["core", 1.5], ["contact", 1.5], ["validate", 1.4166666666666667], ["rate", 1.4], ["enter", 1.3333333333333333], ["funding", 1.2], ["api", 1.1797752808988764], ["api 2", 1.1797752808988764], ["api 4", 1.1797752808988764], ["exist", 1.1666666666666667], ["apiv2", 1.0136986301369864], ["low", 1.0], ["del", 1.0], ["engineid", 1.0], ["shub-324", 1.0], ["selectable", 1.0], ["nbc", 1.0], ["20r3", 1.0], ["cptermadvisorydeal", 1.0], ["shub-api", 1.0], ["pair", 1.0], ["entityid", 1.0], ["entitytype", 1.0], ["batch", 1.0], ["insurer", 1.0], ["access", 1.0], ["nullreferenceexception", 1.0], ["build 3", 1.0], ["blocker", 1.0], ["med", 1.0], ["filenotfoundexception", 1.0], ["high", 1.0], ["typeinitializationexception", 1.0], ["dbo", 1.0], ["trigger_loanaccountstatus_extprop", 1.0], ["multiselect", 1.0], ["attachment", 1.0], ["open", 1.0], ["remittance", 1.0], ["offset", 1.0], ["valuate", 1.0], ["market", 1.0], ["copy", 1.0], ["editable", 1.0], ["divide 100", 1.0], ["confirmation", 1.0], ["payment", 1.0], ["set", 1.0], ["sponsor", 1.0], ["trust", 1.0], ["property", 1.0], ["othermortgages", 1.0], ["borrower", 1.0], ["numberofothermortgages", 1.0], ["rbc", 1.0], ["settlement", 1.0], ["scratch", 1.0], ["datasource", 1.0], ["cmlsres", 1.0], ["mcap", 1.0], ["rfa", 1.0], ["activity", 1.0], ["metadataexception", 1.0], ["time", 1.0], ["addbusinessdays", 1.0], ["startdate", 1.0], ["int", 1.0], ["continue", 1.0], ["pagesize", 1.0], ["content", 1.0], ["yieldcurves", 1.0], ["holidaycalendars", 1.0], ["extendedpropertyid", 1.0], ["allocationid", 1.0], ["extprptyid", 1.0], ["work", 1.0], ["mandate", 1.0], ["detailid", 1.0], ["extensibleentitytypeid", 1.0], ["detailsid", 1.0], ["base", 1.0], ["0 enhancement", 1.0], ["lock", 1.0], ["unusedfee", 1.0], ["enhancement", 1.0], ["definitionid", 1.0], ["recalculation", 1.0], ["miss", 1.0], ["shub-apiv1", 1.0], ["0004", 0], ["9768", 0], ["9812", 0], ["2824", 0], ["143608", 0]]}}}