{"task": "extract_bundle_keywords", "client_id": "azure-taosolutions", "status": "Success", "result": {"bundle_topic_ids": {"0": [5, 24, 44]}, "bundle_keywords": {"0": [["report >> analytics", 9.0], ["populate drill link", 9.0], ["modal scroll issue", 9.0], ["text box space", 9.0], ["unable send esignautres", 9.0], ["approve reject approver", 9.0], ["bmo harry schema", 9.0], ["pivotal prod 22r2", 9.0], ["enclose xml tag", 9.0], ["override box check", 9.0], ["override box uncheck", 9.0], ["transaction balance reconciliation", 9.0], ["fiter call bycollateralsmanufacturer", 9.0], ["rmbs settlement engine", 8.928571428571429], ["replace '' log", 8.926829268292682], ["'' repo counterparty", 8.926829268292682], ["formula- > rmbsprogramloans", 8.857142857142858], ["id '' route", 8.815718157181571], ["drop-down clear selection", 8.8], ["manual navigation log", 8.780701754385966], ["route redirect route", 8.777777777777779], ["table change time", 8.714285714285715], ["change require script", 8.714285714285715], ["nha mbs administration", 8.714285714285715], ["change size username", 8.714285714285715], ["vendor details-sell consignment", 8.566666666666666], ["audit trace browser", 8.5], ["regulate toggle set", 8.5], ["contact details-industry code", 8.466666666666667], ["'' vendor ''", 8.420325203252034], ["schedule payment tab", 8.419354838709678], ["vendor details-business number", 8.366666666666667], ["trust warehouse trust", 8.333333333333332], ["editable update user", 8.280585734529996], ["assetborrowers click update", 8.275], ["contact details-business number", 8.266666666666666], ["field flag favourite", 8.241935483870968], ["navigation bar authenticate", 8.233333333333334], ["copy edit enable", 8.216216216216216], ["delete route visit", 8.203174603174602], ["clear click ''", 8.201829268292684], ["cmb reinvestment button", 8.2], ["account sole proprietor", 8.177777777777777], ["home additional tab", 8.133640552995391], ["additional information tab", 8.133640552995391], ["vendor details-approve vendor", 8.133333333333333], ["instrument past period", 8.120000000000001], ["engine process manager", 8.016949152542374], ["permission associate role", 8.0], ["loan dynamic upload", 8.0], ["email link open", 8.0], ["flag search setup", 7.888888888888889], ["default user mandatory", 7.886497064579256], ["login successfully log", 7.833333333333333], ["show user information", 7.815068493150685], ["replace '' login", 7.760162601626016], ["add multiple recipient", 7.545454545454545], ["expand ability add", 7.545454545454545], ["' button click", 7.538157894736843], ["post event column", 7.5], ["multiple document send", 7.5], ["user account table", 7.492846270928462], ["account successfully delete", 7.492063492063492], ["username delete account", 7.492063492063492], ["update account matrix", 7.485470085470085], ["clone account matrix", 7.485470085470085], ["delete engine template", 7.439285714285715], ["accounting cashflows matrix", 7.391025641025641], ["field display blank", 7.38479262672811], ["user details-url type", 7.367700072098053], ["user details-email type", 7.367700072098053], ["' accounting standard", 7.3464912280701755], ["event notification e-signature", 7.285714285714286], ["enter email field", 7.241935483870968], ["instrument instrument history", 7.24], ["display accounting entry", 7.226190476190476], ["delete item remove", 6.914285714285715], ["delete note class", 6.814285714285715], ["delete account matrix", 6.7997557997558], ["verify portfolio put", 6.782608695652174], ["user edit field", 6.773220193237869], ["total net proceeds", 6.75], ["verify save empty", 6.671497584541063], ["verify field mandatory", 6.595972750951713], ["row click '", 6.538157894736843], ["verify cp program", 6.44927536231884], ["account successfully create", 6.444444444444444], ["verify display input", 6.425465838509316], ["manual navigation", 5.780701754385965], ["criterion search field", 5.630824372759856], ["'' vendor", 5.49349593495935], ["rmbs program", 5.428571428571429], ["navigation bar", 5.233333333333333], ["verify upload file", 5.115942028985507], ["editable anymore", 4.9655172413793105], ["additional field", 4.9562211981566815], ["'' icon", 4.926829268292683], ["cmb administration", 4.914285714285715], ["negative > 999", 4.857142857142858], ["delete class", 4.814285714285715], ["mandatory field", 4.813364055299539], ["keyword drop-down", 4.8], ["trust template", 4.791666666666666], ["remove account", 4.777777777777778], ["user '", 4.578226387887527], ["vendor details-trade", 4.566666666666666], ["vendor details-trand", 4.566666666666666], ["disbursement vendor", 4.566666666666666], ["click field", 4.516935483870967], ["show sin", 4.5], ["net proceeds", 4.5], ["asset browser", 4.5], ["user account", 4.492846270928462], ["delete account", 4.492063492063492], ["account matrix", 4.4854700854700855], ["contact details-sin", 4.466666666666667], ["delete template", 4.439285714285715], ["general tab", 4.419354838709678], ["collateral tab", 4.419354838709678], ["ownership tab", 4.419354838709678], ["borrower tab", 4.419354838709678], ["display '", 4.406015037593985], ["cmb cmb", 4.4], ["accounting matrix", 4.3910256410256405], ["search set", 4.388888888888889], ["user accounts-user", 4.315068493150685], ["delete lp", 4.314285714285715], ["proper permission", 4.285714285714286], ["verify input", 4.282608695652174], ["delete deal", 4.277248677248678], ["manage click", 4.275], ["grand total", 4.25], ["edit lp", 4.216216216216216], ["edit asset", 4.216216216216216], ["cp deal", 4.12962962962963], ["sort instrument", 4.12], ["instrument general", 4.12], ["login '", 4.0964912280701755], ["email type", 4.052631578947368], ["phone type", 4.052631578947368], ["product type", 4.052631578947368], ["asset type", 4.052631578947368], ["validate user", 4.029354207436399], ["verify field", 4.024544179523142], ["attachment tab", 4.019354838709678], ["process sale", 4.016949152542373], ["cca depreciation", 4.0], ["hide sin", 4.0], ["cc section", 4.0], ["customer transactions-", 4.0], ["attempt navigate", 4.0], ["asset viewer", 4.0], ["sort group", 4.0], ["minimum $999", 4.0], ["maximum $999", 4.0], ["detail description", 4.0], ["back refresh", 4.0], ["shub rt", 4.0], ["joby james", 4.0], ["index rate", 4.0], ["date submit", 4.0], ["cpta reference", 4.0], ["grid sort", 4.0], ["cma clickable", 4.0], ["pool management", 4.0], ["formula builder", 4.0], ["pool sale", 4.0], ["bulk sale", 4.0], ["formula option", 4.0], ["db null", 4.0], ["apply prototype", 4.0], ["james zhu", 4.0], ["package sign", 4.0], ["activities-send email", 4.0], ["spacing option", 4.0], ["portfolio definition", 4.0], ["jon confirme", 4.0], ["option gray", 4.0], ["deal duplicate", 3.962962962962963], ["deal management", 3.962962962962963], ["cancel deal", 3.962962962962963], ["deal booking", 3.962962962962963], ["workflow-alternate workflow", 3.909090909090909], ["workflow-standard workflow", 3.909090909090909], ["equipment asset", 3.9047619047619047], ["save record", 3.888888888888889], ["mortgage asset", 3.8461538461538463], ["client contact", 3.8], ["entity accounting", 3.7976190476190474], ["verify +", 3.782608695652174], ["verify package", 3.782608695652174], ["general configuration", 3.75], ["intermediation configuration", 3.75], ["sell entity", 3.7142857142857144], ["validate current", 3.7142857142857144], ["validate residual", 3.7142857142857144], ["attachment limit", 3.6], ["select dbname", 3.6], ["upload attachment", 3.6], ["country select", 3.6], ["' miss", 3.5964912280701755], ["actual function", 3.571428571428571], ["step detail", 3.571428571428571], ["function parameter", 3.571428571428571], ["verify add", 3.3280632411067192], ["error message", 3.09375], ["route", 2.888888888888889], ["number", 2.8], ["role", 2.7142857142857144], ["change", 2.7142857142857144], ["mandatory", 2.5714285714285716], ["user", 2.315068493150685], ["delete", 2.3142857142857145], ["field", 2.2419354838709675], ["account", 2.1777777777777776], ["display", 2.142857142857143], ["instrument", 2.12], ["accounting", 2.0833333333333335], ["process", 2.016949152542373], ["email", 2.0], ["note", 2.0], ["row", 2.0], ["item", 2.0], ["upload", 2.0], ["portfolio", 2.0], ["deal", 1.962962962962963], ["workflow", 1.9090909090909092], ["equipment", 1.9047619047619047], ["save", 1.8888888888888888], ["search", 1.8888888888888888], ["mortgage", 1.8461538461538463], ["login", 1.8333333333333333], ["verify", 1.7826086956521738], ["configuration", 1.75], ["validate", 1.7142857142857142], ["entity", 1.7142857142857142], ["attachment", 1.6], ["select", 1.6], ["function", 1.5714285714285714], ["step", 1.5714285714285714], ["add", 1.5454545454545454], ["document", 1.5], ["criterion", 1.5], ["column", 1.5], ["client", 1.3333333333333333], ["file", 1.3333333333333333], ["miss", 1.3333333333333333], ["e-signature", 1.2857142857142858], ["create", 1.2666666666666666], ["error", 1.09375], ["core", 1.0], ["low", 1.0], ["applications-application", 1.0], ["accounts-account", 1.0], ["email-email", 1.0], ["contacts-contact", 1.0], ["string", 1.0], ["email-type", 1.0], ["vendors-vendor", 1.0], ["bcc", 1.0], ["phone-phone", 1.0], ["format", 1.0], ["med", 1.0], ["automate", 1.0], ["mcap", 1.0], ["filter", 1.0], ["obligor", 1.0], ["scotia-request", 1.0], ["esignature", 1.0], ["authentication", 1.0], ["confirmation", 1.0], ["un-authenticate", 1.0], ["fulltc", 1.0], ["abcp", 1.0], ["api", 1.0], ["dbo", 1.0], ["postingevents", 1.0], ["yieldcurves", 1.0], ["computer", 1.0], ["length 255", 1.0], ["sps", 1.0], ["decimal", 1.0], ["status", 1.0], ["static", 1.0], ["finalize", 1.0], ["high", 1.0], ["tdsi", 1.0], ["esma", 1.0], ["bug 61397", 1.0], ["account-referral", 1.0], ["bug 134632", 1.0], ["pbi 110456", 1.0], ["s_userlogin", 1.0], ["000", 0], ["100", 0], ["999", 0]]}}}