{"task": "extract_topic_keywords", "client_id": "azure-taosolutions", "status": "Success", "result": {"topic_id": {"0": 4}, "topic_keywords": {"0": [["reflect lp properly", 9.0], ["bvd uat 22r2", 9.0], ["m_groupcurrentltv datatype numeric", 9.0], ["m_groupindexedcurrentltv datatype numeric", 9.0], ["administration company setup", 9.0], ["year phone number", 9.0], ["button cancel button", 9.0], ["manual transaction ui", 9.0], ["date range overlap", 8.75], ["overlap date range", 8.75], ["read property null", 8.7], ["read property undefine", 8.7], ["auto calculate field-field", 8.5], ["calculate earnings schedule-field", 8.5], ["bp lp communication", 8.5], ["validation primary key", 8.3125], ["pass server validation", 8.3125], ["display description fee", 8.307692307692307], ["set overwrite issue", 8.2], ["pricing information-compound interest", 8.176470588235293], ["business information-applicant type", 8.151515151515152], ["settlement type drop", 8.151515151515152], ["template delete template", 8.058823529411764], ["month ' residual", 8.033333333333333], ["tax applicable enable", 8.0], ["drop option select", 8.0], ["fee select exist", 7.907692307692308], ["additional information tab", 7.9], ["payment scenario-total profit", 7.9], ["final payment front", 7.9], ["payment processor queue", 7.9], ["index rate row", 7.866666666666667], ["field clear create", 7.85], ["lender quote template", 7.802139037433156], ["' monthly '", 7.733333333333333], ["' quarterly '", 7.733333333333333], ["' semi-annual '", 7.733333333333333], ["pricing information-compound period", 7.6764705882352935], ["pricing tab throw", 7.6764705882352935], ["residual purchase date-default", 7.666666666666668], ["mark hide default", 7.666666666666667], ["price field validation", 7.6625], ["'' frequency type", 7.58008658008658], ["verify toggle switchable", 7.5625], ["verify principal amortize", 7.5625], ["city field validate", 7.55], ["pricing information-auto-calculate field", 7.526470588235293], ["catch validate fee", 7.507692307692308], ["regular payment amount", 7.300000000000001], ["define application template", 7.213622291021672], ["update exist fee", 7.193406593406594], ["matt product type", 7.151515151515151], ["post / marketdata", 7.142583732057417], ["pricing tab quote", 6.949197860962567], ["verify field input", 6.9125], ["verify field read-only", 6.9125], ["payment > $0", 6.9], ["asset viewer show", 6.867647058823529], ["'' ' default", 6.795238095238095], ["/ marketdata /", 6.721531100478469], ["miss error message", 6.416666666666667], ["verify advance payment", 5.9625], ["read '", 5.4], ["tax applicable", 5.0], ["field exist", 4.95], ["'' 0 ''", 4.857142857142857], ["calculate fee", 4.8076923076923075], ["bp quote", 4.772727272727273], ["additional field", 4.75], ["read scrollintoview", 4.7], ["' require", 4.7], ["enter '", 4.7], ["field validation", 4.6625], ["payment date", 4.65], ["asset viewer", 4.617647058823529], ["/ adddetails", 4.578947368421053], ["duplicate template", 4.529411764705882], ["sample template", 4.529411764705882], ["647 grace period", 4.5], ["create tag", 4.5], ["general tab", 4.5], ["fee type", 4.459207459207459], ["quote pricing", 4.449197860962567], ["error message", 4.416666666666667], ["update asset", 4.4033613445378155], ["advance payment", 4.4], ["general-fee amount", 4.4], ["additional config", 4.4], ["detail row", 4.3809523809523805], ["move validation", 4.3125], ["finance fee", 4.3076923076923075], ["non-finance fee", 4.3076923076923075], ["payment amount", 4.3], ["/ detail", 4.293233082706767], ["asset type", 4.269162210338681], ["payment date-default", 4.233333333333333], ["search set", 4.2], ["rate formula", 4.2], ["pricing information-large", 4.1764705882352935], ["pricing info", 4.1764705882352935], ["principal-applicant type", 4.151515151515151], ["product type", 4.151515151515151], ["/ marketdata", 4.142583732057417], ["asset class", 4.117647058823529], ["equipment asset", 4.117647058823529], ["asset link", 4.117647058823529], ["show expect", 4.107142857142858], ["add pricing-large", 4.0], ["principal-sign officer", 4.0], ["general-include arrears", 4.0], ["general-fee subtype", 4.0], ["customer transactions-", 4.0], ["auto-match tolerance", 4.0], ["save successfully", 4.0], ["min_term formula", 4.0], ["min_remainingterm formula", 4.0], ["min_rate formula", 4.0], ["max_rate formula", 4.0], ["min_arrearcount formula", 4.0], ["shub rt", 4.0], ["2824 summary pdf", 4.0], ["make change", 4.0], ["update application", 3.969924812030075], ["js error", 3.916666666666667], ["entry error", 3.916666666666667], ["error occur", 3.916666666666667], ["verify field", 3.9125], ["payment schedule", 3.9], ["payment scenario", 3.9], ["verify fee", 3.8701923076923075], ["application pricing", 3.8606811145510833], ["configuration fee", 3.8076923076923075], ["resubmit application", 3.6842105263157894], ["application submission", 3.6842105263157894], ["model default", 3.666666666666667], ["verification default", 3.666666666666667], ["instrument general", 3.666666666666667], ["marketdata refactor", 3.5636363636363635], ["mandatory field", 3.55], ["user edit", 3.5], ["pricing-additional configuration", 3.5], ["verify default", 3.229166666666667], ["remove application", 3.0175438596491224], ["verify large", 2.8125], ["'' 0", 2.4285714285714284], ["field", 2.35], ["monthly", 2.3333333333333335], ["quarterly", 2.3333333333333335], ["semi-annual", 2.3333333333333335], ["residual", 2.3333333333333335], ["validation", 2.3125], ["fee", 2.3076923076923075], ["quote", 2.272727272727273], ["validate", 2.2], ["009 rate", 2.2], ["pricing", 2.176470588235294], ["> 50", 2.0], ["miss", 2.0], ["option", 2.0], ["product", 2.0], ["error", 1.9166666666666667], ["payment", 1.9], ["expect", 1.8571428571428572], ["detail", 1.7142857142857142], ["application", 1.6842105263157894], ["default", 1.6666666666666667], ["instrument", 1.6666666666666667], ["marketdata", 1.5636363636363637], ["verify", 1.5625], ["configuration", 1.5], ["user", 1.5], ["remove", 1.3333333333333333], ["113706 remove", 1.3333333333333333], ["large", 1.25], ["mandatory", 1.2], ["low", 1.0], ["amount-default", 1.0], ["quotes-pricing", 1.0], ["payment-default", 1.0], ["med", 1.0], ["applications-application", 1.0], ["automate", 1.0], ["contact", 1.0], ["import", 1.0], ["fees-fee", 1.0], ["general-finance", 1.0], ["sql", 1.0], ["organization", 1.0], ["note", 1.0], ["core", 1.0], ["utilization", 1.0], ["assetlinks", 1.0], ["base", 1.0], ["blank", 1.0], ["api", 1.0], ["invalid", 1.0], ["payment_desc", 1.0], ["bulkmbsprice", 1.0], ["origination-pricing", 1.0], ["correct 5", 1.0], ["notify", 1.0], ["bug 113267", 1.0], ["bug 139963", 1.0], ["bug 108226", 1.0], ["bug 110537", 1.0], ["bp-application", 1.0], ["highlight", 1.0], ["filter", 1.0], ["return", 1.0], ["147", 0], ["483", 0]]}}}