{"task": "extract_topic_keywords", "client_id": "azure-taosolutions", "status": "Success", "result": {"topic_id": {"0": 22}, "topic_keywords": {"0": [["gray reverse change", 9.0], ["fileimportcmhc2840maturity store procedure", 9.0], ["risk rating dashboard", 9.0], ["main index column", 8.821428571428571], ["run date time", 8.666666666666666], ["status toggle button", 8.5], ["step tooltip detail", 8.446153846153846], ["tooltip message display", 8.401709401709402], ["risk rating template", 8.333333333333334], ["provide send email", 8.2], ["column field column", 8.142857142857142], ["engine process manager", 8.142857142857142], ["risk rating loan", 8.076923076923077], ["header row display", 8.055555555555555], ["pal facility document", 8.0], ["grand total column", 7.946428571428571], ["mortgage flag '", 7.928571428571429], ["' invalid '", 7.857142857142858], ["search set column", 7.821428571428571], ["datum type long", 7.785714285714286], ["subject property condo", 7.642857142857142], ["search set grouping", 7.0], ["formula cutoff date", 6.666666666666666], ["negative threshold display", 6.555555555555555], ["step tooltip", 5.446153846153846], ["cutoff date", 5.166666666666666], ["row display", 5.055555555555555], ["search set", 5.0], ["pal facility", 5.0], ["total column", 4.946428571428571], ["' condo", 4.928571428571429], ["' toggle", 4.928571428571429], ["field '", 4.928571428571429], ["enable column", 4.821428571428571], ["datum type", 4.785714285714286], ["mortgage asset", 4.5], ["description field", 4.5], ["require field", 4.5], ["' empty", 4.428571428571429], ["<= threshold", 4.333333333333334], ["> threshold", 4.333333333333334], ["report template", 4.333333333333334], ["exist template", 4.333333333333334], ["product type", 4.285714285714286], ["loan property", 4.21978021978022], ["email address", 4.2], ["extend property", 4.142857142857142], ["loan browser", 4.076923076923077], ["loan cf", 4.076923076923077], ["reserve loan", 4.076923076923077], ["loan setting", 4.076923076923077], ["asset viewer", 4.0], ["equipment asset", 4.0], ["asset browser", 4.0], ["start letter", 4.0], ["character letter", 4.0], ["space underline", 4.0], ["30-day avg", 4.0], ["90-day avg", 4.0], ["180-day avg", 4.0], ["arrow move", 4.0], ["pool administration", 4.0], ["bastien escaich", 4.0], ["general tab", 4.0], ["riskratingloanstore table", 4.0], ["error show", 4.0], ["update properly", 4.0], ["modal window", 4.0], ["tooltips test", 4.0], ["validation maximum", 4.0], ["string length", 4.0], ["insurance id", 4.0], ["trace enable", 4.0], ["error raise", 4.0], ["2840 maturity upload", 4.0], ["affordability balance", 4.0], ["general ui", 4.0], ["body report", 4.0], ["rmbs program", 4.0], ["save successfully", 4.0], ["system setup", 4.0], ["pool management", 4.0], ["cht price", 4.0], ["navigation bar", 4.0], ["email option", 3.866666666666667], ["select country", 3.5], ["loan number", 3.4102564102564106], ["favourite formula", 3.0], ["display", 2.5555555555555554], ["process", 2.142857142857143], ["total", 2.125], ["grouping", 2.0], ["negative", 1.6666666666666667], ["option", 1.6666666666666667], ["favourite", 1.5], ["formula", 1.5], ["select", 1.5], ["number", 1.3333333333333333], ["med", 1.0], ["high", 1.0], ["ensure", 1.0], ["collateral", 1.0], ["default", 1.0], ["rate", 1.0], ["< 1000", 1.0], ["enter", 1.0], ["null", 1.0], ["automatically", 1.0], ["user", 1.0], ["insurer", 1.0], ["borrower", 1.0], ["count", 1.0], ["loandetails", 1.0], ["footer", 1.0], ["edit", 1.0], ["funding", 1.0], ["discharge", 1.0], ["datatype", 1.0], ["verify", 1.0], ["bug 113808", 1.0], ["bug 112720", 1.0], ["low", 1.0], ["match", 1.0], ["read-only", 1.0], ["finalize", 1.0], ["modify", 1.0], ["2147483647", 0], ["255", 0]]}}}