{"task": "extract_topic_keywords", "client_id": "azure-taosolutions", "status": "Success", "result": {"topic_id": {"0": 43}, "topic_keywords": {"0": [["weight average face", 9.0], ["gen = manual", 9.0], ["compress editable add", 9.0], ["valuation method dropdown", 9.0], ["migrate pooltypefees poolfees", 9.0], ["act formula bug", 9.0], ["external datum management", 8.692307692307693], ["datum cross reference", 8.688888888888888], ["automation file path", 8.6], ["search template dropdown", 8.6], ["external reference insurancetype", 8.581196581196581], ["datum crossreference '", 8.5], ["delete button activate", 8.5], ["tooltip read ''", 8.380952380952381], ["file export definition", 8.1], ["yield index spread", 8.0], ["' set '", 8.0], ["calculation result negative", 8.0], ["issuer number pool", 8.0], ["close reopen verify", 8.0], ["tooltip show hover", 8.0], ["pre-fund process button", 7.925925925925926], ["list filter column", 7.833333333333332], ["clickable attachment tab", 7.666666666666667], ["pool type issuer", 7.642857142857142], ["administration job scheduler", 7.489510489510489], ["pair external internal", 7.3589743589743595], ["require field ''", 7.333333333333332], ["list group column", 7.333333333333332], ["job definition delete", 7.3076923076923075], ["enter cmhc number", 7.3], ["present field empty", 7.166666666666666], ["pattern mandatory field", 6.666666666666666], ["pool type status", 6.642857142857142], ["process job scheduler", 6.415436415436415], ["tranche pool term", 6.333333333333333], ["cross reference", 5.688888888888888], ["give error user", 5.520979020979022], ["tooltip ''", 5.380952380952381], ["' external", 5.1923076923076925], ["column filter", 5.166666666666666], ["number pool", 5.0], ["' show", 4.785714285714286], ["display list", 4.666666666666666], ["require field", 4.666666666666666], ["search box", 4.6], ["mandatory tooltips", 4.5], ["pool owner", 4.5], ["mature pool", 4.5], ["job scheduler", 4.489510489510489], ["process definition", 4.425925925925926], ["show red", 4.285714285714286], ["asset type", 4.142857142857142], ["test time", 4.0], ["grand total", 4.0], ["store procedure", 4.0], ["mortgage asset", 4.0], ["warning detect", 4.0], ["box red", 4.0], ["rmbs program", 4.0], ["application time", 4.0], ["remittance finalize", 4.0], ["process complete", 3.9259259259259256], ["tranche balance", 3.833333333333333], ["' default", 3.738095238095238], ["error detect", 3.3846153846153846], ["error throw", 3.3846153846153846], ["/ default", 3.238095238095238], ["click month", 2.833333333333333], ["file", 2.6], ["delete", 2.5], ["user select", 2.2132867132867133], ["field", 2.1666666666666665], ["yield", 2.0], ["term", 2.0], ["pattern", 2.0], ["negative", 2.0], ["status", 2.0], ["group", 2.0], ["present", 2.0], ["verify", 2.0], ["process", 1.9259259259259258], ["tranche", 1.8333333333333333], ["enter", 1.8], ["internal", 1.6666666666666667], ["attachment", 1.6666666666666667], ["month", 1.5], ["error", 1.3846153846153846], ["click", 1.3333333333333333], ["default", 1.2380952380952381], ["user", 1.1363636363636365], ["select", 1.0769230769230769], ["validate", 1.0], ["provide", 1.0], ["row", 1.0], ["create", 1.0], ["view", 1.0], ["workflow", 1.0], ["n_interestbasis", 1.0], ["mortgagehub", 1.0], ["header", 1.0], ["administrator", 1.0], ["land", 1.0], ["boe", 1.0], ["esma", 1.0], ["vcurrent", 1.0], ["visible", 1.0]]}}}