{"task": "extract_topic_keywords", "client_id": "azure-taosolutions", "status": "Success", "result": {"topic_id": {"0": 15}, "topic_keywords": {"0": [["bvd uat r11", 9.0], ["reload discard modification", 9.0], ["sql table datatypes", 9.0], ["blank search list", 9.0], ["delete action disable", 8.88888888888889], ["lease import unit", 8.846153846153847], ["lease import payment", 8.846153846153847], ["button work properly", 8.666666666666666], ["job definition scheduler", 8.642857142857142], ["client change requirement", 8.571428571428571], ["' yyyymmddhhmmss '", 8.5], ["' yymmdd_hhmmss '", 8.5], ["view bai file", 8.413793103448276], ["bai file manager", 8.413793103448276], ["warn message show", 8.4], ["ready datum transformation", 8.377358490566039], ["schedule enable set", 8.333333333333334], ["move history complete", 8.333333333333334], ["export-additional header row", 8.333333333333334], ["delete bai file", 8.302681992337165], ["additional change require", 8.238095238095237], ["external datum management", 8.177358490566037], ["delete file import", 8.148835838491012], ["datum type string", 8.127358490566039], ["configurable datum type", 8.127358490566039], ["grand total column", 8.125], ["ready datum integration", 8.104631217838765], ["datum integration timeout", 8.104631217838765], ["file import management", 8.059946949602121], ["bai file viewer", 8.013793103448275], ["add require formula", 8.0], ["settlement instruction tab", 8.0], ["file column definition", 7.967364532019705], ["supply valid pool", 7.9375], ["user multiselect insurer", 7.857142857142858], ["extract match define", 7.857142857142858], ["esignature datum export", 7.853548966756514], ["corra index file", 7.842364532019705], ["administration job scheduler", 7.825396825396826], ["file export definition", 7.818555008210181], ["click bai file", 7.813793103448276], ["engine process manager", 7.8], ["datum fee file", 7.7911515940143135], ["process job scheduler", 7.714285714285715], ["date file correct", 7.707910750507099], ["assign ssis show", 7.666666666666666], ["ahead system date", 7.627450980392157], ["poolcusipisin_ file upload", 7.613793103448276], ["great maturity date", 7.4607843137254894], ["order datum source", 7.444025157232705], ["cmb reinvestment viewer", 7.433333333333334], ["static datum script", 7.429990069513407], ["create sp rdl", 7.333333333333333], ["' save change", 7.321428571428571], ["click extract button", 7.257142857142857], ["entity external trust", 7.119047619047619], ["accounting instrument template", 7.1], ["file integrate successfully", 7.080459770114943], ["select insurance extract", 7.079365079365079], ["verify file type", 6.997126436781609], ["datum cross reference", 6.777358490566038], ["add contact group", 6.660256410256411], ["validate extract file", 6.6042692939244665], ["existent upload source", 6.6], ["user upload file", 6.470935960591133], ["interface long date", 6.294117647058823], ["great issue date", 6.294117647058823], ["create multiple instrument", 6.2666666666666675], ["statistic datum ingestion", 6.197871311078858], ["job scheduler", 5.714285714285714], ["file import", 5.2599469496021225], ["change require", 5.238095238095238], ["total column", 5.125], ["group delete", 4.965811965811966], ["maturity date", 4.96078431372549], ["import-manage definition", 4.928571428571429], ["export file", 4.889983579638752], ["file export", 4.889983579638752], ["import sequence", 4.846153846153847], ["funding engine", 4.8], ["generation '", 4.75], ["mm '", 4.75], ["transaction type", 4.75], ["validate file", 4.74712643678161], ["pool management", 4.7375], ["await integration", 4.727272727272727], ["file date", 4.707910750507099], ["date file", 4.707910750507099], ["export select", 4.698412698412699], ["ssis assign", 4.666666666666666], ["constraint properly", 4.666666666666666], ["system date", 4.627450980392156], ["file upload", 4.613793103448276], ["upload file", 4.613793103448276], ["cmb administration", 4.611111111111111], ["instrument general", 4.6], ["add contact", 4.583333333333334], ["save change", 4.571428571428571], ["datum ingestion", 4.531204644412192], ["great start", 4.5], ["datum source", 4.444025157232705], ["static datum", 4.429990069513407], ["tb file", 4.413793103448276], ["interface file", 4.413793103448276], ["funding file", 4.413793103448276], ["cross reference", 4.4], ["message pop", 4.4], ["click arrow", 4.4], ["datum feed", 4.377358490566038], ["datum element", 4.377358490566038], ["datum crossreference", 4.377358490566038], ["category header", 4.333333333333334], ["multiple criterion", 4.333333333333334], ["warehouse trust", 4.333333333333334], ["existent cusip", 4.333333333333334], ["validate user1", 4.333333333333334], ["coupon date", 4.294117647058823], ["date format", 4.294117647058823], ["verify system", 4.166666666666667], ["assign ssi", 4.166666666666666], ["user select", 4.079365079365079], ["group details-name", 4.076923076923077], ["mortgagehub source", 4.066666666666666], ["securehub source", 4.066666666666666], ["entity select", 4.007936507936508], ["line 27 ignore", 4.0], ["bastien escaich", 4.0], ["long functional", 4.0], ["metro finance", 4.0], ["jon pocock", 4.0], ["single criterion", 4.0], ["chart account", 4.0], ["cash flow", 4.0], ["nest operator", 4.0], ["fixe length", 4.0], ["shub rt", 4.0], ["james coyle", 4.0], ["exclude app", 4.0], ["screen accessible", 4.0], ["line 17 ignore", 4.0], ["time portion", 4.0], ["store procedure", 4.0], ["security role", 4.0], ["ar aging", 4.0], ["early termination", 4.0], ["partial paydowns", 4.0], ["reserve recovery", 4.0], ["file error", 3.976293103448276], ["error message", 3.9625], ["party pool", 3.9375], ["wearhouse pool", 3.9375], ["entity group", 3.862637362637363], ["user load", 3.857142857142857], ["verify ''", 3.833333333333333], ["entity test", 3.7857142857142856], ["loan diversification", 3.666666666666667], ["result error", 3.5625], ["screen error", 3.5625], ["error throw", 3.5625], ["reproduce issue", 3.5], ["outstand issue", 3.5], ["outstand issue 2", 3.5], ["accounting matrix", 3.5], ["accounting book", 3.5], ["ui low", 3.5], ["cmhc number", 3.4], ["reuse create", 3.333333333333333], ["special character", 3.25], ["/ internal", 3.2], ["verify duplicate", 2.9761904761904763], ["viewer", 2.6], ["corra", 2.4285714285714284], ["file", 2.413793103448276], ["reinvestment", 2.3333333333333335], ["move", 2.3333333333333335], ["add", 2.3333333333333335], ["enable", 2.3333333333333335], ["date", 2.2941176470588234], ["contact", 2.25], ["upload", 2.2], ["administration", 2.111111111111111], ["group", 2.076923076923077], ["interface", 2.0], ["process", 2.0], ["tab", 2.0], ["save", 2.0], ["long", 2.0], ["pool", 1.9375], ["extract", 1.8571428571428572], ["user", 1.8571428571428572], ["verify", 1.8333333333333333], ["entity", 1.7857142857142858], ["loan", 1.6666666666666667], ["successfully", 1.6666666666666667], ["statistic", 1.6666666666666667], ["error", 1.5625], ["low", 1.5], ["accounting", 1.5], ["issue", 1.5], ["issue 2", 1.5], ["issue 3", 1.5], ["number", 1.4], ["create", 1.3333333333333333], ["character", 1.25], ["internal", 1.2], ["duplicate", 1.1428571428571428], ["restore", 1.0], ["corra_", 1.0], ["110798 update", 1.0], ["core", 1.0], ["high", 1.0], ["configuration", 1.0], ["groups-group", 1.0], [">= 0", 1.0], ["end", 1.0], ["step", 1.0], ["generate", 1.0], ["scale", 1.0], ["separator", 1.0], ["rbcct", 1.0], ["populate", 1.0], ["med", 1.0], ["config", 1.0], ["essential", 1.0], ["option", 1.0], ["successful", 1.0], ["cuisip", 1.0], ["max_creditscore", 1.0], ["max_qualifyingcreditscore", 1.0], ["creditscore", 1.0], ["tpp", 1.0], ["warning", 1.0], ["symbol", 1.0], ["enter", 1.0], ["field", 1.0], ["empty", 1.0], ["conversion", 1.0], ["range 1 2", 1.0], ["corra_compounded_index", 1.0], ["final 2824", 1.0], ["remittance", 1.0], ["mhub", 1.0], ["drop", 1.0], ["permission", 1.0], ["user2", 1.0], ["provide", 1.0], ["setting", 1.0], ["eqb", 1.0], ["bug 111137", 1.0], ["100", 0], ["147", 0], ["483", 0], ["647", 0], ["2840", 0], ["120662", 0], ["2824", 0]]}}}