{"task": "extract_topic_keywords", "client_id": "azure-taosolutions", "status": "Success", "result": {"topic_id": {"0": 18}, "topic_keywords": {"0": [["viewmodel send client", 9.0], ["access client-side script", 9.0], ["pass server validation", 9.0], ["prepayment assumption rate", 9.0], ["audit trace element", 8.928571428571429], ["audit code interface", 8.928571428571429], ["screen open error", 8.88888888888889], ["open screen error", 8.88888888888889], ["log store properly", 8.714285714285715], ["audit trace browser", 8.678571428571429], ["ensure range overlap", 8.5], ["filter by-system date", 8.333333333333334], ["single select field", 8.290322580645162], ["enable authentication turn", 8.285714285714286], ["audittraces table optimization", 8.285714285714285], ["audit trace management", 8.261904761904763], ["reuse delete username", 8.127777777777778], ["change tag colour", 8.11111111111111], ["success message display", 8.0], ["processes- job scheduler", 8.0], ["error return user", 7.985976267529666], ["screen display button", 7.9], ["file path override", 7.833333333333334], ["overlap term disallow", 7.833333333333334], ["widow authentication user", 7.811373092926491], ["update css home", 7.714285714285714], ["table ingestion program", 7.654135338345864], ["login \u2018 remember", 7.619047619047619], ["login component present", 7.619047619047619], ["login screen close", 7.619047619047619], ["rate table permission", 7.619047619047619], ["update css pool", 7.464285714285714], ["validate password info", 7.461538461538462], ["add sponsor field", 7.456989247311828], ["reuse delete role", 7.447132616487455], ["finalize mandate engine", 7.444444444444445], ["array list explicitly", 7.444444444444445], ["selection user list", 7.43042071197411], ["process manual journal", 7.312931034482759], ["update css user", 7.311373092926491], ["home user log", 7.311373092926491], ["manage user '", 7.297087378640777], ["settlement entity field", 7.290322580645162], ["\u2019 button click", 7.275], ["create entry error", 7.222222222222221], ["delete exist user", 7.154779686333084], ["enter field save", 7.123655913978495], ["column change position", 7.111111111111111], ["program loan tab", 7.05023923444976], ["loan additional field", 6.900712191034772], ["update syndicate role", 6.8836405529953915], ["dirty indicator '", 6.866666666666667], ["bvd user account", 6.819309600862999], ["verify correct user", 6.733451015004413], ["verify user fetch", 6.733451015004413], ["login-admin user login", 6.716134997688396], ["status require approval", 6.552136752136752], ["create user prompt", 6.43042071197411], ["post / holidaycalendar", 6.4], ["user role permission", 6.349775550683788], ["administration job scheduler", 6.222222222222222], ["change password user", 6.169736951290349], ["password change user", 6.169736951290349], ["user reverse array", 5.608198489751888], ["array function append", 5.461111111111111], ["error message", 5.388888888888889], ["update overlap", 5.214285714285714], ["audit table", 5.2142857142857135], ["manual journal", 5.175], ["settlement entity", 5.0], ["job scheduler", 5.0], ["loan browser", 4.931818181818182], ["post journal", 4.875], ["path override", 4.833333333333334], ["log user", 4.811373092926491], ["' enable", 4.771428571428572], ["approval require", 4.752136752136752], ["additional field", 4.71889400921659], ["delete role", 4.669354838709678], ["user enable", 4.668515950069349], ["dirty indicator", 4.666666666666667], ["add overlap", 4.666666666666666], ["validate cookie", 4.5], ["redirect home", 4.5], ["/ holiday", 4.5], ["general tab", 4.5], ["save successfully", 4.5], ["field '", 4.490322580645161], ["delete account", 4.472222222222222], ["mandate engine", 4.444444444444445], ["log account", 4.436507936507937], ["user permission", 4.43042071197411], ["additional property", 4.428571428571429], ["approve journal", 4.375], ["rmbs program", 4.368421052631579], ["set path", 4.333333333333334], ["check permission", 4.333333333333334], ["deal management", 4.333333333333334], ["system permission", 4.333333333333334], ["column filter", 4.333333333333334], ["list environment", 4.333333333333334], ["previous term", 4.333333333333334], ["approval request", 4.3076923076923075], ["field empty", 4.290322580645162], ["field section", 4.290322580645162], ["money field", 4.290322580645162], ["button click", 4.275], ["role permission", 4.252688172043011], ["password field", 4.251861042183623], ["pool construction", 4.25], ["exist role", 4.2270471464019845], ["' condo", 4.2], ["loan cf", 4.181818181818182], ["loan cfs", 4.181818181818182], ["loan property", 4.181818181818182], ["syndicate role", 4.169354838709678], ["unable add", 4.166666666666666], ["process type", 4.137931034482758], ["role '", 4.119354838709677], ["login home", 4.119047619047619], ["mandate template", 4.111111111111111], ["user accounts-user", 4.097087378640777], ["user details-originatior", 4.097087378640777], ["user details-enable", 4.097087378640777], ["provide user", 4.097087378640777], ["user disable", 4.097087378640777], ["click '", 4.075], ["change password", 4.072649572649572], ["exist account", 4.02991452991453], ["user role", 4.016442217350454], ["appdata local", 4.0], ["james coyle", 4.0], ["bastien escaich", 4.0], ["move group", 4.0], ["handle null", 4.0], ["jon pocock", 4.0], ["month history", 4.0], ["sign re-login", 4.0], ["cp deal", 4.0], ["shub rt", 4.0], ["mazher uddin", 4.0], ["integrate splunk", 4.0], ["provide identical", 4.0], ["workflow-grid view", 4.0], ["set deny", 4.0], ["b_delete = 0", 4.0], ["i_ownertype = 131072", 4.0], ["'' 1 ''", 4.0], ["'' 0 ''", 4.0], ["extend property", 4.0], ["toggle set", 4.0], ["james zhu", 4.0], ["item found", 4.0], ["provide password", 3.9615384615384617], ["password ''", 3.9615384615384617], ["encrypt password", 3.9615384615384617], ["array function", 3.9611111111111112], ["user account", 3.819309600862999], ["user logout", 3.7637540453074436], ["verify user", 3.7334510150044133], ["chart account", 3.7222222222222223], ["account matrix", 3.7222222222222223], ["apply 22r1", 3.666666666666667], ["field mandatory", 3.623655913978495], ["enter edit", 3.5151515151515156], ["append function", 3.35], ["column sort", 3.333333333333333], ["reuse", 2.7777777777777777], ["authentication", 2.7142857142857144], ["username", 2.6], ["css", 2.5], ["display", 2.5], ["button", 2.4], ["journal", 2.375], ["list", 2.3333333333333335], ["field", 2.2903225806451615], ["table", 2.2857142857142856], ["loan", 2.1818181818181817], ["add", 2.1666666666666665], ["process", 2.1379310344827585], ["change", 2.111111111111111], ["mandate", 2.111111111111111], ["array", 2.111111111111111], ["user", 2.0970873786407767], ["column", 2.0], ["password", 1.9615384615384615], ["role", 1.9193548387096775], ["click", 1.875], ["function", 1.85], ["status", 1.8], ["account", 1.7222222222222223], ["logout", 1.6666666666666667], ["22r1", 1.6666666666666667], ["verify", 1.6363636363636365], ["login", 1.619047619047619], ["append", 1.5], ["reverse", 1.4], ["holidaycalendar", 1.4], ["create", 1.3333333333333333], ["sort", 1.3333333333333333], ["mandatory", 1.3333333333333333], ["administration", 1.2222222222222223], ["edit", 1.1818181818181819], ["med", 1.0], ["report", 1.0], ["reset", 1.0], ["remove", 1.0], ["tdsi", 1.0], ["asgsh 488", 1.0], ["accountdisabled", 1.0], ["originationportalusers", 1.0], ["6 character", 1.0], ["modify", 1.0], ["un-approve", 1.0], ["medium", 1.0], ["api", 1.0], ["invalid", 1.0], ["low", 1.0], ["editable", 1.0], ["investigation", 1.0], ["dbo", 1.0], ["audittracetables", 1.0], ["write", 1.0], ["essential", 1.0], ["negative", 1.0], ["grouping", 1.0], ["core", 1.0], ["default", 1.0], ["drop", 1.0], ["active", 1.0], ["ownerinvestors", 1.0], ["icon", 1.0], ["loanproperty", 1.0], ["bug 134167", 1.0], ["session", 1.0], ["pbi 111977", 1.0], ["automate", 1.0], ["bug 109387", 1.0], ["standardsettlementinstruction", 1.0], ["2 3", 0], ["100", 0]]}}}