{"task": "extract_topic_keywords", "client_id": "azure-taosolutions", "status": "Success", "result": {"topic_id": {"0": 11}, "topic_keywords": {"0": [["magnify class top", 9.0], ["hover magnify glass", 9.0], ["mass delete row", 9.0], ["arrow work properly", 9.0], ["re-coupon delete visible", 9.0], ["holiday '' set", 9.0], ["finalize pdf admin", 9.0], ["closing mhub application", 9.0], ["toggle button set", 8.91304347826087], ["guide open screenshot", 8.8], ["connection test succeed", 8.666666666666666], ["select pdf admin", 8.666666666666666], ["template load properly", 8.61111111111111], ["number approvers list", 8.571428571428571], ["update re-coupon disable", 8.555555555555555], ["update delete disable", 8.555555555555555], ["slider search box", 8.553191489361701], ["avaiable form setion", 8.538461538461538], ["enforce calendar ''", 8.5], ["save work properly", 8.5], ["closing current tab", 8.5], ["allassetwainstrument formula test", 8.444444444444445], ["allliabilitywainstrument formula test", 8.444444444444445], ["save button activate", 8.41304347826087], ["administration job scheduler", 8.4], ["loan management-search set", 8.375], ["bulk loan defer", 8.375], ["user successfully set", 8.297872340425531], ["process job scheduler", 8.25233644859813], ["custodian submission status", 8.222222222222221], ["process manual journal", 8.20105439731608], ["delete unmap role", 8.2], ["rate type clickable", 8.173913043478262], ["view trust transaction", 8.166666666666666], ["load search template", 8.164302600472814], ["selectable search template", 8.164302600472814], ["pool management >>", 8.161290322580644], ["discussion section screenshot", 8.159649122807018], ["toggle button status", 8.135265700483092], ["section regular form", 8.064777327935222], ["original cancellation template", 8.011111111111111], ["report service configuration", 7.913043478260869], ["run report loanproperty", 7.913043478260869], ["save change discard", 7.880952380952381], ["search entry date", 7.807736943907157], ["file tile green", 7.786764705882353], ["engine process manager", 7.77233644859813], ["process impp2020 accrual", 7.752336448598131], ["close formula builder", 7.73015873015873], ["item category change", 7.714285714285715], ["re-coupon button enable", 7.713043478260869], ["user successfully create", 7.697872340425532], ["user successfully approve", 7.697872340425532], ["save search template", 7.664302600472814], ["multiple file time", 7.661764705882353], ["io remain term", 7.641025641025641], ["loan management-loan browser", 7.625], ["sample file attach", 7.611764705882353], ["add search template", 7.592874029044241], ["asset viewer >>", 7.562091503267974], ["system setup-system date", 7.556432246998284], ["compare system date", 7.556432246998284], ["user minimize screen", 7.547872340425532], ["user maximize screen", 7.547872340425532], ["pool tile orange", 7.536290322580645], ["delete pool display", 7.494623655913978], ["workflow-task overview-pool tile", 7.475], ["logo discussion section", 7.459649122807018], ["user enter string", 7.431205673758866], ["datum type long", 7.423913043478261], ["party pool duplication", 7.361290322580645], ["settlement date past", 7.254545454545454], ["grid approval disable", 7.222222222222222], ["update comment enter", 7.212698412698413], ["workflow-ready secure tab", 7.166666666666667], ["update field change", 7.130056323604711], ["tile show form", 7.1134615384615385], ["show content file", 7.1117647058823525], ["sale loan sale", 7.041666666666668], ["mortgage term amortization", 7.025083612040134], ["field change original", 6.974500768049156], ["column change position", 6.936507936507937], ["tax type clickable", 6.840579710144928], ["mortgage term date", 6.7796290665855885], ["option view regenerate", 6.712121212121212], ["commercial paper report", 6.579710144927537], ["group filter column", 6.555555555555555], ["minimum length field", 6.460215053763441], ["minimum letter field", 6.460215053763441], ["' dropdown setting", 6.197647058823529], ["manual journal", 5.948717948717949], ["discussion section", 5.359649122807017], ["search template", 5.164302600472814], ["user enter", 5.097872340425532], ["form section", 5.064777327935222], ["' button", 5.030690537084399], ["loan update", 4.930555555555555], ["original amortization", 4.9], ["logo screenshot", 4.9], ["update screen", 4.805555555555555], ["create approve", 4.8], ["process impp2020", 4.752336448598131], ["search field", 4.746739876458476], ["formula builder", 4.73015873015873], ["commercial paper", 4.666666666666667], ["level approval", 4.666666666666666], ["select statistic", 4.666666666666666], ["internet connection", 4.666666666666666], ["mortgage viewer", 4.661835748792271], ["date create", 4.654545454545454], ["remain term", 4.6410256410256405], ["loan browser", 4.625], ["attach file", 4.6117647058823525], ["exist template", 4.611111111111111], ["add pool", 4.589861751152073], ["sale browser", 4.583333333333334], ["pool file", 4.573055028462997], ["drop list", 4.571428571428571], ["drop-down list", 4.571428571428571], ["search result", 4.553191489361702], ["parent form", 4.538461538461538], ["mortgage term", 4.525083612040134], ["report template", 4.524154589371981], ["settlement engine", 4.52], ["policy enforce", 4.5], ["content viewable", 4.5], ["investor tab", 4.5], ["screen show", 4.45], ["datum type", 4.423913043478261], ["file copy", 4.411764705882353], ["approve reason", 4.4], ["original replacement", 4.4], ["original mapping", 4.4], ["system setting", 4.38188679245283], ["hold change", 4.380952380952381], ["tile expand", 4.375], ["tile resize", 4.375], ["task tile", 4.375], ["party pool", 4.361290322580645], ["mortgage asset", 4.335038363171355], ["sale percent", 4.333333333333334], ["role '", 4.31764705882353], ["report administration", 4.3130434782608695], ["system setup", 4.30188679245283], ["user submit", 4.297872340425532], ["loancount user", 4.297872340425532], ["click user", 4.297872340425532], ["asset type", 4.291560102301791], ["filter-create date", 4.254545454545454], ["date submit", 4.254545454545454], ["execution time", 4.25], ["main screen", 4.25], ["pool setting", 4.241290322580645], ["require status", 4.222222222222222], ["exist role", 4.2], ["show red", 4.2], ["show blank", 4.2], ["path field", 4.193548387096774], ["icon field", 4.193548387096774], ["bigger field", 4.193548387096774], ["funding process", 4.169003115264798], ["workflow-grid view", 4.166666666666666], ["pool overview", 4.161290322580645], ["funding status", 4.138888888888889], ["equipment asset", 4.117647058823529], ["click '", 4.117647058823529], ["show report", 4.11304347826087], ["workflow-task overview", 4.1], ["tao logo", 4.1], ["logo replace", 4.1], ["approver level", 4.0], ["record return", 4.0], ["reject reason", 4.0], ["hold reason", 4.0], ["cmb cmb", 4.0], ["coupon period", 4.0], ["cfs result", 4.0], ["task overview", 4.0], ["workflow-pool overview", 4.0], ["2 business day", 4.0], ["cpta ref", 4.0], ["legal action", 4.0], ["ssrs folder", 4.0], ["internal report", 3.9130434782608696], ["instrument type", 3.8405797101449277], ["static datum", 3.821428571428571], ["selection make", 3.8181818181818183], ["step detail", 3.8], ["grid view", 3.7222222222222223], ["view option", 3.712121212121212], ["sell entity", 3.666666666666667], ["purchase entity", 3.666666666666667], ["reflect mir", 3.666666666666667], ["comment detail", 3.6571428571428575], ["column filter", 3.5555555555555554], ["field maximum", 3.5012406947890815], ["validate loan", 3.5], ["header sort", 3.5], ["workflow-alternate workflow", 3.5], ["workflow-standard workflow", 3.5], ["left side", 3.5], ["numeric symbol", 3.4], ["month year", 3.333333333333333], ["rmbs liability", 3.333333333333333], ["start make", 3.3181818181818183], ["floor face", 3.0], ["instrument general", 2.9333333333333336], ["search", 2.5531914893617023], ["section", 2.526315789473684], ["engine", 2.52], ["save", 2.5], ["amortization", 2.5], ["add", 2.4285714285714284], ["change", 2.380952380952381], ["tile", 2.375], ["loan", 2.375], ["category", 2.3333333333333335], ["string", 2.3333333333333335], ["display", 2.3333333333333335], ["term", 2.3076923076923075], ["user", 2.297872340425532], ["date", 2.2545454545454544], ["process", 2.2523364485981308], ["status", 2.2222222222222223], ["field", 2.193548387096774], ["3 view", 2.1666666666666665], ["pool", 2.161290322580645], ["logo", 2.1], ["filter", 2.0], ["settlement", 2.0], ["dropdown", 2.0], ["funding", 1.9166666666666667], ["report", 1.9130434782608696], ["comment", 1.8571428571428572], ["make", 1.8181818181818181], ["detail", 1.8], ["enable", 1.8], ["entity", 1.6666666666666667], ["tax", 1.6666666666666667], ["secure", 1.6666666666666667], ["instrument", 1.6666666666666667], ["reflect", 1.6666666666666667], ["static", 1.5714285714285714], ["column", 1.5555555555555556], ["grid", 1.5555555555555556], ["option", 1.5454545454545454], ["sort", 1.5], ["workflow", 1.5], ["side", 1.5], ["start", 1.5], ["face", 1.5], ["floor", 1.5], ["numeric", 1.4], ["month", 1.3333333333333333], ["rmbs", 1.3333333333333333], ["maximum", 1.3076923076923077], ["maximum 999", 1.3076923076923077], ["maximum 100", 1.3076923076923077], ["minimum", 1.2666666666666666], ["999900 minimum", 1.2666666666666666], ["999999 minimum", 1.2666666666666666], ["99 minimum", 1.2666666666666666], ["647 minimum", 1.2666666666666666], ["999 minimum", 1.2666666666666666], ["minimum 999", 1.2666666666666666], ["minimum 0", 1.2666666666666666], ["general", 1.2666666666666666], ["validate", 1.125], ["rbccm", 1.0], ["decrease 1", 1.0], ["increase", 1.0], ["unadd", 1.0], ["platform", 1.0], [">= 0", 1.0], ["config", 1.0], ["modify", 1.0], ["fulltc", 1.0], ["verify", 1.0], ["corner", 1.0], ["scale", 1.0], ["season", 1.0], ["batch", 1.0], ["populate", 1.0], ["error", 1.0], ["m_mbsproceeds", 1.0], ["permission", 1.0], ["accessible", 1.0], ["settle", 1.0], ["query", 1.0], ["description", 1.0], ["default", 1.0], ["datetime", 1.0], ["editable", 1.0], ["bylegalaction", 1.0], ["false", 1.0], ["document", 1.0], ["purge-new", 1.0], ["txtype", 1.0], ["feecashtransaction", 1.0], ["table", 1.0], ["000", 0], ["100", 0], ["010", 0], ["001", 0], ["000000000000000", 0], ["000000000000001", 0], ["999", 0], ["999900", 0], ["999999", 0], ["9999", 0], ["147", 0], ["483", 0]]}}}