{"task": "extract_topic_keywords", "client_id": "azure-taosolutions", "status": "Success", "result": {"topic_id": {"0": 45}, "topic_keywords": {"0": [["compliance screen accessible", 9.0], ["enable notification =", 9.0], ["form / report", 9.0], ["rmbs settlement engine", 9.0], ["field flag favourite", 8.833333333333334], ["user minimize screen", 8.8], ["user maximize screen", 8.8], ["' display correct", 8.666666666666666], ["date date field", 8.659420289855072], ["permission edit cmb", 8.6], ["process manual journal", 8.555555555555555], ["engine process manager", 8.555555555555555], ["formula- > rmbsprogramloans", 8.428571428571429], ["main grid group", 8.333333333333332], ["main grid filter", 8.333333333333332], ["' comment '", 8.333333333333332], ["date appraisal date", 8.326086956521738], ["' attachment tab", 8.266666666666666], ["add attachment pool", 8.1], ["attachment description edit", 7.699999999999999], ["download attach file", 7.333333333333333], ["> large market", 7.178571428571429], ["process job scheduler", 6.66031746031746], ["group grid", 5.333333333333333], ["filter grid", 5.333333333333333], ["description download", 5.0], ["field section", 4.833333333333334], ["user search", 4.8], ["' file", 4.5], ["status pool", 4.5], ["attachment file", 4.433333333333334], ["attachment create", 4.266666666666667], ["job scheduler", 4.104761904761904], ["system setup", 4.0], ["exceed max", 4.0], ["projectedremainingamortization formula", 4.0], ["min_projectedremainingamortization formula", 4.0], ["max_projectedremainingamortization formula", 4.0], ["min_preciseremainingterm formula", 4.0], ["max_preciseremainingterm formula", 4.0], ["avg_preciseremainingterm formula", 4.0], ["loan browser", 4.0], ["mortgage viewer", 4.0], ["string length", 4.0], ["long 50 char", 4.0], ["loan identifier", 4.0], ["position 43-44", 4.0], ["social housing", 4.0], ["formula builder", 4.0], ["remain work", 4.0], ["job definition", 3.7714285714285714], ["delete job", 3.7714285714285714], ["save job", 3.7714285714285714], ["exist job", 3.7714285714285714], ["set market", 3.75], ["error message", 3.25], ["date", 2.9130434782608696], ["edit", 2.6], ["process", 2.5555555555555554], ["appraisal", 2.5], ["> 0", 2.4285714285714284], ["file", 1.8333333333333333], ["job", 1.7714285714285714], ["market", 1.75], ["create", 1.6666666666666667], ["error", 1.25], ["column", 1.0], ["select", 1.0], ["verify", 1.0], ["ownership", 1.0], ["visible", 1.0], ["validation", 1.0], ["yield", 1.0], ["reload", 1.0], ["255", 0]]}}}