{"task": "extract_topic_keywords", "client_id": "azure-taosolutions", "status": "Success", "result": {"topic_id": {"0": 36}, "topic_keywords": {"0": [["verification automatically populate", 9.0], ["iad upper limit", 9.0], ["export calendar csv", 9.0], ["pend approval entry", 9.0], ["rmbs settlement engine", 9.0], ["boc qualify rate", 8.90909090909091], ["b20 qualify rate", 8.90909090909091], ["execute sale button", 8.7], ["sale detail input", 8.7], ["un-secure replica pool", 8.545454545454545], ["corra rate pool", 8.454545454545455], ["' deal '", 8.36], ["score show ''", 8.349019607843136], ["nha mbs administration", 8.2], ["administration holiday calendar", 8.2], ["export calendar file", 8.2], ["tooltip display '", 8.18], ["engine process manager", 8.142857142857142], ["type rate fee", 8.014354066985646], ["field datum grid", 8.0], ["error tooltip show", 7.890909090909091], ["error message '", 7.770909090909091], ["user update notification", 7.6923076923076925], ["mandatory field internal", 7.666666666666666], ["change tds gds", 7.571428571428571], ["column ' change", 7.537142857142857], ["type show ''", 7.454282765737874], ["process sale pool", 7.388311688311688], ["string length curve", 7.266666666666667], ["tooltips display '", 7.24060606060606], ["error '' pool", 7.185383244206774], ["'' avg tds", 7.001400560224089], ["'' avg gds", 7.001400560224089], ["/ description field", 6.45], ["user create sale", 6.392307692307693], ["show ''", 5.349019607843137], ["pool sale", 5.245454545454546], ["original rate", 4.909090909090909], ["length '", 4.78], ["' field", 4.68], ["mandatory field", 4.666666666666666], ["error ''", 4.639928698752228], ["pool management", 4.545454545454545], ["800 series pool", 4.545454545454545], ["avg tds", 4.4523809523809526], ["avg gds", 4.4523809523809526], ["string length", 4.266666666666667], ["/ open", 4.25], ["description field", 4.2], ["2840 file download", 4.2], ["decimal type", 4.105263157894736], ["integer type", 4.105263157894736], ["money type", 4.105263157894736], ["percent type", 4.105263157894736], ["type clickable", 4.105263157894736], ["maximum length", 4.1], ["tooltips test", 4.0606060606060606], ["search template", 4.0], ["validation maximum", 4.0], ["maximum nonnegative", 4.0], ["amortization formula", 4.0], ["min_amortization formula", 4.0], ["max_amortization formula", 4.0], ["general tab", 4.0], ["application timeout", 4.0], ["2 character long", 4.0], ["mortgage viewer", 4.0], ["workflow-standard workflow", 4.0], ["july october", 4.0], ["issue date", 4.0], ["require field", 4.0], ["scenario satisifed", 4.0], ["password policy", 4.0], ["top row", 4.0], ["formula builder", 4.0], ["province ''", 3.9597338935574227], ["<= threshold", 3.8181818181818183], ["> threshold", 3.8181818181818183], ["job scheduler", 3.75], ["exist job", 3.75], ["user account", 3.6923076923076925], ["precision validation", 3.5], ["province field", 3.4107142857142856], ["province threshold", 3.228896103896104], ["probability default", 3.0588235294117645], ["display", 2.5], ["administration", 2.2], ["file", 2.2], ["process", 2.142857142857143], ["error", 2.090909090909091], ["field", 2.0], ["create", 2.0], ["column", 1.8571428571428572], ["threshold", 1.8181818181818181], ["job", 1.75], ["user", 1.6923076923076923], ["precision 8", 1.5], ["province", 1.4107142857142858], ["default", 1.0588235294117647], ["add", 1.0], ["source", 1.0], ["equal 50", 1.0], ["select", 1.0], ["verify", 1.0], ["scale 4", 1.0], ["equal", 1.0], ["minute", 1.0], ["relog", 1.0], ["undo", 1.0], ["finalize", 1.0], ["great", 1.0], ["fill", 1.0], ["freeze", 1.0], ["april", 1.0], ["warn", 1.0], ["poolfeeid", 1.0], ["eirpoolfeecashflowperiods", 1.0], ["d_end", 1.0], ["sum", 1.0], ["discussion", 1.0], ["255", 0], ["128", 0], ["250", 0]]}}}