{"task": "extract_topic_keywords", "client_id": "azure-taosolutions", "status": "Success", "result": {"topic_id": {"0": 49}, "topic_keywords": {"0": [["show fee grid", 9.0], ["workflow-task overview-form tile", 9.0], ["file export definition", 9.0], ["run report loanborrowers", 9.0], ["approval definition manager", 9.0], ["'' exclusioncodetype datatype", 9.0], ["secure '' error", 8.8], ["process manual journal", 8.666666666666666], ["editable fee settle", 8.5], ["pool state correct", 8.5], ["finalize pool secure", 8.3], ["secure pool statistic", 8.3], ["pool previously secure", 8.3], ["form task column", 8.285714285714285], ["funding tranche template", 8.0], ["batch setup tab", 8.0], ["additonal field management", 7.875], ["pool task column", 7.785714285714286], ["' delete instrument", 7.766666666666666], ["delete instrument '", 7.766666666666666], ["rule click red", 7.666666666666667], ["subject line email", 7.6], ["dirty indicator disappear", 7.4], ["add cancellation rule", 7.333333333333334], ["additional field savings", 6.930555555555555], ["secure pool", 5.3], ["funding template", 5.0], ["click '", 4.933333333333334], ["process cancell", 4.666666666666666], ["editable gray", 4.5], ["pool type", 4.5], ["dirty indicator", 4.4], ["qa task", 4.285714285714286], ["instrument general", 4.166666666666666], ["rearrange formula", 4.0], ["change make", 4.0], ["record update", 4.0], ["change revert", 4.0], ["enter manually", 4.0], ["asset type", 4.0], ["search criterion", 4.0], ["record gray", 4.0], ["disable edition", 4.0], ["workflow-grid view", 4.0], ["record add", 4.0], ["receive message", 4.0], ["qa work", 4.0], ["additional field", 3.9305555555555554], ["select drop", 3.666666666666667], ["add account", 3.533333333333333], ["notification send", 3.5], ["miss user", 3.4444444444444446], ["disable user", 3.4444444444444446], ["user account", 2.977777777777778], ["pool", 2.5], ["rule", 2.3333333333333335], ["instrument", 2.1666666666666665], ["batch", 2.0], ["add", 2.0], ["field", 1.875], ["select", 1.6666666666666667], ["email", 1.6], ["account", 1.5333333333333334], ["notification", 1.5], ["user", 1.4444444444444444], ["manage", 1.0], [">= 0", 1.0], ["create", 1.0], ["trust", 1.0], ["mortgage", 1.0], ["equipment", 1.0], ["contact", 1.0], ["draft", 1.0], ["entity", 1.0], ["cmbs", 1.0], ["found", 1.0], ["icon", 1.0], ["current", 1.0], ["administration", 1.0], ["security", 1.0], ["database", 1.0], ["i_occupancytype", 1.0], ["long", 1.0]]}}}