{"task": "extract_topic_keywords", "client_id": "azure-taosolutions", "status": "Success", "result": {"topic_id": {"0": 37}, "topic_keywords": {"0": [["cmhc number exist", 9.0], ["amount format money", 9.0], ["nha mbs administration", 9.0], ["corra mbs sell", 9.0], ["ready secure tab", 8.266666666666666], ["administration job scheduler", 8.178571428571429], ["column change position", 8.0], ["workflow-ready secure tab", 7.866666666666667], ["pool ownership assign", 7.504444444444445], ["save work properly", 7.285714285714286], ["ui dev task", 7.069570477918935], ["report dev task", 7.069570477918935], ["user enter pool", 6.492637215528782], ["workflow-ready secure", 5.266666666666667], ["job scheduler", 5.178571428571429], ["ownership assign", 5.0600000000000005], ["entire pool", 4.444444444444445], ["add pool", 4.444444444444445], ["pool management", 4.444444444444445], ["pool sale", 4.444444444444445], ["job definition", 4.428571428571429], ["dev task", 4.069570477918935], ["development task", 4.0344827586206895], ["date curve", 4.0], ["term curve", 4.0], ["total face", 4.0], ["equal project", 4.0], ["graph unchanged", 4.0], ["column sort", 4.0], ["column filter", 4.0], ["max 50 character", 4.0], ["workflow-alternate workflow", 3.9876543209876543], ["workflow-standard workflow", 3.9876543209876543], ["pool freeze", 3.801587301587302], ["2824 summary require", 3.3157894736842106], ["regular 2824 require", 3.3157894736842106], ["regular 2824 finalize", 3.2], ["navigate view", 3.142857142857143], ["freeze 2812 require", 2.672932330827068], ["tab", 2.6], ["freeze 2812 finalize", 2.557142857142857], ["ownership", 2.5], ["column", 2.0], ["workflow", 1.9876543209876543], ["freeze", 1.3571428571428572], ["2812 require", 1.3157894736842106], ["save", 1.2857142857142858], ["2812 finalize", 1.2], ["finalize", 1.2], ["navigate", 1.1428571428571428], ["user", 1.0481927710843373], ["design", 1.0], ["developement", 1.0], ["configuration", 1.0], ["test", 1.0], ["record", 1.0], ["grouping", 1.0], ["display", 1.0]]}}}