{"task": "extract_topic_keywords", "client_id": "azure-taosolutions", "status": "Success", "result": {"topic_id": {"0": 3}, "topic_keywords": {"0": [["expose risk rating", 9.0], ["loss fundingdefinition inheritance", 9.0], ["approve reject approver", 9.0], ["standard settlement instruction", 9.0], ["datatypes exclusioncodetype entry", 9.0], ["auto renewal enhancement", 9.0], ["transactions-commission defer payable", 9.0], ["provide benchmark rate", 8.833333333333334], ["auto reconciliation matrix", 8.8125], ["turfcare uat 22r1", 8.739705882352942], ["turfcare prod 2021r1", 8.730807577268195], ["additional configuration-other downpayment", 8.727272727272727], ["bvd uat r11", 8.715], ["current remittance period", 8.714285714285715], ["turfcare uat r7", 8.708455882352942], ["fixe discount rate", 8.708333333333334], ["turfcare prod r7", 8.699557577268195], ["bvd uat r7", 8.68375], ["aggregate field panel", 8.666666666666666], ["deposit percentage ab", 8.666666666666666], ["money field insert", 8.666666666666666], ["hillary payment direction", 8.636363636363637], ["ifrs lease payment", 8.636363636363637], ["multiple issue found", 8.6], ["project closing balance", 8.6], ["tc uat 22r2", 8.575], ["tc prod 22r2", 8.566101694915254], ["adjust payment scenario", 8.545454545454547], ["turfcare uat 22r2", 8.53970588235294], ["pivotal uat r11", 8.522619047619047], ["bvd uat 22r2", 8.515], ["pivotal prod 2020r2plus", 8.513720742534302], ["bvd prod 22r2", 8.506101694915255], ["credits-obligor unapplied receipt", 8.5], ["credits-guarantor unapplied receipt", 8.5], ["securitization pes post", 8.5], ["pivotal uat r7", 8.491369047619047], ["pivotal prod r7", 8.482470742534302], ["lock / unlock", 8.458333333333334], ["group original ltv", 8.433962264150944], ["'' benchmark rate", 8.433333333333334], ["additional configuration-extra payment", 8.363636363636363], ["additional configuration-interest payment", 8.363636363636363], ["additional configuration-advance payment", 8.363636363636363], ["additional configuration-other payment", 8.363636363636363], ["apply 2021r7 2022r1", 8.333333333333334], ["asset viewer >>", 8.333333333333334], ["matrix link purchaser", 8.333333333333334], ["pivotal uat 22r2", 8.322619047619046], ["current balance visibility", 8.314285714285715], ["pivotal prod 22r2", 8.3137207425343], ["additional configuration-payment adjustment", 8.298701298701298], ["additional configuration-balance adjustment", 8.298701298701298], ["add exago object", 8.222222222222221], ["' true '", 8.222222222222221], ["' false '", 8.222222222222221], ["recalculate payment scenario", 8.212121212121211], ["commission enhancement fixe", 8.208333333333334], ["cp trade dealer", 8.2], ["remove db completely", 8.166666666666666], ["pivotal memory issue", 8.147619047619047], ["pivotal amortization issue", 8.147619047619047], ["payment processor queue", 8.136363636363637], ["unapplied payment enhancement", 8.136363636363637], ["additional configuration- exception", 8.127272727272727], ["error message prompt", 8.125], ["hillary deal model", 8.094017094017094], ["program exist deal", 8.094017094017094], ["general uat r7", 8.06875], ["update exist role", 8.066666666666666], ["/ regular transaction", 8.04828660436137], ["instrument current period", 8.047619047619047], ["move portfolio assignment", 8.0], ["rbc eft file", 8.0], ["seller sale balance", 8.0], ["schedule group ltv", 7.97562893081761], ["show payment arrears", 7.96969696969697], ["payment date fall", 7.954545454545455], ["datafix update visibility", 7.9], ["tc cancell deal", 7.894017094017094], ["remove regular transaction", 7.881619937694703], ["monthly payment amount", 7.86217008797654], ["recalculate payment schedule", 7.844696969696969], ["edit exist group", 7.833962264150944], ["refund-unapplied payment refund", 7.818181818181818], ["iis lock leasespark", 7.791666666666666], ["row payment schedule", 7.778030303030302], ["payment schedule balance", 7.778030303030302], ["leasespark security issue", 7.766666666666666], ["tab popup control", 7.717948717948719], ["auto generate invoice", 7.708333333333334], ["process impp2020 accrual", 7.705882352941177], ["booking details-first payment", 7.698863636363637], ["user allocate receipt", 7.695652173913043], ["deal payment scenario", 7.6394716394716395], ["return document engine", 7.6375], ["book interest rate", 7.636904761904763], ["transaction balance reconciliation", 7.627453271028037], ["exit funding engine", 7.6244918699187], ["sit-shub-316 funding group", 7.620954134069644], ["114283- funding group", 7.620954134069644], ["remove contact group", 7.60062893081761], ["funding engine uat", 7.599491869918699], ["add additional payment", 7.5858585858585865], ["lock pricing scenario", 7.5725524475524475], ["payment date '", 7.565656565656566], ["obtain perform payout", 7.5636363636363635], ["funding definition clean", 7.550628233555063], ["nsf outstand transaction", 7.548286604361371], ["incorrect date transaction", 7.533135089209855], ["datum fix script", 7.472222222222222], ["collateral mileage field", 7.466666666666667], ["verify boolean flag", 7.466216216216216], ["commission error message", 7.458333333333334], ["geolin datafixed deal", 7.427350427350428], ["deal load correctly", 7.427350427350428], ["enter pricing tab", 7.423076923076923], ["2022r2 funding transaction", 7.4019451409467365], ["payment schedule amendment", 7.400252525252525], ["refund transaction complete", 7.3967714528462185], ["calculation payment schedule", 7.378030303030302], ["portfolio definition title", 7.363636363636363], ["2021r7 geolin feature", 7.333333333333334], ["2022r2 geolin accounting", 7.333333333333334], ["show arrears report", 7.333333333333334], ["purchaser sale balance", 7.333333333333334], ["undo finalize funding", 7.329849012775842], ["refund unapplied payment", 7.318181818181818], ["issue pricing residual", 7.305128205128204], ["scenario deal administration", 7.282177770549865], ["dynamic double tax", 7.272727272727273], ["portfolio datum script", 7.222222222222222], ["combination set datum", 7.222222222222222], ["pricing payment schedule", 7.216491841491841], ["transaction apply deposit", 7.214953271028037], ["sgbm-loan transaction report", 7.214953271028037], ["payout payment scenario-tax", 7.2], ["handling delete transaction", 7.185541506322155], ["refer detail step", 7.166666666666666], ["tax exempt amount", 7.1652003910068425], ["verify list display", 7.132882882882882], ["unexpected error throw", 7.125], ["datafix update transaction", 7.114953271028037], ["additional advance payment", 7.113636363636363], ["nbv sync deal", 7.094017094017094], ["payment amount transaction", 7.077123359004576], ["verify '' approve", 7.066216216216216], ["verify lease row", 7.066216216216215], ["datafix reverse payout", 7.0636363636363635], ["enhancement / bug", 7.030701754385966], ["bug / enhancement", 7.030701754385965], ["accrue interest calculation", 7.0285714285714285], ["update funding group", 7.020954134069642], ["verify payment scenario", 7.011670761670762], ["origination / pricing", 6.971794871794872], ["verify unapplied receipt", 6.966216216216216], ["approval funding engine", 6.957825203252033], ["incorrectly calculate deal", 6.927350427350428], ["geolin undo payout", 6.896969696969697], ["payment change large", 6.886363636363637], ["require funding condition", 6.853658536585366], ["add funding engine", 6.846714092140921], ["commission amount pay", 6.844854070660522], ["add trust '", 6.833333333333334], ["miss historical date", 6.818181818181818], ["deal tab show", 6.811965811965813], ["broker verify broker", 6.79954954954955], ["lock deal type", 6.787982611258473], ["refund transaction generate", 6.7717714528462185], ["finalize funding engine", 6.767349012775842], ["journal funding type", 6.755957387160079], ["pivotal deal origination", 6.741636141636141], ["grid fee tab", 6.717948717948719], ["principal amount pay", 6.711520737327189], ["book funding finalize", 6.704849012775842], ["verify payment row", 6.702579852579852], ["verify conduit add", 6.688438438438438], ["geolin fix deal", 6.677350427350428], ["funding disbursement transaction", 6.6519451409467365], ["bvd partial payout", 6.636969696969698], ["add funding transaction", 6.624167363168958], ["trust funding group", 6.620954134069644], ["delete funding group", 6.591542369363761], ["funding group delete", 6.5915423693637605], ["generate fee transaction", 6.589953271028037], ["transaction deal administration", 6.5880401324869915], ["deal administration detail", 6.539753528125621], ["delete funding definition", 6.521216468849181], ["delete tax row", 6.509982174688057], ["geolin r7 bug", 6.499451754385966], ["residual amount payout", 6.4561094819159335], ["save administration term", 6.412403100775194], ["deal type add", 6.385204833480696], ["verify ' amount", 6.30313377894023], ["deal booking finalize", 6.299374236874236], ["verify accrue interest", 6.294787644787645], ["bug datum fixe", 6.294590643274854], ["funding process update", 6.292874222859876], ["booking booking detail", 6.291666666666666], ["day month default", 6.083333333333334], ["accounting configuration grid", 5.948717948717949], ["delete entity group", 5.935800499445062], ["prod prod", 5.932203389830509], ["full payout report", 5.896969696969697], ["verify pricing tab", 5.889293139293139], ["deal document verify", 5.7602333102333105], ["turfcare r7", 5.733455882352941], ["bvd uat 11", 5.715], ["create system administration", 5.689784053156146], ["tc 22r2", 5.6], ["payment scenario", 5.545454545454545], ["bvd 22r2", 5.54], ["pivotal 22r2", 5.347619047619047], ["partial payout execute", 5.296969696969697], ["'' display", 5.266666666666667], ["commission fixe", 5.208333333333334], ["payment schedule", 5.178030303030303], ["schedule payment", 5.178030303030303], ["remove contact", 5.166666666666666], ["payment processor", 5.136363636363637], ["unapplied payment", 5.136363636363637], ["update role", 5.066666666666666], ["/ transaction", 5.048286604361371], ["add reconciliation", 5.034722222222222], ["geolin broker", 5.0], ["post journal", 5.0], ["payment date", 4.954545454545455], ["recalculate amount", 4.89247311827957], ["residual amount 0", 4.89247311827957], ["amendment verify bug", 4.88580685949107], ["principal payment", 4.836363636363636], ["bvd deal 21396", 4.834017094017094], ["commision rate", 4.833333333333334], ["rate code", 4.833333333333334], ["accrue interest", 4.828571428571428], ["reconciliation report", 4.8125], ["update exception", 4.8], ["group control", 4.767295597484277], ["turfcare uatr7", 4.764705882352941], ["turfcare prod-22r2", 4.764705882352941], ["turfcare phase3", 4.764705882352941], ["calculate sale", 4.733333333333333], ["additional work", 4.727272727272727], ["additional configuration-deposit", 4.727272727272727], ["additional configuration-fee", 4.727272727272727], ["lock deal", 4.719017094017094], ["pay interest", 4.7142857142857135], ["approval require", 4.666666666666667], ["correctly show", 4.666666666666667], ["credits-security deposit", 4.666666666666666], ["auto-calculate field", 4.666666666666666], ["dealtransaction field", 4.666666666666666], ["pivotal deal", 4.641636141636141], ["late payment", 4.636363636363637], ["funding engine", 4.6244918699187], ["funding group", 4.620954134069643], ["trust '", 4.611111111111111], ["hover '", 4.611111111111111], ["eft issue", 4.6], ["correct issue", 4.6], ["balance as-at", 4.6], ["start balance", 4.6], ["toggle ''", 4.6], ["datafix deal 2803", 4.594017094017094], ["generate transaction", 4.589953271028037], ["pricing schedule", 4.580128205128204], ["generate document", 4.575], ["delete row", 4.570588235294117], ["geolin add", 4.555555555555555], ["detail tab", 4.551282051282051], ["funding definition", 4.550628233555063], ["transaction grid", 4.548286604361371], ["transaction date", 4.533135089209855], ["funding condition", 4.520325203252033], ["general tab", 4.509615384615385], ["null db", 4.5], ["incorrectly retrieve", 4.5], ["update deal", 4.494017094017094], ["pay principal", 4.485714285714286], ["administration document", 4.47906976744186], ["change add", 4.472222222222222], ["datum fix", 4.472222222222222], ["interest paydowns", 4.428571428571429], ["interest revenue", 4.428571428571429], ["pricing tab", 4.423076923076923], ["current user", 4.409937888198758], ["asset type", 4.402298850574713], ["funding transaction", 4.4019451409467365], ["m_paymentamount update", 4.4], ["edit mortgage", 4.4], ["quick sale", 4.4], ["capping exception", 4.4], ["geminus book", 4.375], ["tax group", 4.373356203544883], ["deal administration", 4.373086861458955], ["delete exception", 4.370588235294118], ["portfolio definition", 4.363636363636363], ["additional configuration", 4.3426573426573425], ["dynamic nbv", 4.333333333333334], ["unable save", 4.333333333333334], ["status default", 4.333333333333334], ["geolin application 9496", 4.333333333333334], ["unamortize commission", 4.333333333333334], ["invoice fee", 4.333333333333334], ["asset owner", 4.333333333333334], ["show screen", 4.333333333333334], ["mortgage asset", 4.333333333333334], ["equipment asset", 4.333333333333334], ["outstand collection", 4.333333333333334], ["toggle default", 4.333333333333334], ["finalize funding", 4.329849012775842], ["funding finalize", 4.329849012775842], ["date format", 4.318181818181818], ["coupon date", 4.318181818181818], ["effective date 1", 4.318181818181818], ["effective date", 4.318181818181818], ["end date", 4.318181818181818], ["deal transaction", 4.308970365045131], ["deal document", 4.294017094017095], ["deal funding", 4.281008963935793], ["booking transaction", 4.277453271028037], ["calculation type", 4.26896551724138], ["funding type", 4.255957387160079], ["change number", 4.25], ["booking detail", 4.229166666666666], ["max amount", 4.225806451612903], ["finance amount", 4.225806451612903], ["correct amount", 4.225806451612903], ["static datum", 4.222222222222222], ["attempt add", 4.222222222222222], ["transaction section", 4.214953271028037], ["unreconciling transaction", 4.214953271028037], ["july transaction", 4.214953271028037], ["transaction screen", 4.214953271028037], ["transaction history", 4.214953271028037], ["transaction ui", 4.214953271028037], ["finalize booking", 4.205357142857142], ["cp maturity", 4.2], ["cp issuance", 4.2], ["principal paydowns", 4.2], ["calculation development", 4.2], ["deal origination", 4.194017094017094], ["unfinalize funding", 4.1869918699187], ["funding projection", 4.1869918699187], ["commitment funding", 4.1869918699187], ["interim funding", 4.1869918699187], ["funding record", 4.1869918699187], ["funding report", 4.1869918699187], ["refund send", 4.181818181818182], ["customer transaction", 4.169498725573492], ["payment entity", 4.167613636363637], ["leasespark report", 4.166666666666666], ["booking-booking detail", 4.166666666666666], ["populate leasespark", 4.166666666666666], ["comment detail", 4.166666666666666], ["leasespark packaging", 4.166666666666666], ["amount tax", 4.1652003910068425], ["tax amount", 4.1652003910068425], ["deal type", 4.162982611258474], ["tax add", 4.161616161616162], ["deal booking", 4.156517094017094], ["tax calculation", 4.13939393939394], ["deal pricing", 4.132478632478632], ["error execution", 4.125], ["trust system", 4.125], ["status 500 error", 4.125], ["system report", 4.125], ["' button", 4.111111111111111], ["deal service", 4.094017094017094], ["terminate deal", 4.094017094017094], ["open deal", 4.094017094017094], ["clone deal", 4.094017094017094], ["cancel deal", 4.094017094017094], ["deal owner", 4.094017094017094], ["deal sales", 4.094017094017094], ["administration term", 4.079069767441861], ["product type", 4.068965517241379], ["investor type", 4.068965517241379], ["verify balance", 4.066216216216216], ["delete deal", 4.064605329311211], ["anand balashanmugam", 4.0], ["turfcareuat 21r7", 4.0], ["jon pocock", 4.0], ["disbursement vendor", 4.0], ["gross profit", 4.0], ["internal cost", 4.0], ["modify parameter", 4.0], ["admin level", 4.0], ["80 profit $3", 4.0], ["bastien escaich", 4.0], ["job run", 4.0], ["finance fee", 4.0], ["james zhu", 4.0], ["clone report", 4.0], ["view report", 4.0], ["issuance paydowns", 4.0], ["total issuance", 4.0], ["submit application", 4.0], ["june 28th", 4.0], ["nim accts", 4.0], ["constant yield", 4.0], ["yield curve", 4.0], ["min_projectedremainingterm formula", 4.0], ["max_projectedremainingterm formula", 4.0], ["populate eft", 4.0], ["pick eft", 4.0], ["dev task", 4.0], ["28th july", 4.0], ["28th june", 4.0], ["eft batch", 4.0], ["workflow-grid view", 4.0], ["workflow-ready secure", 4.0], ["static fee", 4.0], ["time feature", 4.0], ["left empty", 4.0], ["step attach", 4.0], ["delinquency code", 4.0], ["wearhouse pool", 4.0], ["initially fund", 4.0], ["development effort", 4.0], ["month aug", 4.0], ["total profit", 4.0], ["portion thereof", 4.0], ["portfolio ownership", 4.0], ["< min", 4.0], ["set percent", 4.0], ["formula collection", 4.0], ["navigation bar", 4.0], ["attach formula", 4.0], ["pal facility", 4.0], ["datum source", 3.9722222222222223], ["manual test", 3.966666666666667], ["customer transactions-", 3.9545454545454546], ["customer transactions-filter", 3.9545454545454546], ["modify tax", 3.9393939393939394], ["payout generate", 3.9386363636363635], ["partial payout", 3.8969696969696974], ["full payout", 3.8969696969696974], ["deal collateral", 3.8940170940170944], ["funding process", 3.8928742228598754], ["adjustment option", 3.871428571428572], ["verify tab", 3.850831600831601], ["credit condition", 3.8333333333333335], ["collateral level", 3.8], ["deal quote", 3.7606837606837606], ["day month", 3.75], ["advance large", 3.75], ["source owner", 3.75], ["general configuration", 3.7403846153846154], ["process run", 3.7058823529411766], ["eod process", 3.7058823529411766], ["eft process", 3.7058823529411766], ["calculation difference", 3.7], ["user click", 3.6956521739130435], ["verify amount", 3.6920226678291193], ["create update", 3.685714285714286], ["transaction verify", 3.6811694872442535], ["calendar date", 3.6515151515151514], ["duplicate date", 3.6515151515151514], ["entity type", 3.6002155172413794], ["payout ui", 3.5636363636363635], ["payout formula", 3.5636363636363635], ["deal verify", 3.5602333102333104], ["verify deal", 3.5602333102333104], ["tax configuration", 3.554778554778555], ["purchase entity", 3.53125], ["manual payout", 3.5303030303030303], ["payout manual", 3.5303030303030303], ["share account", 3.5], ["verify +", 3.4662162162162162], ["verify validate", 3.4662162162162162], ["amendment bug", 3.419590643274854], ["pay taxis", 3.4107142857142856], ["expire expire", 3.3333333333333335], ["notification feature", 3.333333333333333], ["bug getcpdeal", 3.197368421052632], ["report bug", 3.197368421052632], ["bug april11-22", 3.197368421052632], ["verify user", 3.1618683901292597], ["workflow event", 3.142857142857143], ["bvd", 2.74], ["verify currentpaymentscenario", 2.7162162162162162], ["bug pbis", 2.697368421052632], ["payment", 2.6363636363636362], ["lock", 2.625], ["balance", 2.6], ["balance 0", 2.6], ["pivotal", 2.5476190476190474], ["datafix", 2.5], ["edit", 2.4], ["update", 2.4], ["book", 2.375], ["generate", 2.375], ["apply", 2.3333333333333335], ["save", 2.3333333333333335], ["geolin", 2.3333333333333335], ["instrument", 2.3333333333333335], ["purchaser", 2.3333333333333335], ["commission", 2.3333333333333335], ["pay", 2.2857142857142856], ["fix", 2.25], ["amount", 2.225806451612903], ["amendment", 2.2222222222222223], ["add", 2.2222222222222223], ["transaction", 2.2149532710280373], ["funding", 2.186991869918699], ["refund", 2.1818181818181817], ["leasespark", 2.1666666666666665], ["detail", 2.1666666666666665], ["finalize", 2.142857142857143], ["error", 2.125], ["deal 2509", 2.094017094017094], ["deal 20955", 2.094017094017094], ["deal", 2.094017094017094], ["deal 2765", 2.094017094017094], ["type", 2.0689655172413794], ["booking", 2.0625], ["pricing", 2.0384615384615383], ["fee", 2.0], ["nbv", 2.0], ["set 0", 2.0], ["portfolio", 2.0], ["report", 2.0], ["trust", 2.0], ["feature", 2.0], ["step", 2.0], ["month", 2.0], ["unexpected", 2.0], ["large", 2.0], ["accounting", 2.0], ["eft", 2.0], ["delete", 1.9705882352941178], ["manual", 1.9666666666666666], ["customer", 1.9545454545454546], ["tax", 1.9393939393939394], ["collateral", 1.8], ["term", 1.8], ["day", 1.75], ["advance", 1.75], ["source", 1.75], ["vendor", 1.75], ["process", 1.7058823529411764], ["user", 1.6956521739130435], ["expire", 1.6666666666666667], ["quote", 1.6666666666666667], ["configuration", 1.6153846153846154], ["payout", 1.5636363636363637], ["entity", 1.53125], ["miss", 1.5], ["pbis", 1.5], ["credit", 1.5], ["button", 1.5], ["difference", 1.5], ["account", 1.5], ["verify", 1.4662162162162162], ["execute", 1.4], ["notification", 1.3333333333333333], ["calendar", 1.3333333333333333], ["duplicate", 1.3333333333333333], ["option", 1.3], ["create", 1.2857142857142858], ["currentpaymentscenario", 1.25], ["bug", 1.1973684210526316], ["bug 112745", 1.1973684210526316], ["bug 113055", 1.1973684210526316], ["bug 96589", 1.1973684210526316], ["bug 97603", 1.1973684210526316], ["bug 98333", 1.1973684210526316], ["bug 105780", 1.1973684210526316], ["bug 112807", 1.1973684210526316], ["bug 107709", 1.1973684210526316], ["bug 110792", 1.1973684210526316], ["bug 121264", 1.1973684210526316], ["bug 113996", 1.1973684210526316], ["bug 106141", 1.1973684210526316], ["bug 139339", 1.1973684210526316], ["bug 106325", 1.1973684210526316], ["bug 108419", 1.1973684210526316], ["bug 110375", 1.1973684210526316], ["bug 107077", 1.1973684210526316], ["bug 113676", 1.1973684210526316], ["bug 134786", 1.1973684210526316], ["bug 105979", 1.1973684210526316], ["bug 106131", 1.1973684210526316], ["bug 106259", 1.1973684210526316], ["bug 114631", 1.1973684210526316], ["bug 110417", 1.1973684210526316], ["bug 110453", 1.1973684210526316], ["bug 107492", 1.1973684210526316], ["bug 109858", 1.1973684210526316], ["bug 112580", 1.1973684210526316], ["bug 116574", 1.1973684210526316], ["bug 107018", 1.1973684210526316], ["bug 107181", 1.1973684210526316], ["bug 107826", 1.1973684210526316], ["bug 107982", 1.1973684210526316], ["bug 110425", 1.1973684210526316], ["bug 110437", 1.1973684210526316], ["bug 110455", 1.1973684210526316], ["bug 112354", 1.1973684210526316], ["bug 112907", 1.1973684210526316], ["bug 114606", 1.1973684210526316], ["bug 139836", 1.1973684210526316], ["bug 106356", 1.1973684210526316], ["bug 112390", 1.1973684210526316], ["bug 114068", 1.1973684210526316], ["bug 114069", 1.1973684210526316], ["bug 115231", 1.1973684210526316], ["bug 105813", 1.1973684210526316], ["bug 105681", 1.1973684210526316], ["bug 105692", 1.1973684210526316], ["bug 106307", 1.1973684210526316], ["bug 109579", 1.1973684210526316], ["bug 97436", 1.1973684210526316], ["bug 134652", 1.1973684210526316], ["bug 109566", 1.1973684210526316], ["bug 112860", 1.1973684210526316], ["bug 113990", 1.1973684210526316], ["bug 113367", 1.1973684210526316], ["bug 111158", 1.1973684210526316], ["bug 111165", 1.1973684210526316], ["bug 112792", 1.1973684210526316], ["bug 114724", 1.1973684210526316], ["bug 120847", 1.1973684210526316], ["workflow", 1.1428571428571428], ["taxis", 1.125], ["brokerage", 1.0], ["medium", 1.0], ["paymentschedulesummary", 1.0], ["core", 1.0], ["high", 1.0], ["low", 1.0], ["contract 25743", 1.0], ["select", 1.0], ["calculatedterm", 1.0], ["tostring", 1.0], ["med", 1.0], ["trigger", 1.0], ["ls-lp", 1.0], ["investigation", 1.0], ["match", 1.0], ["automate", 1.0], ["colin", 1.0], ["filter", 1.0], ["search", 1.0], ["clear", 1.0], ["permission", 1.0], ["misc", 1.0], ["waterfall", 1.0], ["call", 1.0], ["$177", 1.0], ["2022 r1", 1.0], ["night", 1.0], ["template", 1.0], ["cpdeals", 1.0], ["scale", 1.0], ["price", 1.0], ["projectedremainingterm", 1.0], ["dbo", 1.0], ["loan", 1.0], ["cmbs", 1.0], ["trading", 1.0], ["n_minimumpaymentpercent", 1.0], ["recognize", 1.0], ["purge", 1.0], ["integration", 1.0], ["market", 1.0], ["exposure", 1.0], ["m_dailyaccrualamount", 1.0], ["wnzl", 1.0], ["bill", 1.0], ["22r13", 1.0], ["pretax", 1.0], ["pbi 59789", 1.0], ["pbi 106569", 1.0], ["pbi 107015", 1.0], ["pbi 113560", 1.0], ["color", 1.0], ["originatorentity", 1.0], ["dealdisbursement", 1.0], ["= 1", 1.0], ["accept", 1.0], ["pbi 99050", 1.0], ["lastupdatedbyuserid", 1.0], ["pbi 120594", 1.0], ["occur", 1.0], ["ls-transaction", 1.0], ["pbi 39721", 1.0], ["pbi 97805", 1.0], ["lp-payout", 1.0], ["pbi 107934", 1.0], ["pbi 107017", 1.0], ["forward", 1.0], ["109811", 0], ["978", 0], ["109592", 0], ["112580", 0], ["113993", 0], ["113998", 0], ["385", 0], ["2022", 0]]}}}