{"task": "extract_topic_keywords", "client_id": "azure-taosolutions", "status": "Success", "result": {"topic_id": {"0": 54}, "topic_keywords": {"0": [["row ' add", 9.0], ["save work properly", 9.0], ["business day month", 9.0], ["nha mbs administration", 9.0], ["prompt error message", 9.0], ["provide balance threshold", 9.0], ["remove balance threshold", 9.0], ["administration job scheduler", 8.529411764705882], ["processes- job scheduler", 8.529411764705882], ["program loan tab", 8.5], ["gray reverse change", 8.333333333333334], ["cap amount field", 8.0], ["process job scheduler", 7.729411764705882], ["engine process manager", 7.533333333333333], ["notification grid column", 7.223776223776224], ["column datum grid", 7.223776223776223], ["validate user successfully", 7.034632034632034], ["period finalize error", 6.9], ["'' total ''", 6.735294117647058], ["'' average ''", 6.735294117647058], ["'' total", 4.617647058823529], ["'' average", 4.617647058823529], ["job definition", 4.529411764705882], ["period late", 4.5], ["rmbs program", 4.5], ["group grid", 4.454545454545455], ["run engine", 4.333333333333334], ["change position", 4.333333333333334], ["'' alberta", 4.117647058823529], ["'' bc", 4.117647058823529], ["'' mb", 4.117647058823529], ["'' nb", 4.117647058823529], ["'' qc", 4.117647058823529], ["'' sk", 4.117647058823529], ["'' nf", 4.117647058823529], ["'' ns", 4.117647058823529], ["validate user", 4.034632034632034], ["single criterion", 4.0], ["multiple criterion", 4.0], ["search result", 4.0], ["vbrspread formula", 4.0], ["min_vbrspread formula", 4.0], ["max_vbrspread formula", 4.0], ["validation maximum", 4.0], ["string length", 4.0], ["mandatory field", 4.0], ["tooltips display", 4.0], ["mortgage viewer", 4.0], ["cdn equivalent", 4.0], ["trigger calculate", 4.0], ["populate number", 4.0], ["workflow-alternate workflow", 4.0], ["workflow-standard workflow", 4.0], ["field clear", 4.0], ["system setup", 4.0], ["current term", 4.0], ["search setup", 4.0], ["sort grid", 3.9545454545454546], ["group column", 3.769230769230769], ["leftmost column", 3.769230769230769], ["modification entry", 3.666666666666667], ["delete entry", 3.666666666666667], ["'' pei", 3.6176470588235294], ["precision validation", 3.333333333333333], ["grid", 2.4545454545454546], ["process", 2.2], ["field", 2.0], ["column", 1.7692307692307692], ["entry", 1.6666666666666667], ["user", 1.606060606060606], ["sort", 1.5], ["pei", 1.5], ["finalize", 1.4], ["precision 19", 1.3333333333333333], ["precision 6", 1.3333333333333333], ["devopsassistant", 1.0], ["step", 1.0], ["filter", 1.0], ["verify", 1.0], ["fee", 1.0], ["batch", 1.0], ["scale 4", 1.0], ["insurer", 1.0], ["cutoff", 1.0], ["transaction", 1.0], ["toggle", 1.0], ["client", 1.0], ["decimal", 1.0], ["notional", 1.0], ["editable", 1.0], ["scale 3", 1.0], ["combination", 1.0], ["input", 1.0]]}}}