{"task": "extract_topic_keywords", "client_id": "azure-taosolutions", "status": "Success", "result": {"topic_id": {"0": 52}, "topic_keywords": {"0": [["currency book select", 9.0], ["end preprocess stage", 9.0], ["generation set manual", 9.0], ["collapse expand work", 9.0], ["discussion section screenshot", 9.0], ["collection start date", 9.0], ["open deferral status", 9.0], ["closing deferral status", 9.0], ["closing mhub application", 8.90909090909091], ["navigate exist record", 8.619047619047619], ["program loan tab", 8.166666666666666], ["marker file selection", 8.154838709677419], ["marker file option", 8.154838709677419], ["file export history", 8.132616487455197], ["file export definition", 8.132616487455197], ["process manual journal", 8.073170731707318], ["result grid filter", 8.0], ["result grid sort", 8.0], ["funding request approve", 8.0], ["reportview_journal correct amount", 8.0], ["engine process manager", 7.96790757381258], ["save work properly", 7.425531914893617], ["clone wa instrument", 7.25], ["settlement engine process", 6.467907573812581], ["marker file", 5.154838709677419], ["export file", 5.132616487455197], ["close mhub", 4.909090909090909], ["engine report", 4.894736842105264], ["exist template", 4.619047619047619], ["rmbs program", 4.5], ["main file", 4.35483870967742], ["clone instrument", 4.25], ["clone button", 4.25], ["file extension", 4.021505376344086], ["system setup", 4.0], ["category revert", 4.0], ["report administration", 4.0], ["system report", 4.0], ["report template", 4.0], ["current term", 4.0], ["field non-editable", 4.0], ["group info", 3.5], ["entitiy group", 3.5], ["category save", 3.425531914893617], ["loan", 2.6666666666666665], ["file", 2.3548387096774195], ["process", 2.073170731707317], ["grid", 2.0], ["instrument", 2.0], ["funding", 2.0], ["reportview_journal", 2.0], ["extension", 1.6666666666666667], ["group", 1.5], ["settlement", 1.5], ["save", 1.425531914893617], ["trust", 1.0], ["md5", 1.0], ["sha1", 1.0], ["sha256", 1.0], ["sha384", 1.0], ["sha512", 1.0], ["enable", 1.0], ["test", 1.0], ["click", 1.0], ["scratch", 1.0], ["valid", 1.0], ["post", 1.0], ["hold", 1.0], ["direction", 1.0], ["form", 1.0]]}}}