{"task": "extract_topic_keywords", "client_id": "azure-taosolutions", "status": "Success", "result": {"topic_id": {"0": 0}, "topic_keywords": {"0": [["mmm dd yyyy", 9.0], ["kingsett mf owner", 9.0], ["versa waiver schedule", 9.0], ["liquidity reserve redraw", 9.0], ["delete fund class", 9.0], ["migrate generalledger table", 9.0], ["initial purchase external", 9.0], ["post gl work", 9.0], ["22r14 boad analytics", 9.0], ["table i_sourceid present", 8.857142857142858], ["correct cashflows generate", 8.846153846153847], ["recover principal advance", 8.8], ["nha mbs construction", 8.8], ["incorrect format- restore_regulatoryagencyfields", 8.75], ["cpcommitmentallocation table entity", 8.727272727272727], ["fixe rate tpp", 8.700892857142858], ["cb execution level", 8.666666666666666], ["eirpoolsales job produce", 8.657894736842106], ["collect regular interest", 8.636363636363637], ["collect penalty interest", 8.636363636363637], ["recover interest advance", 8.636363636363637], ["give impression engine", 8.61111111111111], ["identify customer deal", 8.6], ["balance sheet deal", 8.6], ["sale day internal", 8.575438596491228], ["sale day external", 8.575438596491228], ["datafix backdate iad", 8.571428571428571], ["datafix correct swap", 8.571428571428571], ["datafix client-specific table", 8.571428571428571], ["post-search set execution", 8.5], ["geminus april bucket", 8.5], ["deposit percentage ab", 8.5], ["closing balance column", 8.484848484848484], ["delete prepayment provision", 8.466666666666667], ["warn message show", 8.464285714285715], ["'' exchange rate", 8.457142857142857], ["table consist datum", 8.44], ["datum source-interface files-validate", 8.44], ["job scheduler-datum export", 8.430622009569378], ["rt167 rt256 incorrect", 8.416666666666666], ["additional dev work", 8.416666666666666], ["parent child record", 8.4], ["column header grid", 8.393939393939394], ["pricing scenario select", 8.384615384615385], ["title pool custody", 8.37704918032787], ["eir job failure", 8.37218045112782], ["uplho / uplnho", 8.363636363636363], ["td / tao_interface", 8.363636363636363], ["rt274 return null", 8.333333333333334], ["write excel function", 8.333333333333334], ["htc extract produce", 8.316666666666666], ["amend loan balance", 8.309352517985612], ["loan prefund payable", 8.309352517985612], ["generation set manual", 8.3], ["negative principal forecast", 8.3], ["corra rate tpp", 8.285714285714285], ["run ignore column", 8.251515151515152], ["sonoma gl extract", 8.25], ["gl extract sonoma", 8.25], ["additional custom template", 8.25], ["eircmbcashflowperiods record generate", 8.246153846153847], ["deal non-finance fee", 8.242857142857142], ["finding entity screen", 8.227272727272727], ["' external '", 8.222222222222221], ["shub 2022_r15 release", 8.210526315789474], ["shub 2022r16 release", 8.210526315789474], ["external datum management", 8.20470588235294], ["marker file variation", 8.202020202020202], ["retransmit file desire", 8.202020202020202], ["marker file selection", 8.202020202020202], ["teh mention file", 8.202020202020202], ["rbasecuritisation_loan_ file fail", 8.202020202020202], ["'' eagle ''", 8.2], ["main identifier account_number", 8.2], ["ntier accrual fixe", 8.177083333333334], ["time job run", 8.174561403508772], ["unable filter province", 8.17142857142857], ["display information dbo", 8.166666666666666], ["custodial client cmi", 8.155555555555555], ["eir job run", 8.138847117794487], ["entity extend property", 8.116161616161616], ["settlement-process viewer-run process", 8.10204081632653], ["asset display properly", 8.1], ["list show pool", 8.091334894613583], ["rba trans incorrect", 8.083333333333334], ["revision base finding", 8.083333333333334], ["fixe rate pool", 8.077942037470727], ["refresh screen change", 8.073529411764707], ["entity model update", 8.073426573426573], ["source fileimporthistory table", 8.068627450980392], ["secure hub source", 8.068627450980392], ["reinvestment condition report", 8.068273092369477], ["condition reinvestment report", 8.068273092369477], ["saleable stock report", 8.068273092369477], ["rta report runtime", 8.068273092369477], ["daily reconciliation report", 8.068273092369477], ["ad hoc report", 8.068273092369477], ["tax registration number", 8.058823529411764], ["port casflows service", 8.028571428571428], ["pool profile extract", 8.02704918032787], ["field authorize ltv", 8.025], ["validate loan mature", 8.023638232271326], ["handle recalculation pbi", 8.0], ["support cutover production", 8.0], ["d_liquidationdate poolloans table", 8.0], ["loan duplication rt167", 7.976019184652278], ["ignore defer loan", 7.976019184652277], ["datum cross reference-validate", 7.973333333333333], ["pool sales pricing", 7.9603825136612025], ["pivotal prod 22r2", 7.9523809523809526], ["migrate cross reference", 7.949999999999999], ["copy cross reference", 7.949999999999999], ["duplicate day upload", 7.944514901712111], ["' series cht1-2022-108", 7.944444444444445], ["file template attach", 7.941150636802812], ["perenna modification interface", 7.940711462450594], ["create commitmentallocationtypes restorestaticdatadatatypes", 7.935483870967742], ["sale perform external", 7.933333333333334], ["long previous submit", 7.933333333333333], ["aqua investor report", 7.9254159495123355], ["hillary investor report", 7.9254159495123355], ["loan exclusion upload", 7.911762156539828], ["loan dynamic upload", 7.911762156539828], ["perenna boe extract", 7.886363636363637], ["clone warehouse deal", 7.885714285714286], ["sonoma datum fixe", 7.88375], ["loan borrowers- filter", 7.880781089414183], ["datafix backdate loan", 7.8807810894141825], ["sh hotfix 22r3", 7.875], ["tao mqcc add", 7.869565217391305], ["add cash flow", 7.869565217391305], ["configuration htt engine", 7.861111111111111], ["collateral level taxis", 7.857142857142858], ["2023r1 mortgagehub regression", 7.857142857142858], ["retrieve primary collateral", 7.857142857142858], ["fixe securitization group", 7.84375], ["run report loanstore", 7.8349397590361445], ["run report loanborrowers", 7.8349397590361445], ["run report loantxstore", 7.8349397590361445], ["column datum grid", 7.833939393939394], ["initial asset sale", 7.833333333333333], ["proc copy dbo", 7.833333333333332], ["file export definition", 7.831890331890332], ["eir pool sale", 7.824668227946916], ["datum fix historical", 7.8246153846153845], ["htt report display", 7.818273092369478], ["migrate pool datum", 7.817049180327869], ["column change position", 7.808377896613191], ["file upload successfully", 7.804429840574419], ["trigger transaction interface", 7.804347826086957], ["active market datum", 7.795555555555556], ["amp psgl grouping", 7.7894736842105265], ["extend property sp", 7.78888888888889], ["eqt profi warehouse", 7.785714285714286], ["report show footer", 7.782558806655192], ["finding entity script", 7.762987012987012], ["22r3 bug fixe", 7.761931818181818], ["pool mature early", 7.758001561280249], ["issue psgl extract", 7.75], ["migrate loan datum", 7.749352517985612], ["historical datum interface", 7.7443478260869565], ["eir pool fee", 7.734192037470725], ["22r10 hotfix branch", 7.729545454545455], ["22r11 hotfix branch", 7.729545454545455], ["engine process manager", 7.713151927437641], ["service fee report", 7.71113023522662], ["loan search template", 7.709352517985611], ["enhancement rbasecuritisation_loan_ interface", 7.704347826086957], ["interface enhancement m003", 7.7043478260869565], ["corra proxy hotfix", 7.703571428571429], ["eir eir cmb", 7.697802197802198], ["instrument / class", 7.696969696969697], ["eir pool sales", 7.674668227946917], ["deal advance report", 7.6682730923694775], ["22r12 release branch", 7.665071770334929], ["20r02 release branch", 7.665071770334929], ["2020_r2_bnsny_37167 release branch", 7.665071770334929], ["2022_r2_td release branch", 7.665071770334929], ["2022r4 bug fixe", 7.661931818181818], ["scgbm early job", 7.657894736842105], ["update loanbillingentitydateranges loan", 7.655506364139458], ["submit batch select", 7.651282051282051], ["' corra '", 7.65079365079365], ["eir cmb job", 7.641411220358589], ["corra index file", 7.630591630591631], ["store procedure dev", 7.619047619047619], ["22r2 hotfix payment", 7.6083333333333325], ["sample file attach", 7.607817303469478], ["select ' '", 7.6068376068376065], ["upload remittance file", 7.604429840574419], ["upload peakhill tb", 7.602409638554217], ["investor tab visible", 7.584415584415584], ["nbc trade blotter", 7.571428571428571], ["sgbm-loan transaction report", 7.568273092369478], ["2022r5 regression bug", 7.568181818181818], ["large number result", 7.5588235294117645], ["bmo centimeter branch", 7.554545454545455], ["addendum file update", 7.548174048174049], ["geminus conversion update", 7.546153846153846], ["mature pool maturity", 7.545880349159038], ["run settlement engine", 7.544444444444444], ["file column definition", 7.5440115440115445], ["upload attach file", 7.543560275357027], ["amp historical cutover", 7.5394736842105265], ["process manual journal", 7.538404452690166], ["moodys fitch d1", 7.533333333333333], ["calculation process successfully", 7.530612244897959], ["release bug shub_2020_r2_bnsny_37167", 7.528708133971293], ["= rate sheet", 7.523809523809524], ["daily maturity report", 7.522818546914933], ["loan deletion file", 7.511372720005813], ["loan re-transmit file", 7.511372720005813], ["update dwelling type", 7.506868131868132], ["exchangerates interface file", 7.506368028107159], ["barclays shub implementation", 7.5], ["release journal extract", 7.49688995215311], ["22r2 bug bucket", 7.484848484848484], ["file upload proc", 7.471096507241086], ["cht type parameter", 7.460714285714285], ["2022r2 mortgagehub regression", 7.457142857142857], ["eir pool cashflow", 7.454971258249946], ["utilization report fix", 7.452888476984862], ["bvd prod 22r2", 7.4523809523809526], ["delete product type", 7.446428571428571], ["bmo centimeter update", 7.446153846153846], ["amp psgl extract", 7.439473684210526], ["amp security extract", 7.439473684210526], ["migration script finding", 7.435714285714285], ["instrument sale update", 7.412820512820513], ["unable upload file", 7.404429840574419], ["eqt 22r3 interface", 7.404347826086957], ["eligibility criterion enhancement", 7.4], ["22r2 hotfix branch", 7.3962121212121215], ["datum cross reference", 7.389999999999999], ["perenna additional item", 7.386363636363637], ["wnzl-report performance issue", 7.385714285714286], ["loan list report", 7.377625610355089], ["loan supplement report", 7.377625610355089], ["aggregate loan report", 7.377625610355089], ["party pool issuer", 7.3770491803278695], ["prepayment pool summary", 7.377049180327869], ["bmo centimeter hotfix", 7.375], ["interface file definition", 7.363510885250015], ["deal type ''", 7.360714285714286], ["port change apply", 7.352100840336135], ["port change bug-143965", 7.352100840336135], ["port change bug-143902", 7.352100840336135], ["port change pbi-144062", 7.352100840336135], ["port change pbi-143974", 7.352100840336135], ["port change pbi-144169", 7.352100840336135], ["port service change", 7.352100840336135], ["regression bug hotfix", 7.343181818181819], ["update market datum", 7.341709401709402], ["mir miss comma", 7.333333333333334], ["rewrite accrual logic", 7.333333333333334], ["social housing default", 7.333333333333333], ["metro datum fix", 7.3246153846153845], ["extend property borrower", 7.322222222222223], ["core hpi table", 7.3076923076923075], ["perenna boe report", 7.304636728733114], ["upload poolfeeupload_ file", 7.30442984057442], ["similar exist report", 7.30059632469271], ["store procedure update", 7.298534798534799], ["finding chart account", 7.291666666666666], ["amp roll input", 7.2894736842105265], ["perenna esma extract", 7.286363636363637], ["funding facility set", 7.277777777777778], ["goeasy 22r9 hotfix", 7.275], ["automate test bug", 7.272727272727273], ["pool sale type", 7.271096799375488], ["daily summary report", 7.268273092369478], ["multiple rate source", 7.2591036414565835], ["build test script", 7.240259740259741], ["2023r2 general enhancement", 7.2333333333333325], ["datum fix migration", 7.224615384615385], ["tdsi tao admin", 7.222222222222222], ["activity show process", 7.216326530612244], ["report parameter fixe", 7.212023092369478], ["report requirement esg", 7.211130235226621], ["fitch d1 placeholder", 7.2], ["rmbs liability report", 7.198707874978173], ["upload transformation error", 7.193318729463308], ["corra pool select", 7.190235993514682], ["type field retrieve", 7.185714285714285], ["mortgagehub source external", 7.17577030812325], ["date submit show", 7.168452380952381], ["htc 20r3 pipeline", 7.166666666666666], ["large db goeasy", 7.166666666666666], ["datum fix scgbm", 7.1579487179487185], ["' pool type", 7.148874577153266], ["geminus review issue", 7.147619047619047], ["multiple file upload", 7.137763173907752], ["report list report", 7.136546184738956], ["borrower employment file", 7.135353535353536], ["bmo centimeter port", 7.128571428571428], ["installer request rbcct", 7.125], ["settlement summary screen", 7.116666666666667], ["instrument additional field", 7.108333333333334], ["market datum detail", 7.099003831417624], ["coupon floor corra", 7.095238095238095], ["aging report mhub", 7.068273092369478], ["settlement engine performance", 7.063492063492063], ["upload test result", 7.056955093099671], ["create dev branch", 7.056695992179863], ["test issue poolparameterreport", 7.054545454545455], ["upload june datum", 7.042409638554217], ["issue sale date", 7.020833333333334], ["small calculation error", 7.01948051948052], ["collateral type table", 7.017857142857142], ["loan file setup", 7.011372720005813], ["active rmbs program", 7.007357859531773], ["cmb inventory report", 7.004170528266914], ["rbccm intraperiod repo", 7.0], ["asset engine performance", 6.996825396825397], ["create pepper client", 6.991039426523297], ["current payment status", 6.977777777777778], ["nha report issue", 6.968273092369477], ["corra pool type", 6.966334894613583], ["change interest amount", 6.959893048128342], ["performance issue filter", 6.957142857142857], ["wnzl ec account", 6.9425675675675675], ["tao 19r1 hotfix", 6.941666666666666], ["perenna implementation interface", 6.940711462450594], ["cmb replacement swap", 6.935897435897436], ["asset management report", 6.9329789747224195], ["base combination error", 6.924242424242425], ["cover bond program", 6.910256410256411], ["rmbs settlement engine", 6.908212560386474], ["securehub cover bond", 6.904761904761905], ["datum setup test", 6.8945454545454545], ["create r4 branch", 6.890029325513197], ["cmb amortization detail", 6.872679045092838], ["create search set", 6.835483870967742], ["report requirement boe", 6.811130235226621], ["tsx loan substitution", 6.809352517985611], ["search pool field", 6.802049180327868], ["test file upload", 6.758975295119873], ["issue portfolio migration", 6.75], ["click top grid", 6.7466977466977465], ["pool parameter report", 6.745322272697346], ["perenna esma report", 6.704636728733115], ["change status submit", 6.701307189542484], ["scotia treasury enhancement", 6.691666666666666], ["verify report generate", 6.664426938523324], ["amp prepayment report", 6.657746776580004], ["change default region", 6.6568627450980395], ["warehouse parameter report", 6.653987378083763], ["add settlement engine", 6.6473429951690814], ["23r1 feature branch", 6.646853146853147], ["client interface development", 6.63768115942029], ["22r14 core bug", 6.625874125874126], ["' corra_compounded_index '", 6.622222222222222], ["screenshot field attach", 6.6212732919254655], ["prod tsx bug", 6.603896103896104], ["october invoice issue", 6.6], ["securehub datum source", 6.580056022408964], ["nbc shub implementation", 6.571428571428571], ["eqt ssrs report", 6.568273092369478], ["23r1 bug bucket", 6.510489510489511], ["' field add", 6.505676328502416], ["administration job scheduler", 6.491228070175438], ["run port 23r1", 6.487545787545788], ["verify ' process", 6.463151927437641], ["user role report", 6.449225473321859], ["mandatory fee settle", 6.442857142857143], ["finalize settlement engine", 6.420634920634921], ["detail row extract", 6.420114942528736], ["button create file", 6.359726295210166], ["22r13 release branch", 6.331738437001595], ["rbccm port mh_rbc", 6.2785714285714285], ["ast custodial portal", 6.242857142857142], ["wnzl interface update", 6.21806923980837], ["file upload make", 6.204429840574418], ["asset id ''", 6.2], ["sonoma 22r1 hotfix", 6.199999999999999], ["lbc authentication error", 6.162337662337662], ["datum source error", 6.099536541889483], ["finalize funding engine", 6.031746031746032], ["add wnzl client", 5.992688340514428], ["22r1 report branch", 5.847818546914933], ["datafix wnzl sh_wnzl", 5.63899613899614], ["export definition", 5.62987012987013], ["interest rate", 5.4935064935064934], ["run job", 5.424561403508772], ["eqb outstand item", 5.4222222222222225], ["additional dev", 5.416666666666666], ["long time", 5.416666666666666], ["sample attach", 5.405797101449275], ["extend property", 5.388888888888889], ["17 datum grid", 5.34909090909091], ["' '", 5.222222222222222], ["client perenna", 5.191919191919192], ["bvd 22r2", 5.166666666666666], ["bug fixe", 5.161931818181818], ["custodial client", 5.155555555555555], ["migration finding", 5.15], ["settle fee", 5.142857142857142], ["pool management", 5.14175506268081], ["entity enhancement", 5.127272727272727], ["' input", 5.111111111111111], ["active loan", 5.109352517985611], ["export excel", 5.106060606060606], ["22r1 cr hotfix", 5.1], ["bmo centimeter", 5.1], ["eqt 22r3", 5.1], ["2023 htt update", 5.096153846153847], ["' column", 5.095959595959596], ["mature pool", 5.091334894613583], ["multiple incorrect", 5.083333333333334], ["loan management", 5.0740584003385525], ["rate file", 5.059163059163059], ["2840 maturity upload", 5.056955093099671], ["column filter", 5.0562770562770565], ["client barclays", 5.055555555555555], ["warehouse management", 5.050420168067227], ["engine calculation", 5.0396825396825395], ["inventory cashflow", 5.03030303030303], ["rate type", 5.017857142857142], ["update payment", 5.012820512820513], ["22r3 enhancement", 5.0], ["production cutover", 5.0], ["select '", 4.995726495726496], ["market datum", 4.995555555555555], ["eir cmb", 4.983516483516484], ["loan cb", 4.976019184652278], ["file export", 4.974747474747475], ["prod 22r2", 4.9523809523809526], ["store proc", 4.9523809523809526], ["store procedure", 4.9523809523809526], ["cross reference", 4.949999999999999], ["issue fixe", 4.94375], ["attach 2824 file", 4.941150636802811], ["investor report", 4.925415949512335], ["'' loan", 4.909352517985612], ["job scheduler", 4.907894736842105], ["search result", 4.9], ["warehouse deal", 4.885714285714286], ["corra branch", 4.883116883116883], ["nha report", 4.868273092369478], ["loan property", 4.864908073541167], ["asset management", 4.864705882352942], ["margin present", 4.857142857142858], ["file extract", 4.852020202020202], ["liquidate 90 day", 4.842105263157895], ["asset sale", 4.833333333333334], ["rba transaction", 4.833333333333334], ["cover bond", 4.833333333333333], ["datum fix", 4.8246153846153845], ["portfolio filter", 4.821428571428571], ["bug bucket", 4.818181818181818], ["release 2022r2", 4.810526315789474], ["2022r2 release", 4.810526315789474], ["loan substitution", 4.809352517985611], ["corra pool", 4.805620608899297], ["file upload", 4.804429840574419], ["upload file", 4.804429840574419], ["payout prepayment", 4.8], ["monthly remittance", 4.8], ["principal collection", 4.8], ["settlement engine", 4.777777777777778], ["stop run", 4.766666666666667], ["select pool", 4.761664564943254], ["job process", 4.759935553168636], ["basespread finding", 4.75], ["regression item", 4.75], ["df attach", 4.739130434782609], ["report rt167", 4.734939759036145], ["5 hotfix branch", 4.7295454545454545], ["hotfix branch", 4.7295454545454545], ["show ui", 4.714285714285714], ["show package", 4.714285714285714], ["release 2022r4", 4.710526315789474], ["release 2022r5", 4.710526315789474], ["multiple pool", 4.7103825136612025], ["process upload", 4.704450454880748], ["poolfeeupload_ file", 4.702020202020202], ["pool loan", 4.68640169831348], ["loan pool", 4.68640169831348], ["brg group", 4.666666666666666], ["scim provision", 4.666666666666666], ["htc observation", 4.666666666666666], ["22r2 22r4", 4.666666666666666], ["job complete", 4.657894736842105], ["origination fee", 4.642857142857142], ["mhub requirement", 4.642857142857142], ["rba loan", 4.642685851318944], ["loan accrual", 4.642685851318944], ["datum conversion", 4.640000000000001], ["datatypes perenna", 4.636363636363637], ["series parameter", 4.633333333333333], ["loan change", 4.632881929750317], ["b_modifiedloan engine", 4.611111111111111], ["upload dependant", 4.602409638554217], ["amortization process", 4.6020408163265305], ["unable replicate", 4.6], ["assignment deal", 4.6], ["regenerate ''", 4.6], ["unable integrate", 4.6], ["loan script", 4.595066803699897], ["wht4 sales", 4.583333333333334], ["ownership sales", 4.583333333333334], ["journal create", 4.571847507331379], ["datafix manually", 4.571428571428571], ["custom report", 4.568273092369478], ["early term", 4.566666666666666], ["chart account", 4.541666666666666], ["pool type 881", 4.537763466042154], ["file null", 4.5353535353535355], ["rbccm hotfix", 4.525], ["loan file", 4.511372720005813], ["day month", 4.508771929824562], ["datum source", 4.508627450980392], ["interface file", 4.5063680281071585], ["cancel transaction", 4.5], ["metro finance", 4.5], ["documentation feature 96683", 4.5], ["pepper poc", 4.5], ["configuration item", 4.5], ["transaction editor", 4.5], ["settlement instrument", 4.5], ["transaction history", 4.5], ["negative positive", 4.5], ["system setup", 4.5], ["result pdf", 4.5], ["ab auk", 4.5], ["ar aging", 4.5], ["r2 r4", 4.5], ["pool status", 4.48816029143898], ["conversion script", 4.485714285714286], ["column sort", 4.484848484848484], ["column #110", 4.484848484848484], ["column #111", 4.484848484848484], ["column #112", 4.484848484848484], ["type change", 4.484243697478991], ["term sales", 4.483333333333333], ["' add", 4.480676328502415], ["submit file", 4.468686868686868], ["cashflow process", 4.465677179962894], ["product type", 4.446428571428571], ["click button", 4.444444444444445], ["0 defer funding", 4.444444444444445], ["datum crossreference", 4.4399999999999995], ["datum feed", 4.4399999999999995], ["datum ingestion", 4.4399999999999995], ["datum calc", 4.4399999999999995], ["pool number", 4.435872709739634], ["duplicate create", 4.435483870967742], ["search field", 4.425], ["update report", 4.414426938523324], ["main file", 4.402020202020202], ["order record", 4.4], ["cpdeal record", 4.4], ["ba activity", 4.4], ["gen sp", 4.4], ["fcd sp", 4.4], ["term set 1", 4.4], ["report change", 4.3918025041341835], ["warehouse process", 4.387755102040816], ["repo interest 0", 4.386363636363637], ["program loan", 4.386275594908689], ["fileexportctralm_v2 fix", 4.384615384615385], ["single select", 4.384615384615385], ["code fix", 4.384615384615385], ["loan report", 4.377625610355089], ["party pool", 4.3770491803278695], ["re-couponed pool", 4.3770491803278695], ["pool ownership", 4.3770491803278695], ["cdor pool", 4.3770491803278695], ["loan number", 4.368176047397376], ["settlement summary", 4.366666666666667], ["/ deny", 4.363636363636363], ["port change 14124", 4.352100840336135], ["type date", 4.348214285714286], ["simple update", 4.346153846153847], ["error message", 4.340909090909091], ["cmb report", 4.337503861600247], ["separate comma", 4.333333333333334], ["m_currentpbal accrual", 4.333333333333334], ["db dbo", 4.333333333333333], ["dev task", 4.333333333333333], ["change scotiajobs", 4.3235294117647065], ["bug item", 4.318181818181818], ["bug item 143143", 4.318181818181818], ["loan pq", 4.309352517985611], ["loan liquidate", 4.309352517985611], ["loan buyback", 4.309352517985611], ["loan history", 4.309352517985611], ["loan transation", 4.309352517985611], ["loan link", 4.309352517985611], ["loan setting", 4.309352517985611], ["loan income", 4.309352517985611], ["ineligible loan", 4.309352517985611], ["liquidate loan", 4.309352517985611], ["adjustment interface", 4.304347826086957], ["dq interface", 4.304347826086957], ["process file", 4.304061018346733], ["scotia treasury", 4.291666666666666], ["portal requirement", 4.285714285714286], ["sql script", 4.285714285714286], ["prod df", 4.285714285714286], ["performance initiative", 4.285714285714286], ["22r5 hotfix", 4.275], ["hotfix r2214", 4.275], ["settlement detail", 4.2701149425287355], ["mark submit", 4.266666666666667], ["process type", 4.262755102040816], ["asset type", 4.260714285714286], ["screen accessible", 4.25], ["funder portfolio", 4.25], ["loan borrower", 4.242685851318945], ["report requirement", 4.211130235226621], ["release 2022r3", 4.210526315789474], ["release 2021r7", 4.210526315789474], ["release 2021r6", 4.210526315789474], ["release 2021r4", 4.210526315789474], ["release 2020r3_scotiacap_38555", 4.210526315789474], ["release 2020r3", 4.210526315789474], ["release 2019r2", 4.210526315789474], ["release 2019r1", 4.210526315789474], ["release 2022r6", 4.210526315789474], ["release 2022r7", 4.210526315789474], ["release 2022r8", 4.210526315789474], ["2021r7 release", 4.210526315789474], ["release 2022r09", 4.210526315789474], ["release 2022r10", 4.210526315789474], ["release 2022r11", 4.210526315789474], ["2022r3 release", 4.210526315789474], ["release 2022r05", 4.210526315789474], ["22r4 release", 4.210526315789474], ["22r5 release", 4.210526315789474], ["rmbs program", 4.207357859531773], ["file uplaod", 4.202020202020202], ["file extension", 4.202020202020202], ["conversion varchar", 4.2], ["creation date", 4.1875], ["date paramenter", 4.1875], ["mortgagehub source", 4.17577030812325], ["detail report", 4.171721368231546], ["asset report", 4.168273092369478], ["n_coupon db", 4.166666666666666], ["b_pendingdeferredamountprocess dbo", 4.166666666666666], ["settlement amount", 4.166666666666666], ["branch 23r1", 4.146853146853147], ["web portal", 4.142857142857142], ["loan general", 4.142685851318944], ["securehub source", 4.140056022408964], ["create file", 4.137504072987944], ["scotia gbm", 4.125], ["create date", 4.122983870967742], ["step detail", 4.103448275862069], ["attachment detail", 4.103448275862069], ["monthly process", 4.1020408163265305], ["computation change", 4.101307189542483], ["mortgage asset", 4.1], ["issue address", 4.1], ["current term", 4.1], ["term date", 4.0875], ["amp prod", 4.075187969924812], ["ssrs report", 4.068273092369478], ["system report", 4.068273092369478], ["smoco report", 4.068273092369478], ["regulatory report", 4.068273092369478], ["exago report", 4.068273092369478], ["monthly report", 4.068273092369478], ["meaningful number", 4.0588235294117645], ["code review 112760", 4.0476190476190474], ["code review", 4.0476190476190474], ["review code", 4.0476190476190474], ["add db", 4.036231884057971], ["asset borrower", 4.033333333333333], ["cashflow period", 4.03030303030303], ["port chanegs 112228", 4.0285714285714285], ["s_processstatus field", 4.025], ["field mliflexloan", 4.025], ["field affordabilitylinkedpool", 4.025], ["field m_currentpbal", 4.025], ["i_mortgagetype field", 4.025], ["test review", 4.0021645021645025], ["108930 expose rmbsloans", 4.0], ["james zhu", 4.0], ["bastien escaich", 4.0], ["anand balashanmugam", 4.0], ["2022r3 hot-fixe", 4.0], ["malena bermudez", 4.0], ["chanakyudu ravuri", 4.0], ["gtl ptc", 4.0], ["papus koulibaly", 4.0], ["bns ny", 4.0], ["ariel gonzalez", 4.0], ["james coyle", 4.0], ["joby james", 4.0], ["df codereviewonly", 4.0], ["corrective item", 4.0], ["oil city", 4.0], ["code review***", 4.0], ["merge shub_2022_r5", 4.0], ["jeanette cabingan", 4.0], ["tsx vector", 4.0], ["devlopment presalemortgageassets", 4.0], ["0 ctr alm", 4.0], ["step 01 upgrade", 4.0], ["end end 1", 4.0], ["yield curve", 4.0], ["party servicers", 4.0], ["share fate", 4.0], ["susel valdes", 4.0], ["praveen vijay", 4.0], ["implement solution", 4.0], ["tc phase3", 4.0], ["isineligible flag", 4.0], ["> 140k", 4.0], ["< 100k", 4.0], ["description download", 4.0], ["pend creation", 4.0], ["postal code", 4.0], ["pdf form", 4.0], ["0000 english french", 4.0], ["validation phase", 4.0], ["8see step", 4.0], ["oc haircut", 4.0], ["blue background", 4.0], ["cmhc 2834 english", 4.0], ["cmhc 2834 french", 4.0], ["postfix pbi 121441", 4.0], ["mismatch count", 4.0], ["lakeview ii", 4.0], ["tech debt", 4.0], ["uat remedition", 4.0], ["tsx pr9", 4.0], ["unreserve cbl 2", 4.0], ["back pipeline", 4.0], ["ba track", 4.0], ["23r2 ga", 4.0], ["expose company", 4.0], ["deploy late", 4.0], ["partial ownership", 4.0], ["convention difference", 4.0], ["implement icustomtypedescriptor", 4.0], ["compliance certificate", 4.0], ["entry ui", 4.0], ["fixe api", 3.9975961538461537], ["wnzl calculation", 3.996138996138996], ["115545 wnzl calculation", 3.996138996138996], ["submit tab", 3.993939393939394], ["078276 pal test", 3.9545454545454546], ["' default", 3.9444444444444446], ["satya tumati", 3.9333333333333336], ["outstand tab", 3.9272727272727277], ["funding process", 3.879818594104308], ["warehouse administration", 3.8690476190476186], ["savingsdynamicupload file", 3.8686868686868685], ["cmb administration", 3.852564102564102], ["full release", 3.84688995215311], ["funding report", 3.8460508701472556], ["perform finalize", 3.842857142857143], ["trunk branch", 3.8295454545454546], ["verify report", 3.818273092369478], ["indexedauthorizedltv formula", 3.8], ["indexedcurrentltv formula", 3.8], ["store activityloantxstore", 3.7857142857142856], ["22r1 branch", 3.7795454545454543], ["computation framework", 3.7777777777777777], ["step 02 development", 3.7777777777777777], ["step 01 development", 3.7777777777777777], ["step 04 development", 3.7777777777777777], ["step 05 development", 3.7777777777777777], ["step 03 development", 3.7777777777777777], ["21r1 hotfix", 3.775], ["verify mortgageassets", 3.75], ["bmo-ct repo", 3.75], ["cwb milestone 1", 3.75], ["cwb milestone 2", 3.75], ["cwb milestone 3", 3.75], ["port 23r1", 3.720879120879121], ["cmls res", 3.7142857142857144], ["cmls comm", 3.7142857142857144], ["release 2020r1", 3.710526315789474], ["rbc centimeter", 3.7], ["port task", 3.6952380952380954], ["trunk bug", 3.6931818181818183], ["branch 22 r1", 3.6853146853146854], ["prop merge", 3.666666666666667], ["jan >", 3.666666666666667], ["month end", 3.666666666666667], ["workflow-standard workflow", 3.666666666666667], ["b_delete = 0", 3.666666666666667], ["task overview", 3.666666666666667], ["task enhancment", 3.666666666666667], ["corra 2022 r1", 3.659340659340659], ["core 2834 update", 3.653846153846154], ["ast portal", 3.642857142857143], ["full ownership", 3.6363636363636367], ["core change", 3.631221719457014], ["asset id", 3.6], ["22r1 hotfix", 3.5999999999999996], ["subprocess error", 3.590909090909091], ["trunk release", 3.585526315789474], ["pdf administration", 3.583333333333333], ["administration document", 3.583333333333333], ["transit lbc", 3.571428571428571], ["wnzl m001", 3.5675675675675675], ["urgent /", 3.5636363636363635], ["main 22r1", 3.5250000000000004], ["22 r1 hotfix", 3.5057692307692307], ["2022 r1 hotfix", 3.5057692307692307], ["pass n-tier", 3.5], ["ptc cr", 3.5], ["bmoct cr 9", 3.5], ["remove powersports", 3.5], ["extendedpropertydefinition controller", 3.5], ["eqb hotfix", 3.4972222222222222], ["api interface", 3.4581939799331103], ["blank report", 3.401606425702811], ["user read", 3.380952380952381], ["user exclude", 3.380952380952381], ["user permission", 3.380952380952381], ["port 22r1", 3.3535714285714286], ["22r1 port", 3.3535714285714286], ["release 2021r1", 3.3533834586466167], ["static loss", 3.333333333333333], ["2022r1 hotfix", 3.3276315789473685], ["field mandatory", 3.325], ["user create", 3.316436251920123], ["release 2021r5", 3.2771929824561408], ["port 22 r1", 3.2593406593406593], ["easy 2019 r1", 3.230769230769231], ["_ xxx", 3.2], ["backport changeset 50854", 3.2], ["call api", 3.1538461538461537], ["final 2824 txt", 3.083333333333333], ["wnzl ability", 3.0675675675675675], ["investigation commit", 3.0625], ["generate", 2.8461538461538463], ["fixe", 2.84375], ["manual", 2.8], ["similar", 2.7777777777777777], ["run", 2.7666666666666666], ["2834 additional 2", 2.75], ["sale", 2.7333333333333334], ["entity", 2.727272727272727], ["eir", 2.7142857142857144], ["show", 2.7142857142857144], ["dev", 2.6666666666666665], ["extract", 2.65], ["fee", 2.642857142857143], ["perenna", 2.6363636363636362], ["engine", 2.611111111111111], ["upload", 2.602409638554217], ["2840 upload", 2.602409638554217], ["sonoma", 2.6], ["boe", 2.6], ["datafix", 2.5714285714285716], ["market", 2.5555555555555554], ["eqt", 2.5], ["bmo", 2.5], ["set", 2.5], ["transaction", 2.5], ["duplicate", 2.5], ["column", 2.484848484848485], ["exist", 2.4545454545454546], ["datum", 2.44], ["corra", 2.4285714285714284], ["migration", 2.4], ["enhancement", 2.4], ["select", 2.3846153846153846], ["pool", 2.377049180327869], ["134818 / 140258", 2.3636363636363638], ["update", 2.3461538461538463], ["securitization", 2.3333333333333335], ["moodys", 2.3333333333333335], ["scgbm", 2.3333333333333335], ["instrument", 2.3333333333333335], ["base", 2.3333333333333335], ["change", 2.323529411764706], ["bug 134163", 2.3181818181818183], ["bug 111452", 2.3181818181818183], ["bug 144178", 2.3181818181818183], ["loan", 2.3093525179856114], ["interface", 2.3043478260869565], ["parameter", 2.3], ["script", 2.2857142857142856], ["prod", 2.2857142857142856], ["performance", 2.2857142857142856], ["hotfix", 2.275], ["cmb", 2.269230769230769], ["production", 2.25], ["rbccm", 2.25], ["click", 2.2222222222222223], ["button", 2.2222222222222223], ["release", 2.210526315789474], ["file", 2.202020202020202], ["2840 file", 2.202020202020202], ["fitch", 2.2], ["2824 summary", 2.2], ["2840 2022 date", 2.1875], ["settlement", 2.1666666666666665], ["dbo", 2.1666666666666665], ["type", 2.1607142857142856], ["requirement", 2.142857142857143], ["rmbs", 2.130434782608696], ["status", 2.111111111111111], ["mortgagehub", 2.107142857142857], ["detail", 2.103448275862069], ["process", 2.1020408163265305], ["asset", 2.1], ["issue", 2.1], ["program", 2.076923076923077], ["report", 2.068273092369478], ["2840 report", 2.068273092369478], ["number", 2.0588235294117645], ["port", 2.0285714285714285], ["port 143097", 2.0285714285714285], ["field", 2.025], ["20r3", 2.0], ["pbi 112518", 2.0], ["mh_rbc", 2.0], ["placeholder", 2.0], ["june 07", 2.0], ["implementation", 2.0], ["logic", 2.0], ["item", 2.0], ["goeasy", 2.0], ["2 item", 2.0], ["poolloans", 2.0], ["ssrs", 2.0], ["party", 2.0], ["amount", 2.0], ["peakhill", 2.0], ["mir", 2.0], ["esma", 2.0], ["tsx", 2.0], ["pbi 109633", 2.0], ["criterion", 2.0], ["test", 1.9545454545454546], ["create", 1.935483870967742], ["borrower", 1.9333333333333333], ["satya", 1.9333333333333333], ["term", 1.9], ["114152 add", 1.8695652173913044], ["add", 1.8695652173913044], ["screenshot", 1.8571428571428572], ["collateral", 1.8571428571428572], ["general", 1.8333333333333333], ["formula", 1.8], ["amp", 1.7894736842105263], ["computation", 1.7777777777777777], ["development", 1.7777777777777777], ["funding", 1.7777777777777777], ["cwb", 1.75], ["repo", 1.75], ["verify", 1.75], ["tab", 1.7272727272727273], ["cmls", 1.7142857142857142], ["23r1", 1.6923076923076923], ["19r1", 1.6666666666666667], ["month", 1.6666666666666667], ["22r13", 1.6666666666666667], ["prop", 1.6666666666666667], ["row", 1.6666666666666667], ["jan", 1.6666666666666667], ["task 116280", 1.6666666666666667], ["replacement", 1.6666666666666667], ["workflow", 1.6666666666666667], ["floor", 1.6666666666666667], ["period", 1.6666666666666667], ["= 0", 1.6666666666666667], ["savingsdynamicupload", 1.6666666666666667], ["finalize", 1.6428571428571428], ["full", 1.6363636363636365], ["top", 1.6153846153846154], ["error", 1.5909090909090908], ["administration", 1.5833333333333333], ["nbc", 1.5714285714285714], ["lbc", 1.5714285714285714], ["wnzl", 1.5675675675675675], ["21r1", 1.5], ["ast", 1.5], ["n-tier", 1.5], ["2020r1", 1.5], ["invoice", 1.5], ["cr 77", 1.5], ["cr 86", 1.5], ["id 37059", 1.5], ["cr 17", 1.5], ["sh_wnzl", 1.5], ["accessible", 1.5], ["activityloantxstore", 1.5], ["back", 1.5], ["id 34989", 1.5], ["extendedpropertydefinition", 1.5], ["cr 18", 1.5], ["ability", 1.5], ["remove", 1.5], ["make", 1.4], ["corra_compounded_index", 1.4], ["user", 1.380952380952381], ["121386 user", 1.380952380952381], ["trunk", 1.375], ["default", 1.3333333333333333], ["blank", 1.3333333333333333], ["static", 1.3333333333333333], ["22r1", 1.325], ["core", 1.3076923076923077], ["mandatory", 1.3], ["2022 r1", 1.2307692307692308], ["2021 r1", 1.2307692307692308], ["2023 r1", 1.2307692307692308], ["eqb", 1.2222222222222223], ["tdsi", 1.2222222222222223], ["changeset", 1.2], ["urgent", 1.2], ["_ 001", 1.2], ["changeset 52273", 1.2], ["api", 1.1538461538461537], ["2021r1", 1.1428571428571428], ["rbcct", 1.125], ["rbc", 1.1], ["txt", 1.0833333333333333], ["2021r5", 1.0666666666666667], ["investigation", 1.0625], ["2022r1", 1.0526315789473684], ["pmg", 1.0], ["high", 1.0], ["mcap", 1.0], ["2020_r3_scotiacap_38855", 1.0], ["medium", 1.0], ["2021 r5", 1.0], ["nesto", 1.0], ["111324-", 1.0], ["bankright", 1.0], ["hl-010", 1.0], ["2834 additionals", 1.0], ["signalr", 1.0], ["lp 1", 1.0], ["querycmb", 1.0], ["redefine", 1.0], ["1st", 1.0], ["20r1", 1.0], ["pr 2", 1.0], ["train", 1.0], ["discrepancy 111324 113332", 1.0], ["2021 r6", 1.0], ["csv", 1.0], ["hsbc", 1.0], ["intergrate", 1.0], ["mapping", 1.0], ["sh_goeasy", 1.0], ["fileimportadditionalassetsandassetborrowers", 1.0], ["fileimportassetsandassetborrowers", 1.0], ["fileimportinexcessasset", 1.0], ["fileimportrecoveriesfile", 1.0], ["fileimportrecoveriesfile_lendcare", 1.0], ["reportdailysummary", 1.0], ["reportgoeasyreinvestmentcondition", 1.0], ["fileexportassetssecuritization", 1.0], ["unencumber", 1.0], ["generic", 1.0], ["med", 1.0], ["postsalemortgageassets", 1.0], ["deployer", 1.0], ["live", 1.0], ["feb", 1.0], ["fulltc", 1.0], ["nullable", 1.0], ["drop", 1.0], ["voe", 1.0], ["voi", 1.0], ["sub-tab", 1.0], ["pr035", 1.0], ["relate", 1.0], ["bank", 1.0], ["pr 2022", 1.0], ["low-medium", 1.0], ["fileimportmcaptrialbalance", 1.0], ["accountsbalance", 1.0], ["fullmortgageassethistory", 1.0], ["bmocm", 1.0], ["cr17", 1.0], ["open", 1.0], ["start", 1.0], ["d_cutoffdate", 1.0], ["factor", 1.0], ["compress", 1.0], ["size", 1.0], ["mmpost_", 1.0], ["mmloan_", 1.0], ["in2824_", 1.0], ["mmdele_", 1.0], ["mmlnup_", 1.0], ["mmretr_", 1.0], ["tbd", 1.0], ["editable", 1.0], ["path", 1.0], ["m_originalface", 1.0], ["eirpoolsale", 1.0], ["spread", 1.0], ["s_name", 1.0], ["i_issuerid", 1.0], ["intermediation", 1.0], ["i_occupancytype", 1.0], ["accounting", 1.0], ["impp2020", 1.0], ["2834 combine", 1.0], ["scotiacap", 1.0], ["rfa", 1.0], ["repurchase", 1.0], ["22r8", 1.0], ["vcurrent", 1.0], ["internalproducttype", 1.0], ["eodloanodrbookassignment", 1.0], ["gentai", 1.0], ["xml", 1.0], ["retrofit", 1.0], ["version 2", 1.0], ["check", 1.0], ["target", 1.0], ["found", 1.0], ["insert", 1.0], ["mortgageassetsdynamicupload", 1.0], ["assetborrowersdynamicupload", 1.0], ["assetextendedpropertiesdynamicupload", 1.0], ["mortgageassetcollateralsdynamicupload", 1.0], ["fileimportmortgageassetsdynamic", 1.0], ["fileimportassetborrowersdynamic", 1.0], ["fileimportmortgageassetextendedpropdynamic", 1.0], ["fileimportmortgageassetcollateraldynamic", 1.0], ["bulkloansearch_", 1.0], ["businesstype", 1.0], ["auckland", 1.0], ["part 2", 1.0], ["root", 1.0], ["version 3", 1.0], ["expect", 1.0], ["eodprocess", 1.0], ["reopen", 1.0], ["uni", 1.0], ["partialownership", 1.0], ["manulife", 1.0], ["shub-419", 1.0], ["export-procedure", 1.0], ["arrears", 1.0], ["nov 18 2022", 1.0], ["nov 2022", 1.0], ["rt254", 1.0], ["loanmovement", 1.0], ["buyouts", 1.0], ["reportviewaccountbalance", 1.0], ["108550", 0], ["2824", 0], ["2834", 0], ["113283", 0], ["2021", 0], ["2022", 0], ["49052", 0], ["113166", 0], ["115507", 0], ["114485 114658", 0], ["296", 0], ["48313", 0], ["114538", 0], ["120389", 0], ["116493", 0], ["39283", 0], ["29618", 0], ["100", 0], ["134367", 0], ["37545", 0], ["38942", 0], ["886", 0], ["981", 0], ["986", 0], ["36213", 0], ["37894", 0], ["20172", 0], ["20181", 0], ["20161", 0], ["20141", 0], ["39428", 0], ["2840", 0], ["115701", 0]]}}}