{"task": "extract_topic_keywords", "client_id": "azure-taosolutions", "status": "Success", "result": {"topic_id": {"0": 42}, "topic_keywords": {"0": [["dev work item", 9.0], ["attach file template", 9.0], ["system setup-system date", 9.0], ["viewer option refresh", 9.0], ["reflect main form", 9.0], ["rmbs settlement engine", 9.0], ["show link associate", 8.692307692307693], ["dirty price show", 8.692307692307693], ["' submit '", 8.6], ["process manual journal", 8.597014925373134], ["engine process manager", 8.597014925373134], ["impp2020 field behave", 8.5], ["formula- > weightedaverage", 8.333333333333332], ["administration job scheduler", 8.147058823529413], ["'' show ''", 8.025641025641026], ["general workflow respect", 8.0], ["form / report", 8.0], ["selection user list", 7.85], ["user execute cf", 7.85], ["user download form", 7.85], ["user print form", 7.85], ["user delete form", 7.85], ["correct process definition", 7.847014925373134], ["process definition drop", 7.847014925373134], ["error message tool-tip", 7.823529411764706], ["section regular form", 7.75], ["process job scheduler", 7.744073748902547], ["active user role", 7.35], ["formula- > order", 7.333333333333333], ["show criterion button", 6.892307692307693], ["'' show", 5.3589743589743595], ["formula- >", 5.333333333333333], ["show field", 5.1923076923076925], ["job scheduler", 5.147058823529412], ["job process", 4.920544337137841], ["process type", 4.597014925373134], ["job definition", 4.5735294117647065], ["view /", 4.5], ["internal report", 4.5], ["regular workflow", 4.5], ["active user", 4.35], ["' select", 4.3], ["criterion section", 4.25], ["editable section", 4.25], ["remove button", 4.2], ["add button", 4.2], ["deal management", 4.0], ["fee matrix", 4.0], ["cp deal", 4.0], ["add add", 4.0], ["cmb cmb", 4.0], ["normal cmb", 4.0], ["holiday set", 4.0], ["loan cfs", 4.0], ["workflow-standard workflow", 4.0], ["extract generate", 4.0], ["2824 extract generate", 4.0], ["hover environment", 4.0], ["formula builder", 4.0], ["alternate workflow", 4.0], ["regression db", 4.0], ["user search", 3.85], ["user navigate", 3.85], ["cmbs record", 3.769230769230769], ["tranche funding", 3.666666666666667], ["click reset", 3.5], ["late version", 3.5], ["essential cmls", 3.333333333333333], ["process", 2.5970149253731343], ["job", 2.323529411764706], ["button", 2.2], ["criterion", 2.0], ["order", 2.0], ["workflow", 2.0], ["user", 1.85], ["error", 1.8235294117647058], ["cmbs", 1.7692307692307692], ["funding", 1.6666666666666667], ["select", 1.5], ["reset", 1.5], ["version", 1.5], ["essential", 1.3333333333333333], ["amount", 1.0], ["fulltc", 1.0], ["verify", 1.0], ["equal", 1.0], ["securehub", 1.0], ["shub-rt", 1.0], ["med", 1.0], ["static", 1.0], ["2020 r1", 1.0], ["finalize", 1.0], ["minimize", 1.0], ["corner", 1.0], ["specific", 1.0], ["enter", 1.0], ["number", 1.0], ["scroll", 1.0], ["current", 1.0], ["original", 1.0], ["filter", 1.0], ["chtprice", 1.0], ["deploy", 1.0], ["000", 0], ["100", 0], ["010", 0], ["001", 0]]}}}