{"task": "extract_topic_keywords", "client_id": "azure-taosolutions", "status": "Success", "result": {"topic_id": {"0": 33}, "topic_keywords": {"0": [["roll back original", 9.0], ["refer detail step", 9.0], ["'' application unlock", 9.0], ["configuration rate card", 9.0], ["verify duplicate entry", 9.0], ["range ' pop", 8.8], ["process job scheduler", 8.666666666666666], ["mqcc loan property", 8.5], ["tooltip message '", 8.3], ["asset viewer >>", 8.285714285714285], ["instrument current period", 8.235294117647058], ["field yield amount", 8.208333333333334], ["number field equal", 8.208333333333334], ["source fee type", 8.166666666666666], ["range ' display", 8.133333333333333], ["difference ' change", 7.8], ["require field ''", 7.708333333333334], ["hillary remittance advice", 7.666666666666667], ["log system date", 7.642857142857142], ["user computer date", 7.388888888888889], ["type ltv field", 7.375], ["view instrument add", 7.068627450980392], ["peakhill test finding", 6.799762093576527], ["pass test finding", 6.799762093576527], ["test finding v2", 6.799762093576526], ["test finding v3", 6.799762093576526], ["prevent login default", 5.828571428571429], ["message '", 5.3], ["report primary test", 5.175830469644903], ["view instrument", 4.735294117647059], ["require field", 4.708333333333334], ["system date", 4.642857142857142], ["pay date", 4.5], ["loan cf", 4.5], ["asset type", 4.4523809523809526], ["display properly", 4.333333333333334], ["remittance process", 4.333333333333333], ["mortgage asset", 4.285714285714286], ["equipment asset", 4.285714285714286], ["instrument general", 4.235294117647059], ["field price", 4.208333333333334], ["field \u2019", 4.208333333333334], ["numerical field", 4.208333333333334], ["system setup", 4.142857142857142], ["deal management", 4.0], ["cp deal", 4.0], ["approval request", 4.0], ["valuation method", 4.0], ["sale status", 4.0], ["remains white", 4.0], ["remain white", 4.0], ["purchase price", 4.0], ["workflow-alternate workflow", 4.0], ["security denomination", 4.0], ["primary test", 3.9536082474226806], ["user account", 3.888888888888889], ["user create", 3.888888888888889], ["109306 test finding", 3.7997620935765264], ["test finding 3", 3.7997620935765264], ["test finding", 3.7997620935765264], ["test finding 1", 3.7997620935765264], ["investor remittance", 3.666666666666667], ["previous remittance", 3.666666666666667], ["precision validation", 3.5454545454545454], ["existent record", 3.5], ["test enhancement", 3.4536082474226806], ["general test", 3.4536082474226806], ["tooltips test", 3.4536082474226806], ["test stabilization", 3.4536082474226806], ["secondary test", 3.4536082474226806], ["warn login", 3.428571428571429], ["add", 2.3333333333333335], ["instrument", 2.235294117647059], ["field", 2.2083333333333335], ["change", 2.0], ["user", 1.8888888888888888], ["remittance", 1.6666666666666667], ["precision 11", 1.5454545454545454], ["precision 19", 1.5454545454545454], ["record", 1.5], ["test", 1.4536082474226804], ["login", 1.4285714285714286], ["default", 1.4], ["report", 1.2222222222222223], ["tab", 1.0], ["scale", 1.0], ["column", 1.0], ["secure", 1.0], ["editable", 1.0], ["edit", 1.0], ["scale 9", 1.0], ["precison 18", 1.0], ["scale 15", 1.0], ["scale 4", 1.0], ["market", 1.0], ["appraisal", 1.0], ["select", 1.0], ["fund", 1.0], ["calculate", 1.0], ["deny", 1.0], ["core", 1.0], ["0000000", 0], ["000000000000000", 0], ["00000", 0], ["999 1000", 0]]}}}