{"task": "extract_topic_keywords", "client_id": "azure-taosolutions", "status": "Success", "result": {"topic_id": {"0": 44}, "topic_keywords": {"0": [["report >> analytics", 9.0], ["copy edit enable", 9.0], ["home additional tab", 9.0], ["assetborrowers click update", 9.0], ["drop-down clear selection", 9.0], ["regulate toggle set", 9.0], ["permission associate role", 8.714285714285715], ["instrument past period", 8.4], ["clone account matrix", 8.333333333333334], ["instrument instrument history", 7.8], ["sort instrument", 4.4], ["user account", 4.133333333333334], ["cca depreciation", 4.0], ["deal duplicate", 4.0], ["delete deal", 4.0], ["asset type", 4.0], ["sort group", 4.0], ["minimum $999", 4.0], ["validate current", 4.0], ["maximum $999", 4.0], ["validate residual", 4.0], ["date submit", 4.0], ["cpta reference", 4.0], ["grid sort", 4.0], ["workflow-alternate workflow", 4.0], ["workflow-standard workflow", 4.0], ["display '", 4.0], ["' miss", 4.0], ["jon confirme", 4.0], ["option gray", 4.0], ["equipment asset", 3.916666666666667], ["sell entity", 3.666666666666667], ["role", 2.7142857142857144], ["instrument", 2.4], ["equipment", 1.9166666666666667], ["user", 1.8], ["entity", 1.6666666666666667], ["low", 1.0], ["configuration", 1.0], ["accounting", 1.0], ["mcap", 1.0], ["api", 1.0], ["mortgage", 1.0], ["error", 1.0], ["status", 1.0], ["file", 1.0], ["column", 1.0], ["select", 1.0], ["999", 0]]}}}