{"task": "extract_topic_keywords", "client_id": "azure-taosolutions", "status": "Success", "result": {"topic_id": {"0": 16}, "topic_keywords": {"0": [["rfr calc difference", 9.0], ["enable toggle work", 9.0], ["bank charge journalize", 9.0], ["configure debit credit", 9.0], ["file export manually", 9.0], ["drop fill proper", 9.0], ["file upload successfully", 9.0], ["exist remittance tpp", 9.0], ["rmbs settlement engine", 9.0], ["check filing status", 8.907407407407408], ["house price index", 8.818181818181818], ["update approval save", 8.75], ["enter save properly", 8.75], ["loan accrual loanaccruals", 8.666666666666666], ["loan investor empty", 8.666666666666666], ["ucc lien filing", 8.613289760348584], ["formula- > filter", 8.608695652173914], ["present future date", 8.6], ["current system date", 8.6], ["actual calendar date", 8.6], ["drop-down fill proper", 8.5], ["view instrument premium", 8.5], ["verify save empty", 8.35], ["debit credit account", 8.333333333333334], ["engine process manager", 8.314285714285715], ["user unable enter", 8.307692307692307], ["journal date configuration", 8.266666666666666], ["'' repo counterparty", 8.23076923076923], ["permissions-ucc lien management", 8.2], ["contact details-business number", 8.09090909090909], ["tooltip message '", 8.014285714285714], ["confirmation append replace", 8.0], ["auto reconciliation tolerance", 8.0], ["job definition scheduler", 8.0], ["nha mbs administration", 8.0], ["process job scheduler", 7.980952380952381], ["user add row", 7.944055944055943], ["user add record", 7.944055944055943], ["save grid file", 7.916666666666666], ["n_authorizedltv field dbo", 7.88], ["create instrument premium", 7.833333333333334], ["process manual journal", 7.78095238095238], ["instrument general premium", 7.75], ["administration job scheduler", 7.666666666666666], ["add formula builder", 7.636363636363637], ["status column header", 7.571428571428571], ["scroll list tag", 7.5], ["zip-verify field mandatory", 7.48], ["'' non-regulate ''", 7.461538461538462], ["reload tab create", 7.333333333333334], ["filter group '", 7.3229813664596275], ["add entry grid", 7.203030303030303], ["filter sort '", 7.141163184641446], ["entity type user", 7.085470085470086], ["verify field mandatory", 7.08], ["'' title custodian", 6.897435897435898], ["sort entity type", 6.595959595959596], ["ucc filing", 5.613289760348584], ["manual journal", 5.466666666666667], ["filter tag", 5.108695652173913], ["drop-down mandatory", 5.1], ["job definition", 5.0], ["formula builder", 5.0], ["price >= 1000", 4.818181818181818], ["instrument general", 4.75], ["ucc filing-debtor", 4.705882352941177], ["journal hold", 4.666666666666666], ["loan property", 4.666666666666666], ["filter group", 4.608695652173913], ["effective date", 4.6], ["creation date", 4.6], ["business date", 4.6], ["deal type", 4.444444444444445], ["event type", 4.444444444444445], ["save error", 4.4071428571428575], ["user role", 4.3076923076923075], ["' column", 4.285714285714286], ["'' logo", 4.230769230769231], ["' change", 4.214285714285714], ["pool management", 4.2], ["column filter", 4.180124223602484], ["browse grid", 4.166666666666666], ["account sort", 4.151515151515151], ["overidden number", 4.090909090909091], ["error entry", 4.057142857142857], ["alphabet numeric", 4.0], ["secure party", 4.0], ["core logic", 4.0], ["window pop", 4.0], ["single criterion", 4.0], ["multiple criterion", 4.0], ["static datum", 4.0], ["asset browser", 4.0], ["mortgage asset", 4.0], ["asset viewer", 4.0], ["equipment asset", 4.0], ["tooltips test", 4.0], ["james zhu", 4.0], ["party pool", 4.0], ["authorize ltv", 4.0], ["report setup", 4.0], ["report administration", 4.0], ["initial iteration", 4.0], ["scroll bar", 4.0], ["error message", 3.9571428571428573], ["calculate field", 3.88], ["field affordabilitylinkedpool", 3.88], ["require field", 3.88], ["score field", 3.88], ["sort opti-pool", 3.8181818181818183], ["collateral type", 3.7301587301587302], ["column sort", 3.3896103896103895], ["add", 2.6363636363636362], ["filter", 2.608695652173913], ["verify", 2.6], ["entity", 2.3333333333333335], ["create", 2.3333333333333335], ["process", 2.3142857142857145], ["user", 2.3076923076923075], ["'' 2816", 2.230769230769231], ["'' 2820", 2.230769230769231], ["grid", 2.1666666666666665], ["scroll", 2.0], ["tolerance", 2.0], ["group", 2.0], ["confirmation", 2.0], ["tab", 2.0], ["administration", 2.0], ["field", 1.88], ["sort", 1.8181818181818181], ["custodian", 1.6666666666666667], ["error", 1.6571428571428573], ["column", 1.5714285714285714], ["change", 1.5], ["collateral", 1.2857142857142858], ["contacts-contact", 1.0], ["asterisk", 1.0], ["debtor", 1.0], ["expand", 1.0], ["past", 1.0], ["fulltc", 1.0], ["tie", 1.0], ["accounting", 1.0], ["sales", 1.0], ["approve", 1.0], ["employer", 1.0], ["exceed 100", 1.0], ["red", 1.0], ["bps", 1.0], ["loanproperty", 1.0], ["month", 1.0], ["byscheduledprincipal", 1.0], ["minvalue", 1.0], ["maxvalue", 1.0], ["byscheduledinterest", 1.0], ["delinquentprincipal", 1.0], ["byrecoveredprincipaladvance", 1.0], ["byrecoveredinterestadvance", 1.0], ["advice 6", 1.0], ["select", 1.0], ["dropdown", 1.0], ["start", 1.0], ["make", 1.0], ["screen", 1.0], ["010", 0], ["001", 0]]}}}