{"task": "extract_topic_keywords", "client_id": "azure-taosolutions", "status": "Success", "result": {"topic_id": {"0": 7}, "topic_keywords": {"0": [["reorder calculation order", 9.0], ["completedly disregard condition", 9.0], ["reportview_calendardates optimal performance", 9.0], ["advance exago setting", 8.84], ["access exago admin", 8.84], ["processor-job scheduler- validate", 8.777777777777779], ["reduce refresh interval", 8.705882352941178], ["remove space site", 8.692307692307693], ["read property undefine", 8.666666666666666], ["engine performance acceptable", 8.64367816091954], ["saml pool test", 8.622549019607842], ["saml instrument test", 8.622549019607842], ["variable config long", 8.6], ["ast db info", 8.6], ["activity summary daily", 8.6], ["scheduler service fail", 8.594202898550725], ["test interruption service", 8.53921568627451], ["transaction cashflow remove", 8.5], ["pivotal prod r7", 8.5], ["field accept decimal", 8.5], ["transaction balance reconciliation", 8.5], ["doc additional party", 8.5], ["compare mhub performance", 8.5], ["sign icon display", 8.476190476190476], ["invalid date import", 8.454545454545455], ["administration- job scheduler", 8.435111989459815], ["refresh notify screen", 8.39553752535497], ["external service main", 8.333333333333334], ["deployment failing mhub_2022_r1_scotiacap_114114", 8.333333333333334], ["ingestion bank file", 8.333333333333334], ["contract asset description", 8.333333333333334], ["enhance screen display", 8.332512315270936], ["error concurrently multiuser", 8.268292682926829], ["rectify formulas-relate error", 8.268292682926829], ["engine process manager", 8.266319670353504], ["saml engine test", 8.266227180527384], ["review accounting implication", 8.25], ["trade record present", 8.222222222222221], ["review report implication", 8.215328467153284], ["nav report fixe", 8.215328467153284], ["refactor correspond object", 8.208333333333334], ["job definition scheduler", 8.204342758690585], ["mouse button click", 8.2], ["scheduler continue execute", 8.18944099378882], ["send notification screen", 8.134099616858238], ["deploy build process", 8.122641509433961], ["rest job execute", 8.102813852813853], ["multiple error message", 8.101626016260163], ["error message throw", 8.101626016260163], ["remove web config", 8.1], ["exago accessible app", 8.09], ["process job scheduler", 8.057753498893778], ["exago report creation", 8.055328467153284], ["exago object mgmt", 8.048333333333334], ["engine array functionality", 8.028293545534925], ["array function engine", 8.028293545534925], ["main site environment", 8.025641025641026], ["validate run job", 8.018686868686869], ["loan extend property", 8.016666666666666], ["job definition run", 8.01013986013986], ["change job definition", 8.005973193473192], ["release note tool", 8.0], ["move workflow trigger", 8.0], ["branch main 22r1", 8.0], ["update seed script", 8.0], ["update settement instruction", 8.0], ["move build tfs1", 8.0], ["multiple instance env", 8.0], ["update analyticsxviewdeals storedproc", 8.0], ["supply day threshold", 8.0], ["delete job process", 7.996883933676387], ["job definition schedule", 7.972884958179076], ["batch save change", 7.9625], ["sourceversion mismatch issue", 7.961538461538462], ["screen open error", 7.957947855340622], ["exago config improvement", 7.9399999999999995], ["pbi-121598-reports-analytics- validate user", 7.931623931623932], ["reports-analytics- validate user", 7.931623931623932], ["schedule enable set", 7.929411764705883], ["saml entity test", 7.922549019607843], ["create store procedure", 7.916666666666667], ["review installer dependency", 7.916666666666667], ["silent installer fail", 7.916666666666667], ["account matrix grid", 7.916666666666666], ["exago job complete", 7.914242424242424], ["job scheduler notification", 7.87955643390426], ["storedproc deal category", 7.866666666666667], ["reasonable amount time", 7.866666666666666], ["empty row display", 7.842857142857142], ["document field calculation", 7.833333333333334], ["' hyperlink detect", 7.833333333333334], ["rest api appsettings", 7.833333333333334], ["sign clr dlls", 7.833333333333334], ["version issue shub_obfuscation_120550", 7.82995951417004], ["check behalf sekhar", 7.828571428571429], ["job successfully complete", 7.824242424242424], ["saml deal test", 7.822549019607844], ["import export zip", 7.818181818181818], ["bai transaction manager", 7.785714285714286], ["export report excel", 7.783510285335103], ["administration job scheduler", 7.7476119894598146], ["verify general ui", 7.745098039215686], ["port respective site", 7.744939271255061], ["tc job run", 7.74090909090909], ["refresh screen navigate", 7.728870858688303], ["system setup-system date", 7.727272727272728], ["scheduler process file", 7.716844407984688], ["exago object category", 7.715], ["error sub-report select", 7.696864111498257], ["main site web", 7.6923076923076925], ["wnzl custom job", 7.674242424242424], ["' ' previous", 7.666666666666667], ["screen refresh error", 7.663830208281798], ["filter creation date", 7.654545454545454], ["investigate dlls obfuscation", 7.642857142857142], ["run exago report", 7.621995133819951], ["exago report run", 7.621995133819951], ["engine process template", 7.6124735165073485], ["user approval permission", 7.608391608391608], ["investigate issue actuals", 7.604395604395604], ["customer ' credential", 7.598039215686275], ["occur building securehub", 7.590909090909091], ["2022rx securehub regression", 7.590909090909091], ["securehub menu refactor", 7.590909090909091], ["version show correct", 7.590643274853801], ["configurable purge function", 7.588235294117647], ["exago report schedule", 7.584740231859167], ["application service field", 7.583333333333334], ["verify warn message", 7.578431372549019], ["exago time issue", 7.568205128205128], ["dynamic investigation feature", 7.5625], ["make input change", 7.5625], ["report template scratch", 7.561482313307131], ["current view list", 7.559523809523808], ["clone engine template", 7.535286552527932], ["successfully run report", 7.531995133819951], ["database archive configuration", 7.530748663101604], ["array engine mhub", 7.528293545534925], ["window user impersonation", 7.487179487179487], ["object reference error", 7.4766260162601625], ["credential impersonation option", 7.464705882352941], ["array formula multiple", 7.450404858299596], ["export report rtf", 7.433510285335103], ["export report csv", 7.433510285335103], ["report report click", 7.430656934306569], ["mortgagehub installer host", 7.416666666666667], ["modify read report", 7.415328467153285], ["modify report read-only", 7.415328467153285], ["clone search template", 7.391608391608392], ["installation failing poc1", 7.371428571428572], ["execute job error", 7.371106535740681], ["report visible user", 7.369174620999438], ["user analytic report", 7.369174620999438], ["report / user", 7.369174620999438], ["database setup dialog", 7.365967365967366], ["port excel change", 7.365131578947368], ["deny change permission", 7.350378787878789], ["pool parameter report", 7.348661800486617], ["move workflow template", 7.346153846153847], ["check advance installer", 7.345238095238096], ["generate financial statement", 7.333333333333334], ["demo deployer dashboard", 7.333333333333334], ["error message show", 7.323848238482385], ["open analytics screen", 7.313586796345417], ["refresh screen create", 7.312204192021636], ["create successfully db", 7.2666666666666675], ["delete report template", 7.2614823133071305], ["create event trigger", 7.25], ["saml analytics test", 7.246480643539467], ["view override history", 7.242857142857142], ["'' end date", 7.222661396574441], ["select run report", 7.21056656239138], ["engine template report", 7.2051604742266715], ["exago object management", 7.191190476190476], ["search account entry", 7.166666666666666], ["column field datum", 7.15], ["select '' credential", 7.128059919620022], ["formula builder flag", 7.126395534290271], ["user upload report", 7.119174620999438], ["trust accrual report", 7.104217356042174], ["clone modify template", 7.091608391608393], ["payment date analytics", 7.0784770784770785], ["analytics select installtion", 7.052503052503052], ["miss entity configuration", 7.035294117647059], ["logo baml report", 7.015328467153284], ["datum verification purge", 6.988235294117647], ["settlement engine delete", 6.980041797283177], ["exago report installer", 6.971995133819951], ["exago report create", 6.971995133819951], ["array configure formula", 6.950404858299596], ["verify empty row", 6.9450980392156865], ["track version install", 6.936602870813397], ["late start ''", 6.934782608695652], ["funding engine delete", 6.899233716475096], ["verify user access", 6.8989441930618405], ["' report template", 6.894815646640465], ["eligible add report", 6.881995133819951], ["report object permission", 6.878207255032073], ["investigate issue error", 6.872688287322433], ["create daily avg", 6.85], ["analytics checkbox present", 6.846153846153846], ["report >> analytics", 6.839260091084908], ["error insert formula", 6.834082156611039], ["export report pdf", 6.833510285335103], ["formula builder screen", 6.816050706704065], ["fix crash issue", 6.804395604395605], ["datum grid edit", 6.800000000000001], ["current version uninstall", 6.785087719298246], ["file save copy", 6.720430107526882], ["report system report", 6.703384207033842], ["delete user role", 6.695951417004049], ["verify delete report", 6.660426506368971], ["exago object sh_wnzl", 6.648333333333333], ["role permission deny", 6.629984051036683], ["verify report display", 6.603283649226114], ["cp deal object", 6.551190476190477], ["synchronize analytics job", 6.548174048174048], ["test devops securehub", 6.5467914438502675], ["analytics permission issue", 6.54001554001554], ["copy formula building", 6.452886247877759], ["settlement- copy formula", 6.452886247877759], ["add package status", 6.416666666666667], ["formula engine add", 6.376134301270418], ["database purge configuration", 6.3689839572192515], ["view formula history", 6.308646616541353], ["add report template", 6.228148979973797], ["settlement engine create", 6.196708463949844], ["verify extract report", 6.160426506368971], ["datum type create", 6.15], ["funding engine create", 6.115900383141763], ["synchronize analytics object", 6.082264957264957], ["verify move report", 5.960426506368971], ["bug unable add", 5.888888888888889], ["analytics report work", 5.839260091084908], ["verify user create", 5.8156108597285066], ["add analytics datum", 5.69059829059829], ["pipeline shub deployment", 5.683333333333334], ["saml dialog", 5.583333333333333], ["edit rename enable", 5.533333333333333], ["job definition", 5.443473193473194], ["job scheduler", 5.435111989459815], ["enable set", 5.4], ["screen refresh", 5.395537525354969], ["verify analytics work", 5.369029663147311], ["exago improvement", 5.34], ["sign clr", 5.333333333333334], ["job process", 5.296883933676387], ["extend property", 5.266666666666667], ["verify create folder", 5.261764705882353], ["job run", 5.240909090909091], ["run job", 5.240909090909091], ["execute successfully", 5.178571428571429], ["loan datum", 5.15], ["engine detect", 5.14367816091954], ["display field", 5.142857142857142], ["job execute", 5.102813852813853], ["error message", 5.1016260162601625], ["check engine", 5.072249589490969], ["exago report", 5.055328467153284], ["bai upload", 5.035714285714286], ["array engine", 5.028293545534925], ["batch process", 5.022641509433962], ["column definition", 5.019230769230769], ["change permission", 5.017045454545455], ["financial statement", 5.0], ["screen accessible", 4.939655172413794], ["config file", 4.933333333333334], ["daily avg", 4.933333333333334], ["validate user", 4.931623931623932], ["field select", 4.928571428571429], ["display time", 4.90952380952381], ["refresh button", 4.905882352941177], ["complete status", 4.9], ["clone template", 4.891608391608392], ["execute date", 4.883116883116883], ["report list", 4.8819951338199505], ["select ''", 4.863354037267081], ["object engine", 4.852011494252874], ["clone entity", 4.845454545454546], ["update service", 4.833333333333334], ["corrupt environment", 4.833333333333334], ["user account", 4.82051282051282], ["formula track", 4.815789473684211], ["rtf csv", 4.8], ["file date", 4.787878787878788], ["bai transaction", 4.785714285714286], ["run report", 4.781995133819951], ["dlls system", 4.772727272727273], ["'' end", 4.768115942028986], ["current deployer", 4.75], ["column field", 4.75], ["excel add-in", 4.75], ["miss configuration", 4.735294117647059], ["additional configuration", 4.735294117647059], ["' datum", 4.733333333333333], ["system date", 4.7272727272727275], ["date time", 4.721212121212121], ["report mismatch", 4.7153284671532845], ["test timeout", 4.705882352941177], ["delete work", 4.7], ["credential ''", 4.6994884910485935], ["mandatory screen", 4.689655172413794], ["job disable", 4.674242424242424], ["report permission", 4.6698739216987395], ["' '", 4.666666666666667], ["event dashboard", 4.666666666666667], ["> category", 4.666666666666666], ["administration document", 4.645833333333334], ["select report", 4.643899895724713], ["engine non-functional", 4.64367816091954], ["engine hang", 4.64367816091954], ["display red", 4.642857142857142], ["export result", 4.618181818181818], ["investigate issue", 4.604395604395604], ["error deployment", 4.6016260162601625], ["cap amount", 4.6], ["db entry", 4.6], ["left db", 4.6], ["scheduler enhancement", 4.594202898550725], ["deployment package", 4.583333333333334], ["notification parameter", 4.5777777777777775], ["configuration document", 4.568627450980392], ["run postinstall", 4.566666666666666], ["run weekend", 4.566666666666666], ["report template", 4.561482313307131], ["main port", 4.552631578947368], ["generate report", 4.548661800486618], ["report '", 4.548661800486618], ["report generate", 4.548661800486618], ["database solution", 4.545454545454545], ["' button", 4.533333333333333], ["report administration", 4.5278284671532845], ["111233 test result", 4.5058823529411764], ["test result", 4.5058823529411764], ["obfuscate dlls", 4.5], ["obfuscate mhub", 4.5], ["gst 10 configure", 4.5], ["update deploy", 4.5], ["amp prod", 4.5], ["main container", 4.5], ["scim appsettings", 4.5], ["dlls obfuscate", 4.5], ["start manually", 4.5], ["23r1 mhub", 4.5], ["accounting matrix", 4.5], ["error show", 4.490514905149052], ["system report", 4.488055739880558], ["report synchronize", 4.4653284671532845], ["clone create", 4.462121212121212], ["array formula", 4.450404858299596], ["verify screen", 4.434753211629479], ["entity parameter", 4.433333333333334], ["report object", 4.423661800486618], ["main installer", 4.416666666666667], ["mortgagehub installer", 4.416666666666667], ["extract report", 4.415328467153285], ["investigate error", 4.411149825783972], ["sekhar korimilli", 4.4], ["row accordion", 4.4], ["calculate datum", 4.4], ["application crash", 4.392857142857142], ["api port", 4.385964912280702], ["array method", 4.384615384615385], ["analytics archive", 4.3739316239316235], ["report user", 4.369174620999438], ["report setup", 4.369174620999438], ["r14 version", 4.368421052631579], ["view report", 4.358185610010427], ["issue trust", 4.350427350427351], ["exist template", 4.346153846153847], ["investigate fix", 4.342857142857143], ["deal management", 4.342857142857143], ["cp deal", 4.342857142857143], ["file left", 4.333333333333334], ["file arrive", 4.333333333333334], ["file exist", 4.333333333333334], ["' journal", 4.333333333333334], ["automation deployment", 4.333333333333334], ["' bydefault", 4.333333333333334], ["scheduler investigation", 4.323369565217391], ["email notification", 4.301587301587302], ["run properly", 4.293939393939394], ["settlement engine", 4.280041797283177], ["version packaging", 4.277511961722488], ["dll system", 4.272727272727273], ["unhandled error", 4.268292682926829], ["formula filter", 4.265789473684211], ["credential encrypt", 4.264705882352941], ["112768 credential encrypt", 4.264705882352941], ["release pipeline", 4.25], ["column dbo", 4.25], ["devops phase 1", 4.25], ["devops phase 2", 4.25], ["devops phase 3", 4.25], ["folder display", 4.242857142857143], ["view history", 4.242857142857143], ["update configuration", 4.235294117647059], ["fd configuration", 4.235294117647059], ["active configuration", 4.235294117647059], ["section present", 4.222222222222222], ["present repo", 4.222222222222222], ["type array", 4.217948717948718], ["report +", 4.2153284671532845], ["report finding", 4.2153284671532845], ["regulatory report", 4.2153284671532845], ["nullable object", 4.208333333333334], ["selection template", 4.2032967032967035], ["weekly option", 4.2], ["funding engine", 4.199233716475096], ["install version", 4.186602870813397], ["error packaging", 4.177383592017739], ["empty installation", 4.171428571428571], ["formula history", 4.16578947368421], ["pbi-121598-reports-analytics-validate user", 4.153846153846153], ["verify datum", 4.145098039215686], ["investigate reason", 4.142857142857142], ["investigate happening", 4.142857142857142], ["issuer view", 4.142857142857142], ["report installer", 4.131995133819951], ["formula builder", 4.126395534290271], ["22r1 analytics", 4.1239316239316235], ["analytics tool", 4.1239316239316235], ["install error", 4.086474501108647], ["analytics permission", 4.0784770784770785], ["121598 analytics permission", 4.0784770784770785], ["120804 analytics permission", 4.0784770784770785], ["verify asset", 4.078431372549019], ["verify '", 4.078431372549019], ["email report", 4.072471324296142], ["arrears formula", 4.065789473684211], ["term formula", 4.065789473684211], ["arrearcount formula", 4.065789473684211], ["totalpropertyvalue formula", 4.065789473684211], ["formula update", 4.065789473684211], ["exist formula", 4.065789473684211], ["analytics ''", 4.058714232627276], ["port number", 4.052631578947368], ["logo report", 4.015328467153284], ["incorrect item", 4.0], ["update jquery", 4.0], ["update bootstrap", 4.0], ["bastien escaich", 4.0], ["chanakyudu ravuri", 4.0], ["jon pocock", 4.0], ["update bootstrap 5", 4.0], ["ariel gonzalez", 4.0], ["qa requirement", 4.0], ["malena bermudez", 4.0], ["net reactor", 4.0], ["james zhu", 4.0], ["support pal 671525", 4.0], ["visual studio", 4.0], ["praveen vijay", 4.0], ["origination entry", 4.0], ["aaron seaton", 4.0], ["satya tumati", 4.0], ["james coyle", 4.0], ["portfolio insurance", 4.0], ["approve request", 4.0], ["reject request", 4.0], ["https binding", 4.0], ["update intallation", 4.0], ["raise alert", 4.0], ["proxy path", 4.0], ["joby james", 4.0], ["dirty indicator", 4.0], ["index rate", 4.0], ["link download", 4.0], ["net framework 4", 4.0], ["reject approve", 4.0], ["execution level", 4.0], ["decommission deploy2", 4.0], ["collision restorestaticdatasearchfields", 4.0], ["drag dropping", 4.0], ["pbi-121598-administrator-user accounts-validate", 4.0], ["comma delimit", 4.0], ["scotia capital", 4.0], ["trademark year 2023", 4.0], ["user role", 3.9959514170040484], ["installation process", 3.994070080862534], ["parameter role", 3.975438596491228], ["analytics window", 3.9572649572649574], ["validate stand", 3.9444444444444446], ["client '", 3.9333333333333336], ["installer update", 3.916666666666667], ["dacpac installer", 3.916666666666667], ["verify user", 3.89894419306184], ["populate report", 3.8819951338199514], ["synchronize analytics", 3.873931623931624], ["selection criterion", 3.857142857142857], ["email address", 3.857142857142857], ["client package", 3.85], ["role assign", 3.8421052631578947], ["analytics report", 3.8392600910849084], ["pal enhancement", 3.833333333333333], ["tc 22r2", 3.833333333333333], ["type string", 3.833333333333333], ["webview2 install", 3.8181818181818183], ["formula revision", 3.8157894736842106], ["report folder", 3.8153284671532846], ["insert source", 3.7857142857142856], ["load error", 3.768292682926829], ["enhancement installer", 3.75], ["format work", 3.75], ["verify update", 3.7450980392156863], ["8 work properly", 3.7272727272727275], ["analytics work", 3.623931623931624], ["analytics home", 3.623931623931624], ["stage folder", 3.6], ["shub rt", 3.6], ["investigation item", 3.5625], ["investigation task", 3.5625], ["investigation prototype", 3.5625], ["step detail", 3.5], ["format properly", 3.4772727272727275], ["port hostname", 3.437246963562753], ["// hostname", 3.3846153846153846], ["update installation", 3.3714285714285714], ["core trunk", 3.2195121951219514], ["trunk core", 3.2195121951219514], ["xml url", 3.111111111111111], ["processaggregateassettransaction sh_wnzl", 3.1], ["low priority", 3.090909090909091], ["core enhancement", 3.0528455284552845], ["enter installation", 2.916883116883117], ["securehub source", 2.8766233766233764], ["exago", 2.84], ["core folder", 2.819512195121951], ["scheduler", 2.760869565217391], ["test", 2.7058823529411766], ["refresh", 2.7058823529411766], ["delete", 2.7], ["site", 2.6923076923076925], ["job", 2.6742424242424243], ["engine", 2.6436781609195403], ["process", 2.6226415094339623], ["run", 2.566666666666667], ["change", 2.5625], ["database", 2.5454545454545454], ["schedule", 2.5294117647058822], ["field", 2.5], ["search", 2.5], ["web", 2.5], ["issue", 2.4615384615384617], ["select", 2.4285714285714284], ["datum", 2.4], ["complete", 2.4], ["navigate", 2.3333333333333335], ["deny", 2.3333333333333335], ["administration", 2.3125], ["error", 2.268292682926829], ["time", 2.2666666666666666], ["credential", 2.264705882352941], ["configuration", 2.235294117647059], ["show", 2.2222222222222223], ["present", 2.2222222222222223], ["report", 2.2153284671532845], ["object", 2.2083333333333335], ["filter", 2.2], ["modify", 2.2], ["user", 2.1538461538461537], ["investigate", 2.142857142857143], ["formula", 2.0657894736842106], ["port", 2.0526315789473686], ["move", 2.0], ["env", 2.0], ["work", 2.0], ["day", 2.0], ["update", 2.0], ["deployer", 2.0], ["entry", 2.0], ["late", 2.0], ["input", 2.0], ["zip", 2.0], ["wnzl", 2.0], ["create", 1.9166666666666667], ["116586 create", 1.9166666666666667], ["installer", 1.9166666666666667], ["packaging", 1.9090909090909092], ["trust", 1.8888888888888888], ["email", 1.8571428571428572], ["selection", 1.8571428571428572], ["role", 1.8421052631578947], ["type", 1.8333333333333333], ["enhancement", 1.8333333333333333], ["install", 1.8181818181818181], ["pdf", 1.8], ["logo", 1.8], ["result", 1.8], ["pipeline", 1.75], ["format", 1.75], ["revision", 1.75], ["verify", 1.7450980392156863], ["properly", 1.7272727272727273], ["add", 1.6666666666666667], ["uninstall", 1.6666666666666667], ["populate", 1.6666666666666667], ["settlement", 1.6363636363636365], ["analytics", 1.623931623931624], ["shub", 1.6], ["folder", 1.6], ["client", 1.6], ["sh_wnzl", 1.6], ["securehub", 1.5909090909090908], ["purge", 1.588235294117647], ["investigation", 1.5625], ["funding", 1.5555555555555556], ["enter", 1.5454545454545454], ["step 04", 1.5], ["load", 1.5], ["processaggregateassettransaction", 1.5], ["edit", 1.4], ["rename", 1.4], ["copy", 1.3870967741935485], ["hostname", 1.3846153846153846], ["installation", 1.3714285714285714], ["22r2", 1.3333333333333333], ["source", 1.2857142857142858], ["bug 110935", 1.2222222222222223], ["bug 112071", 1.2222222222222223], ["bug 113841", 1.2222222222222223], ["bug 113697", 1.2222222222222223], ["bug 115505", 1.2222222222222223], ["core", 1.2195121951219512], ["stand", 1.1666666666666667], ["114426 stand", 1.1666666666666667], ["xml", 1.1111111111111112], ["low", 1.0909090909090908], ["med", 1.0], ["expect", 1.0], ["securehub_automation_branch", 1.0], ["perenna", 1.0], ["rbcct", 1.0], ["2019r1", 1.0], ["high", 1.0], ["tab-exposure", 1.0], ["asgsh-510", 1.0], ["reportunusedcommitmentfee", 1.0], ["replace", 1.0], ["relate", 1.0], ["tdsi", 1.0], ["tempfilepath", 1.0], ["restorestaticdatatemplatereports", 1.0], ["fulltc", 1.0], ["login", 1.0], ["certificate", 1.0], ["hostaname", 1.0], ["html", 1.0], ["undr", 1.0], ["sh_analytics", 1.0], ["generateanalyticsdata", 1.0], ["todo", 1.0], ["content", 1.0], ["medium", 1.0], ["cs49831", 1.0], ["line", 1.0], ["bmo", 1.0], ["wrong", 1.0], ["fir", 1.0], ["null", 1.0], ["land", 1.0], ["green", 1.0], ["similar", 1.0], ["purge-new", 1.0], ["analytics_loanextendedproperty", 1.0], ["loanextendedproperty", 1.0], ["sponsor", 1.0], ["adjustment", 1.0], ["location", 1.0], ["output", 1.0], ["/swagger/index", 1.0], ["analyticsgeneratecpdealextendedpropertiesalldates", 1.0], ["sql", 1.0], ["failure", 1.0], ["applicable", 1.0], ["/scim/token", 1.0], ["duplicate", 1.0], ["skipdb", 1.0], ["linq", 1.0], ["calendardates", 1.0], ["shub_automation_108921", 1.0], ["nlc", 1.0], ["tao_mqcc", 1.0], ["tao", 1.0], ["documentation", 1.0], ["size", 1.0], ["wnzl-", 1.0], ["blank", 1.0], ["sps", 1.0], ["processaggregatemortgageassetbalance", 1.0], ["pbi 105800", 1.0], ["pbi 107544", 1.0], ["pbi 107548", 1.0], ["pbi 108005", 1.0], ["expose", 1.0], ["pbi 108884", 1.0], ["tax", 1.0], ["equal", 1.0], ["pbi 109001", 1.0], ["pbi 109616", 1.0], ["pbi 109864", 1.0], ["pbi 111390", 1.0], ["pbi 111475", 1.0], ["pbi 111860", 1.0], ["pbi 112067", 1.0], ["pbi 112740", 1.0], ["pbi 113501", 1.0], ["pbi 115477", 1.0], ["pbi 115569", 1.0], ["pbi 116023", 1.0], ["pbi 120839", 1.0], ["pbi 120841", 1.0], ["pbi 121340", 1.0], ["pbi 99553", 1.0], ["brand", 1.0], ["lbc", 1.0], ["dec 2022", 1.0], ["accountbalance", 1.0], ["processagreggatemortgageassetbalance", 1.0], ["state", 1.0], ["pr54", 1.0], ["112523", 0], ["112535", 0], ["113170", 0], ["1 1", 0], ["5795", 0]]}}}