{"task": "extract_topic_keywords", "client_id": "azure-taosolutions", "status": "Success", "result": {"topic_id": {"0": 35}, "topic_keywords": {"0": [["pass server validation", 9.0], ["run report loanborrowers", 9.0], ["pool parameter report", 9.0], ["execution date recent", 9.0], ["interest rate swap", 8.833333333333334], ["risk rating dashboard", 8.75], ["'' tds bc", 8.75], ["'' tds mb", 8.75], ["'' tds sk", 8.75], ["'' tds nb", 8.75], ["'' tds nf", 8.75], ["'' tds pei", 8.75], ["'' tds ns", 8.75], ["'' gds bc", 8.75], ["'' gds mb", 8.75], ["'' gds sk", 8.75], ["'' gds nb", 8.75], ["'' gds nf", 8.75], ["'' gds pei", 8.75], ["'' gds ns", 8.75], ["process job scheduler", 8.523809523809524], ["administration job scheduler", 8.523809523809524], ["tooltip message '", 8.523809523809524], ["index rate issuance", 8.5], ["securitization lvr calculation", 8.333333333333334], ["external datum management", 8.2], ["clear exchange rate", 8.166666666666668], ["run mqcc job", 8.023809523809524], ["file insert table", 8.0], ["daily corra rate", 8.0], ["' mortgage '", 7.880952380952381], ["/ detail /", 7.324675324675324], ["click refresh element", 7.0], ["search result view", 6.900452488687783], ["corra index file", 6.833333333333333], ["'' tds", 5.75], ["'' gds", 5.75], ["verify user create", 5.474074074074075], ["mqcc dashboard", 5.25], ["exchange rate", 5.166666666666667], ["role '", 4.857142857142858], ["corra index", 4.833333333333333], ["/ detail", 4.753246753246753], ["tooltip test", 4.666666666666666], ["/ adddetails", 4.571428571428571], ["job definition", 4.523809523809524], ["securitization file", 4.333333333333334], ["datum source", 4.2], ["step detail", 4.181818181818182], ["mortgage asset", 4.166666666666666], ["asset class", 4.0], ["asset type", 4.0], ["equipment asset", 4.0], ["originaladvanced formula", 4.0], ["originalbalance formula", 4.0], ["committedamount formula", 4.0], ["max_term formula", 4.0], ["remainingterm formula", 4.0], ["max_remainingterm formula", 4.0], ["originalamortization formula", 4.0], ["min_originalamortization formula", 4.0], ["max_originalamortization formula", 4.0], ["remainingamortization formula", 4.0], ["min_remainingamortization formula", 4.0], ["max_remainingamortization formula", 4.0], ["max_arrearcount formula", 4.0], ["currency cad", 4.0], ["exist role", 4.0], ["enter great 9", 4.0], ["closing tab", 4.0], ["tooltips test", 4.0], ["require show", 4.0], ["mortgagehub source", 4.0], ["check require", 4.0], ["exist dbo", 4.0], ["file upload", 4.0], ["securitizatrion file", 4.0], ["base formula", 4.0], ["click alert", 4.0], ["search result", 3.900452488687783], ["instrument general", 3.666666666666667], ["loan cfs", 3.666666666666667], ["require field", 3.625], ["field empty", 3.625], ["remove button", 3.5], ["loan select", 3.166666666666667], ["default size", 3.090909090909091], ["datum", 2.2], ["corra", 2.1666666666666665], ["click", 2.0], ["element", 2.0], ["file", 2.0], ["search", 1.8235294117647058], ["instrument", 1.6666666666666667], ["loan", 1.6666666666666667], ["field", 1.625], ["remove", 1.5], ["select", 1.5], ["create", 1.4], ["default", 1.0909090909090908], ["verify", 1.0740740740740742], ["dropdown", 1.0], ["validate", 1.0], ["api", 1.0], ["exchangerates", 1.0], ["rateid", 1.0], ["invalid", 1.0], ["detailid", 1.0], ["reserve", 1.0], ["free", 1.0], ["change", 1.0], ["confirmation", 1.0], ["non-positive", 1.0], ["negative", 1.0], ["funding", 1.0], ["corra_compounded_index", 1.0], ["indexrates", 1.0], ["intrument", 1.0], ["version", 1.0], ["999999", 0], ["999", 0]]}}}