{"task": "extract_topic_keywords", "client_id": "azure-taosolutions", "status": "Success", "result": {"topic_id": {"0": 24}, "topic_keywords": {"0": [["unable send esignautres", 9.0], ["post event column", 9.0], ["approve reject approver", 9.0], ["table change time", 9.0], ["change require script", 9.0], ["formula- > rmbsprogramloans", 9.0], ["nha mbs administration", 9.0], ["'' repo counterparty", 9.0], ["fiter call bycollateralsmanufacturer", 9.0], ["rmbs settlement engine", 8.928571428571429], ["schedule payment tab", 8.428571428571429], ["trust warehouse trust", 8.333333333333332], ["editable update user", 8.319683908045977], ["' accounting standard", 8.181818181818182], ["display accounting entry", 8.181818181818182], ["additional information tab", 8.095238095238095], ["field flag favourite", 8.095238095238095], ["engine process manager", 8.018181818181818], ["loan dynamic upload", 7.8], ["multiple document send", 7.5], ["update account matrix", 7.460526315789474], ["accounting cashflows matrix", 7.431818181818182], ["flag search setup", 7.4], ["event notification e-signature", 7.285714285714286], ["total net proceeds", 6.75], ["user edit field", 6.574404761904761], ["verify portfolio put", 6.5], ["delete account matrix", 6.460526315789474], ["verify cp program", 6.166666666666666], ["rmbs program", 5.428571428571429], ["editable anymore", 4.9655172413793105], ["additional field", 4.761904761904762], ["trust template", 4.666666666666666], ["net proceeds", 4.5], ["account matrix", 4.460526315789474], ["accounting matrix", 4.431818181818182], ["general tab", 4.428571428571429], ["collateral tab", 4.428571428571429], ["ownership tab", 4.428571428571429], ["borrower tab", 4.428571428571429], ["grand total", 4.25], ["delete account", 4.210526315789474], ["entity accounting", 4.181818181818182], ["edit asset", 4.125], ["cp deal", 4.119047619047619], ["click field", 4.095238095238095], ["customer transactions-", 4.0], ["asset viewer", 4.0], ["mortgage asset", 4.0], ["equipment asset", 4.0], ["asset browser", 4.0], ["select dbname", 4.0], ["asset type", 4.0], ["detail description", 4.0], ["shub rt", 4.0], ["index rate", 4.0], ["workflow-alternate workflow", 4.0], ["pool management", 4.0], ["formula builder", 4.0], ["intermediation configuration", 4.0], ["bulk sale", 4.0], ["formula option", 4.0], ["country select", 4.0], ["james zhu", 4.0], ["package sign", 4.0], ["portfolio definition", 4.0], ["deal management", 3.9523809523809526], ["cancel deal", 3.9523809523809526], ["deal booking", 3.9523809523809526], ["instrument general", 3.888888888888889], ["validate user", 3.6875], ["step detail", 3.571428571428571], ["function parameter", 3.5], ["verify package", 3.5], ["user", 2.3541666666666665], ["accounting", 2.1818181818181817], ["field", 2.0952380952380953], ["process", 2.018181818181818], ["delete", 2.0], ["portfolio", 2.0], ["deal", 1.9523809523809523], ["instrument", 1.8888888888888888], ["upload", 1.8], ["step", 1.5714285714285714], ["document", 1.5], ["function", 1.5], ["verify", 1.5], ["search", 1.4], ["validate", 1.3333333333333333], ["e-signature", 1.2857142857142858], ["core", 1.0], ["med", 1.0], ["low", 1.0], ["automate", 1.0], ["add", 1.0], ["scotia-request", 1.0], ["esignature", 1.0], ["save", 1.0], ["create", 1.0], ["fulltc", 1.0], ["abcp", 1.0], ["api", 1.0], ["dbo", 1.0], ["postingevents", 1.0], ["criterion", 1.0], ["yieldcurves", 1.0], ["sps", 1.0], ["finalize", 1.0], ["error", 1.0], ["high", 1.0], ["tdsi", 1.0], ["bug 61397", 1.0], ["bug 134632", 1.0], ["pbi 110456", 1.0], ["file", 1.0], ["000", 0], ["100", 0]]}}}