{"task": "extract_topic_keywords", "client_id": "azure-taosolutions", "status": "Success", "result": {"topic_id": {"0": 30}, "topic_keywords": {"0": [["house price index", 9.0], ["/ deny sub-permission", 9.0], ["' submit '", 9.0], ["switch toggle '", 9.0], ["workflow-task overview-file tile", 9.0], ["datum pool freeze", 9.0], ["description editable time", 9.0], ["settlement-formula builder-view history", 9.0], ["deny enable disable", 9.0], ["engine process manager", 8.75], ["settlement-formula builder- add", 8.4], ["' mandatory field", 8.333333333333334], ["file export definition", 8.195804195804197], ["rate type variable", 8.125], ["cp deal entry", 8.0], ["rmbs program user", 7.923076923076923], ["user prompt message", 7.923076923076923], ["successfully add definition", 7.672727272727274], ["pend approval screen", 7.533333333333333], ["close current tab", 7.5], ["instrument general spread", 7.333333333333333], ["report role screen", 7.296296296296296], ["submission manual journal", 7.25], ["user request change", 6.923076923076923], ["navigate exist record", 6.733333333333334], ["entity type entity", 5.177631578947368], ["funding process", 4.75], ["pend approval", 4.533333333333333], ["close mhub", 4.5], ["04 entity file", 4.449392712550607], ["click add", 4.4], ["additional field", 4.333333333333334], ["cmhc exist", 4.333333333333334], ["instrument general", 4.333333333333333], ["manual journal", 4.25], ["report administration", 4.222222222222222], ["report permission", 4.222222222222222], ["product type", 4.125], ["asset type", 4.125], ["permission role", 4.074074074074074], ["update role", 4.074074074074074], ["james zhu", 4.0], ["search result", 4.0], ["adjust entry", 4.0], ["wire fee", 4.0], ["bank charge", 4.0], ["equipment asset", 4.0], ["search template", 4.0], ["cmhc number", 4.0], ["settlement date", 4.0], ["workflow-alternate workflow", 4.0], ["double click", 4.0], ["status blank", 4.0], ["delete formula", 4.0], ["test case 107394", 4.0], ["test case 107409", 4.0], ["user role", 3.997150997150997], ["user select", 3.9230769230769234], ["list make", 3.666666666666667], ["04 entity note", 3.526315789473684], ["issuer date", 3.5], ["definition", 2.272727272727273], ["type", 2.125], ["113293 change", 2.0], ["tab", 2.0], ["entry", 2.0], ["change", 2.0], ["user", 1.9230769230769231], ["list", 1.6666666666666667], ["entity", 1.5263157894736843], ["issuer", 1.5], ["record", 1.4], ["tdsi", 1.0], ["asgsh 496", 1.0], ["create", 1.0], ["amount", 1.0], ["effectivedate", 1.0], ["____", 1.0], ["save", 1.0], ["reconciliation", 1.0], ["default", 1.0], ["fulltcs", 1.0], ["entitydata", 1.0], ["shub", 1.0], ["medium", 1.0], ["black", 1.0], ["green", 1.0], ["exceed 100", 1.0], ["2812 finalize", 1.0], ["2812 require", 1.0], ["summary", 1.0], ["modify", 1.0], ["detail", 1.0], ["enter", 1.0], ["ast", 1.0], ["wnzl", 1.0], ["corporatenoprimary", 1.0], ["validate", 1.0], ["shub-447", 1.0]]}}}