{"task": "extract_topic_keywords", "client_id": "azure-taosolutions", "status": "Success", "result": {"topic_id": {"0": 34}, "topic_keywords": {"0": [["settlement summary-validate grouping", 9.0], ["upload uncheck integration", 9.0], ["delete exist rfr", 9.0], ["process job scheduler", 9.0], ["engine process manager", 9.0], ["administration job scheduler", 9.0], ["job definition scheduler", 9.0], ["search box filter", 9.0], ["cpi region table", 9.0], ["enter cpi region", 8.75], ["verify prepayment privilege", 8.714285714285715], ["dirty ' ''", 8.307692307692307], ["deal settlement finalization", 8.222222222222221], ["collateral price index", 8.166666666666666], ["schedule enable set", 8.0], ["field completely visible", 8.0], ["error show user", 7.8], ["enter day month", 7.75], ["pool warehouse deal", 7.722222222222222], ["select calendar day", 7.5], ["select fee add", 5.930555555555555], ["enter country", 4.75], ["pool deal", 4.722222222222222], ["fee select", 4.375], ["mandate '", 4.3076923076923075], ["trust '", 4.3076923076923075], ["' copy", 4.3076923076923075], ["collateral management", 4.166666666666666], ["dropdown '", 4.107692307692307], ["gap analysis", 4.0], ["business day", 4.0], ["product type", 4.0], ["system setup", 4.0], ["chanakyudu ravuri", 4.0], ["mandatory select", 4.0], ["remittance tab", 4.0], ["investor remittance", 4.0], ["setup display", 4.0], ["navigate view", 4.0], ["total graph", 4.0], ["entity remittance", 4.0], ["ctc pl", 4.0], ["ctc wl", 4.0], ["james zhu", 4.0], ["string max", 4.0], ["50 character long", 4.0], ["producttypeid guaranteedamount", 4.0], ["activities-send email", 4.0], ["fee tab", 3.875], ["service fee", 3.875], ["add deal", 3.7777777777777777], ["button click", 3.666666666666667], ["button disable", 3.666666666666667], ["workflow template", 3.6470588235294117], ["workflow-standard workflow", 3.6470588235294117], ["verify", 2.7142857142857144], ["deal", 2.2222222222222223], ["collateral", 2.1666666666666665], ["day", 2.0], ["enable", 2.0], ["field", 2.0], ["fee", 1.875], ["user", 1.8], ["dropdown", 1.8], ["button", 1.6666666666666667], ["workflow", 1.6470588235294117], ["add", 1.5555555555555556], ["mandatory", 1.5], ["result", 1.0], ["fulltc", 1.0], ["weekly", 1.0], ["yearly", 1.0], ["monthly", 1.0], ["great 100", 1.0], ["date", 1.0], ["save", 1.0], ["corner", 1.0], ["collateralpriceindexdetails", 1.0], ["core", 1.0], ["low", 1.0], ["00110", 0], ["0 100", 0]]}}}