{"task": "extract_topic_keywords", "client_id": "azure-taosolutions", "status": "Success", "result": {"topic_id": {"0": 60}, "topic_keywords": {"0": [["external journal source", 9.0], ["generation set manual", 9.0], ["nha mbs administration", 9.0], ["change pool secure", 8.38888888888889], ["change pool mature", 8.38888888888889], ["existent delete pool", 8.38888888888889], ["run pool remittance", 8.38888888888889], ["file export definition", 8.375], ["pattern file extension", 8.375], ["file compression option", 8.375], ["process manual journal", 8.333333333333334], ["cmb administration list", 8.333333333333334], ["change cmb save", 8.333333333333334], ["user enter totally", 7.75], ["engine process manager", 7.666666666666667], ["logic tx type", 7.357142857142858], ["user enter pool", 7.138888888888889], ["process impp2020 accrual", 7.0], ["enter pool", 5.138888888888889], ["cmb cmb", 4.666666666666667], ["impp2020 accrual", 4.666666666666667], ["logic description", 4.5], ["pool management", 4.388888888888889], ["field file", 4.375], ["process type", 4.190476190476191], ["deal management", 4.0], ["cp deal", 4.0], ["ownership field", 4.0], ["input form", 4.0], ["chttypes field", 4.0], ["purchaser drop-down", 4.0], ["error throw", 4.0], ["report template", 3.8], ["exist template", 3.8], ["pool", 2.388888888888889], ["file", 2.375], ["engine", 2.3333333333333335], ["process", 2.3333333333333335], ["user", 2.0], ["type", 1.8571428571428572], ["template", 1.8], ["copy", 1.0], ["append", 1.0], ["replace", 1.0], ["add", 1.0], ["pbi", 1.0], ["static", 1.0], ["cmbs", 1.0], ["sourcetype", 1.0], ["zip", 1.0], ["box", 1.0], ["screen", 1.0], ["loanborrowers", 1.0], ["i_qualifyingcreditscore", 1.0], ["i_creditscore", 1.0], ["settlement", 1.0], ["grid", 1.0], ["column", 1.0], ["modify", 1.0], ["funding", 1.0]]}}}