{"task": "extract_topic_keywords", "client_id": "azure-taosolutions", "status": "Success", "result": {"topic_id": {"0": 58}, "topic_keywords": {"0": [["nha mbs administration", 9.0], ["validate column d_accrueddate", 9.0], ["file export definition", 8.818181818181818], ["settlement engine process", 8.666666666666666], ["engine process manager", 8.666666666666666], ["' discard modification", 8.6], ["view instrument spread", 8.5], ["create instrument spread", 8.5], ["field path +", 8.5], ["end preprocess stage", 8.4], ["execute preprocess stage", 8.4], ["existent sss pool", 8.4], ["resolve secure ''", 8.25], ["calculate secure pool", 8.15], ["click ' '", 7.699999999999999], ["user create file", 7.246753246753247], ["user zoom /", 6.261904761904762], ["resolve secure", 5.25], ["click '", 5.1], ["instrument general", 4.5], ["/ open", 4.5], ["+ extension", 4.5], ["preprocess finalize", 4.4], ["pool management", 4.4], ["party pool", 4.4], ["zoom option", 4.333333333333334], ["tooltip file", 4.318181818181818], ["' change", 4.2], ["individual suite", 4.0], ["general ui", 4.0], ["feedback display", 4.0], ["deal management", 4.0], ["cp deal", 4.0], ["asset viewer", 4.0], ["asset type", 4.0], ["update date", 4.0], ["mockup reference", 4.0], ["screen accessible", 4.0], ["form finalize", 4.0], ["exceed 50 character", 4.0], ["positive negative", 4.0], ["loan accrual", 4.0], ["table dbo", 4.0], ["step detail", 4.0], ["ui test", 4.0], ["mortgage asset", 3.8], ["user zoom", 3.761904761904762], ["equipment asset", 3.75], ["ui change", 3.6], ["user import", 3.428571428571429], ["error highlight", 3.333333333333333], ["process", 2.6666666666666665], ["preprocess", 2.4], ["mortgage", 1.8], ["equipment", 1.75], ["change", 1.6], ["tooltip", 1.5], ["user", 1.4285714285714286], ["error", 1.3333333333333333], ["22r1", 1.0], ["feel", 1.0], ["placeholder", 1.0], ["enable", 1.0], ["securehub", 1.0], ["cancel", 1.0], ["edit", 1.0], ["percentage", 1.0], ["fee", 1.0], ["= 0", 1.0], ["show", 1.0], ["loanaccruedinteresthistory", 1.0]]}}}