{"task": "extract_topic_keywords", "client_id": "azure-taosolutions", "status": "Success", "result": {"topic_id": {"0": 6}, "topic_keywords": {"0": [["audit trace browser", 9.0], ["drop-down credit rating", 9.0], ["tier ytd threshold", 9.0], ["day difference toggle", 9.0], ["pledge external entity", 9.0], ["nha mbs construction", 9.0], ["yield curve empty", 9.0], ["rmbs settlement engine", 8.8], ["post date rule", 8.791666666666666], ["high date indexratedetails", 8.791666666666666], ["static data-index rate", 8.555555555555555], ["remittance cutoff date", 8.505952380952381], ["dispose thread create", 8.483870967741936], ["current remittance tab", 8.464285714285715], ["alphabet number field", 8.454545454545455], ["run report loanstore", 8.454545454545455], ["run report loantxstore", 8.454545454545455], ["id query param", 8.416666666666666], ["json request body", 8.4], ["throw '' transactionscope", 8.4], ["load engine template", 8.333333333333334], ["nha mbs administration", 8.333333333333334], ["nha mba administration", 8.333333333333334], ["instrument >> cashflow", 8.333333333333334], ["engine process manager", 8.285714285714285], ["remittance month project", 8.214285714285715], ["loan number found", 8.2], ["loan cash flow", 8.2], ["delete yield curve", 8.173913043478262], ["cross reference button", 8.130434782608695], ["program setup screen", 8.125], ["assetborrowers click update", 8.097744360902256], ["journal date configuration", 8.097222222222221], ["add list current", 8.057692307692307], ["asset viewer >>", 8.037037037037038], ["status = current", 8.035714285714285], ["prerequisite properly word", 8.0], ["edit matrix create", 7.983870967741936], ["special funding invoice", 7.916666666666666], ["original reserve id", 7.916666666666666], ["approval gl entry", 7.866666666666666], ["administration job scheduler", 7.833333333333334], ["process job scheduler", 7.785714285714286], ["crossreference click icon", 7.7406015037593985], ["party pool issuer", 7.716949152542373], ["term numeric field", 7.704545454545455], ["loan select list", 7.7], ["user close screen", 7.69047619047619], ["change make screen", 7.666666666666666], ["delete create range", 7.657784011220196], ["column datum grid", 7.6410256410256405], ["batch execute search", 7.636363636363637], ["report delete resynchronize", 7.628458498023715], ["row ' add", 7.583554376657825], ["double click criterion", 7.5739348370927315], ["validate province mandatory", 7.5606060606060606], ["successfully enter save", 7.545454545454545], ["enter successfully save", 7.545454545454545], ["manual journal template", 7.472222222222223], ["process manual journal", 7.424603174603174], ["collateral loan long", 7.4], ["select fee remove", 7.388888888888889], ["non-associate crossreference delete", 7.388198757763975], ["password target reset", 7.366666666666667], ["administration company setup", 7.291666666666668], ["country select dropdown", 7.25], ["party pool create", 7.200820120284309], ["string field create", 7.188416422287391], ["error message prompt", 7.166666666666666], ["date time type", 7.165], ["instrument general add", 7.141025641025641], ["criterion search field", 7.138528138528139], ["create instrument add", 7.1248966087675765], ["post / holidaycalendar", 7.071877807726864], ["'' report delete", 7.028458498023715], ["user refresh screen", 7.023809523809524], ["datum crossreference create", 7.005848989719958], ["/ holiday /", 6.992616899097621], ["mail setup user", 6.982142857142858], ["validate country mandatory", 6.977272727272727], ["multiple search set", 6.96969696969697], ["error tooltip show", 6.966666666666667], ["user details-reset password", 6.890476190476191], ["mandatory fee select", 6.888888888888889], ["user create add", 6.815372799243767], ["loan reserve pool", 6.716949152542373], ["refresh button enable", 6.713768115942029], ["string field address", 6.704545454545455], ["update accounting book", 6.671428571428572], ["return error message", 6.666666666666666], ["warn message show", 6.633333333333333], ["error message show", 6.633333333333333], ["criterion ' '", 6.599343185550083], ["/ holidaycalendar /", 6.524707996406109], ["verify reset password", 6.283333333333333], ["verify delete button", 6.221014492753623], ["duplicate accounting book", 6.1], ["default criterion show", 6.014285714285714], ["holidaycalendar id invalid", 5.813492063492063], ["settlement date", 5.591666666666667], ["remittance month 0", 5.214285714285714], ["field validate", 5.181818181818182], ["manual journal", 5.138888888888889], ["approval request", 5.066666666666666], ["status current", 5.035714285714286], ["create save", 5.029325513196481], ["mail setup", 4.958333333333334], ["field mandatory", 4.954545454545455], ["reserve id", 4.916666666666666], ["request return 204", 4.9], ["update add", 4.8791208791208796], ["static datum", 4.863247863247863], ["click add", 4.834008097165992], ["instrument general", 4.833333333333334], ["' click", 4.802177858439201], ["issue date", 4.791666666666666], ["field grid", 4.787878787878788], ["report administration", 4.787878787878788], ["search button", 4.766798418972332], ["validate user", 4.75108225108225], ["party pool", 4.716949152542373], ["field enable", 4.704545454545455], ["status ''", 4.685714285714285], ["table screen", 4.666666666666666], ["funding definition", 4.666666666666666], ["search result", 4.636363636363637], ["user update", 4.595238095238095], ["save pool", 4.562403697996919], ["matrix type", 4.54], ["reserve type", 4.54], ["/ holiday", 4.539786710418376], ["user select", 4.523809523809524], ["datum crossreference", 4.521978021978022], ["user create", 4.50768049155146], ["job definition", 4.5], ["create deal", 4.483870967741936], ["batch setup", 4.458333333333334], ["description field", 4.454545454545455], ["'' pool 100", 4.416949152542372], ["searchset id", 4.416666666666666], ["multiple criterion", 4.380952380952381], ["delete entry", 4.373913043478261], ["reset password", 4.366666666666667], ["crossreference button", 4.344720496894411], ["cancellation template", 4.333333333333334], ["user add", 4.331501831501831], ["export datum", 4.3076923076923075], ["journaldateconfiguration add", 4.3076923076923075], ["' pool", 4.29281122150789], ["maturity date", 4.291666666666666], ["string type", 4.29], ["popup '", 4.275862068965518], ["monthly invoice", 4.25], ["invoice approve", 4.25], ["string length", 4.25], ["maximum term", 4.25], ["import enable", 4.25], ["statistic enable", 4.25], ["remain term", 4.25], ["collateral history", 4.2], ["loan cfs", 4.2], ["modification entry", 4.2], ["id invalid", 4.194444444444445], ["verify '", 4.192528735632184], ["attachment delete", 4.173913043478261], ["delete index", 4.173913043478261], ["index delete", 4.173913043478261], ["error message", 4.166666666666666], ["return mortgage", 4.136363636363637], ["accounting book", 4.1], ["/ open", 4.077830188679245], ["asset type", 4.077037037037037], ["/ holidaycalendar", 4.071877807726864], ["system setup", 4.058333333333334], ["system report", 4.054545454545455], ["single criterion", 4.0476190476190474], ["insurance type", 4.04], ["integer type", 4.04], ["boolean type", 4.04], ["money type", 4.04], ["percent type", 4.04], ["asset history", 4.037037037037037], ["user account", 4.023809523809524], ["user accounts-user", 4.023809523809524], ["user selection", 4.023809523809524], ["pool secure", 4.016949152542373], ["secure pool", 4.016949152542373], ["replica pool", 4.016949152542373], ["pool management", 4.016949152542373], ["pool sales", 4.016949152542373], ["corra pool", 4.016949152542373], ["customer transaction", 4.0], ["customer transactions-", 4.0], ["test opti-pool", 4.0], ["step detail", 4.0], ["deal management", 4.0], ["cp deal", 4.0], ["rfr module", 4.0], ["history retention", 4.0], ["max length 50", 4.0], ["borrower history", 4.0], ["maximum $999", 4.0], ["minimum $999", 4.0], ["shub rt", 4.0], ["contact exist", 4.0], ["validation maxmium", 4.0], ["poolloans table 0", 4.0], ["fixe float", 4.0], ["proceed re-couponing", 4.0], ["monthly factor", 4.0], ["security balance", 4.0], ["prepayment provision", 4.0], ["approve reject", 4.0], ["formula builder", 4.0], ["rbc op", 4.0], ["table dbo", 4.0], ["sample attach", 4.0], ["await integration", 4.0], ["james zhu", 4.0], ["business calendar", 4.0], ["show client", 3.966666666666667], ["' action", 3.942528735632184], ["password match", 3.8666666666666667], ["equipment asset", 3.8265107212475638], ["reverse '", 3.7758620689655173], ["combination criterion", 3.7142857142857144], ["decimal type", 3.706666666666667], ["loan <= 0", 3.7], ["mortgage asset", 3.673400673400674], ["server host", 3.666666666666667], ["legal action", 3.666666666666667], ["open batch", 3.625], ["re-coupon tpps", 3.6], ["payer instruction", 3.5], ["formula- >", 3.5], ["extract button", 3.4637681159420293], ["default null", 2.833333333333333], ["configuration", 2.6666666666666665], ["click", 2.526315789473684], ["select", 2.5], ["company", 2.5], ["mandatory", 2.5], ["create", 2.4838709677419355], ["show", 2.466666666666667], ["report", 2.4545454545454546], ["field", 2.4545454545454546], ["template", 2.3333333333333335], ["province", 2.3333333333333335], ["time", 2.3333333333333335], ["refresh", 2.3333333333333335], ["administration", 2.3333333333333335], ["instrument", 2.3333333333333335], ["add", 2.3076923076923075], ["process", 2.2857142857142856], ["crossreference", 2.2142857142857144], ["entry", 2.2], ["loan", 2.2], ["delete", 2.1739130434782608], ["button", 2.130434782608696], ["holiday", 2.0869565217391304], ["criterion", 2.0476190476190474], ["user", 2.0238095238095237], ["pool", 2.016949152542373], ["enter", 2.0], ["prerequisite", 2.0], ["address 1", 2.0], ["batch", 2.0], ["change", 2.0], ["set", 2.0], ["duplicate", 2.0], ["verify", 1.9166666666666667], ["fee", 1.8888888888888888], ["password", 1.8666666666666667], ["equipment", 1.7894736842105263], ["invalid", 1.7777777777777777], ["country", 1.75], ["combination", 1.6666666666666667], ["decimal", 1.6666666666666667], ["action", 1.6666666666666667], ["host", 1.6666666666666667], ["mortgage", 1.6363636363636365], ["open", 1.625], ["holidaycalendar", 1.619047619047619], ["system", 1.6], ["re-coupon", 1.6], ["accounting", 1.6], ["default", 1.5], ["payer", 1.5], ["<= 2560", 1.5], ["> 2560", 1.5], ["client", 1.5], ["maturity", 1.5], ["error", 1.5], ["warn", 1.5], ["reverse", 1.5], ["extract", 1.3333333333333333], ["null", 1.3333333333333333], ["low", 1.0], ["core 881", 1.0], ["asterisk", 1.0], ["amount", 1.0], ["role", 1.0], ["fulltc", 1.0], ["securehub", 1.0], ["require", 1.0], ["scale", 1.0], ["api", 1.0], ["med", 1.0], ["core", 1.0], ["email", 1.0], ["city", 1.0], ["format", 1.0], ["great", 1.0], ["confirmation", 1.0], ["financial", 1.0], ["poolid", 1.0], ["blank", 1.0], ["addendum", 1.0], ["limit", 1.0], ["tpp", 1.0], ["purge", 1.0], ["database", 1.0], ["form", 1.0], ["d_rateeffectivedate", 1.0], ["apiv2", 1.0], ["pagesize", 1.0], ["content", 1.0], ["holidayid", 1.0], ["tbd", 1.0], ["00110", 0], ["999", 0], ["255", 0], ["9999", 0]]}}}